ISO-10303-21;
HEADER;
FILE_DESCRIPTION (( 'STEP AP214' ),
    '1' );
FILE_NAME ('SOD-123_L2.7-W1.6-LS3.7-RD-2.STEP',
    '2021-09-06T01:27:10',
    ( 'PC' ),
    ( 'Microsoft' ),
    'SwSTEP 2.0',
    'SolidWorks 2018',
    '' );
FILE_SCHEMA (( 'AUTOMOTIVE_DESIGN' ));
ENDSEC;

DATA;
#1 = FACE_OUTER_BOUND ( 'NONE', #4252, .T. ) ;
#2 = CARTESIAN_POINT ( 'NONE',  ( -1.032390010713868378, 0.2750000000000000222, 0.1499999999999999944 ) ) ;
#3 = ORIENTED_EDGE ( 'NONE', *, *, #6425, .T. ) ;
#4 = FILL_AREA_STYLE_COLOUR ( '', #3054 ) ;
#5 =( NAMED_UNIT ( * ) SI_UNIT ( $, .STERADIAN. ) SOLID_ANGLE_UNIT ( ) );
#6 = ORIENTED_EDGE ( 'NONE', *, *, #2694, .F. ) ;
#7 = LINE ( 'NONE', #5559, #7021 ) ;
#8 = ORIENTED_EDGE ( 'NONE', *, *, #263, .T. ) ;
#9 = CARTESIAN_POINT ( 'NONE',  ( -1.588985775486360774, 0.2750000000000000222, 0.003944918839624813635 ) ) ;
#10 = FILL_AREA_STYLE ('',( #1697 ) ) ;
#11 = COLOUR_RGB ( '',1.000000000000000000, 1.000000000000000000, 1.000000000000000000 ) ;
#12 = CARTESIAN_POINT ( 'NONE',  ( -0.8324871361935458625, -0.7276980124117915505, 0.5989999999999999769 ) ) ;
#13 = ADVANCED_FACE ( 'NONE', ( #4084 ), #4440, .F. ) ;
#14 = MECHANICAL_DESIGN_GEOMETRIC_PRESENTATION_REPRESENTATION (  '', ( #1875 ), #2383 ) ;
#15 = ORIENTED_EDGE ( 'NONE', *, *, #1985, .F. ) ;
#16 = SURFACE_STYLE_FILL_AREA ( #6584 ) ;
#17 =( NAMED_UNIT ( * ) PLANE_ANGLE_UNIT ( ) SI_UNIT ( $, .RADIAN. ) );
#18 = EDGE_CURVE ( 'NONE', #1268, #7057, #7590, .T. ) ;
#19 = COLOUR_RGB ( '',0.2509803921568627416, 0.2509803921568627416, 0.2509803921568627416 ) ;
#20 = EDGE_LOOP ( 'NONE', ( #2278, #315, #6556, #6865 ) ) ;
#21 = CARTESIAN_POINT ( 'NONE',  ( -1.270016866663923105, 0.7200168666639229498, 0.5699999999999999512 ) ) ;
#22 = CARTESIAN_POINT ( 'NONE',  ( 0.2717325567814053988, -0.1880575504213573279, 0.5999999999999998668 ) ) ;
#23 = VERTEX_POINT ( 'NONE', #291 ) ;
#24 = CARTESIAN_POINT ( 'NONE',  ( 0.3143829055214955037, -0.04283609918241855496, -0.5989999999999998659 ) ) ;
#25 = DIRECTION ( 'NONE',  ( -0.3635424856527064152, -0.9315776194850602376, 0.0000000000000000000 ) ) ;
#26 = PLANE ( 'NONE',  #2663 ) ;
#27 = ORIENTED_EDGE ( 'NONE', *, *, #4820, .F. ) ;
#28 = ORIENTED_EDGE ( 'NONE', *, *, #5447, .F. ) ;
#29 = AXIS2_PLACEMENT_3D ( 'NONE', #2073, #5646, #2097 ) ;
#30 = COLOUR_RGB ( '',0.5019607843137254832, 0.5019607843137254832, 0.5019607843137254832 ) ;
#31 = CARTESIAN_POINT ( 'NONE',  ( 0.3994458690126219125, -0.08161333935587954114, 0.5989999999999998659 ) ) ;
#32 = AXIS2_PLACEMENT_3D ( 'NONE', #1690, #1051, #3389 ) ;
#33 = LINE ( 'NONE', #6235, #1476 ) ;
#34 = DIRECTION ( 'NONE',  ( -0.0000000000000000000, -0.0000000000000000000, -1.000000000000000000 ) ) ;
#35 = FILL_AREA_STYLE ('',( #3552 ) ) ;
#36 = SURFACE_STYLE_USAGE ( .BOTH. , #673 ) ;
#37 = ADVANCED_BREP_SHAPE_REPRESENTATION ( 'SOD-123_L2.7-W1.6-LS3.7-RD-2', ( #5916, #5605 ), #1042 ) ;
#38 = VECTOR ( 'NONE', #5505, 1000.000000000000227 ) ;
#39 = CARTESIAN_POINT ( 'NONE',  ( 1.349999999999999645, -0.7701141590572472273, 0.0000000000000000000 ) ) ;
#40 = ORIENTED_EDGE ( 'NONE', *, *, #7479, .T. ) ;
#41 = AXIS2_PLACEMENT_3D ( 'NONE', #4515, #3944, #6902 ) ;
#42 = EDGE_LOOP ( 'NONE', ( #3573, #1853, #5373, #56 ) ) ;
#43 = CARTESIAN_POINT ( 'NONE',  ( 0.5501549864341431784, 0.1789558763398149122, -0.5989999999999999769 ) ) ;
#44 = FILL_AREA_STYLE ('',( #5321 ) ) ;
#45 = UNCERTAINTY_MEASURE_WITH_UNIT (LENGTH_MEASURE( 1.000000000000000082E-05 ), #7333, 'distance_accuracy_value', 'NONE');
#46 = CARTESIAN_POINT ( 'NONE',  ( -0.2119067513707348360, -0.1210441236601850767, -0.5989999999999999769 ) ) ;
#47 =( NAMED_UNIT ( * ) SI_UNIT ( $, .STERADIAN. ) SOLID_ANGLE_UNIT ( ) );
#48 = PRESENTATION_STYLE_ASSIGNMENT (( #2102 ) ) ;
#49 = ORIENTED_EDGE ( 'NONE', *, *, #5468, .F. ) ;
#50 = VERTEX_POINT ( 'NONE', #6750 ) ;
#51 = ORIENTED_EDGE ( 'NONE', *, *, #4258, .T. ) ;
#52 = CARTESIAN_POINT ( 'NONE',  ( 0.2300080781941601926, 0.1494287708333347231, -0.5989999999999997549 ) ) ;
#53 = DIRECTION ( 'NONE',  ( 1.224646799147352961E-16, -0.0000000000000000000, 1.000000000000000000 ) ) ;
#54 = SURFACE_SIDE_STYLE ('',( #641 ) ) ;
#55 = EDGE_LOOP ( 'NONE', ( #2550, #5287, #5467, #5894 ) ) ;
#56 = ORIENTED_EDGE ( 'NONE', *, *, #1363, .T. ) ;
#57 = PRESENTATION_LAYER_ASSIGNMENT (  '', '', ( #4274 ) ) ;
#58 = ORIENTED_EDGE ( 'NONE', *, *, #4031, .F. ) ;
#59 =( NAMED_UNIT ( * ) PLANE_ANGLE_UNIT ( ) SI_UNIT ( $, .RADIAN. ) );
#60 = EDGE_CURVE ( 'NONE', #3346, #5490, #6957, .T. ) ;
#61 = ORIENTED_EDGE ( 'NONE', *, *, #7223, .T. ) ;
#62 = ORIENTED_EDGE ( 'NONE', *, *, #1497, .F. ) ;
#63 = CARTESIAN_POINT ( 'NONE',  ( 0.3054028685377172536, -0.1901152728101741796, 0.6000000000000000888 ) ) ;
#64 = FACE_OUTER_BOUND ( 'NONE', #7083, .T. ) ;
#65 = VECTOR ( 'NONE', #4040, 1000.000000000000000 ) ;
#66 = PLANE ( 'NONE',  #6559 ) ;
#67 =( LENGTH_UNIT ( ) NAMED_UNIT ( * ) SI_UNIT ( .MILLI., .METRE. ) );
#68 = CARTESIAN_POINT ( 'NONE',  ( 0.2252973397544451029, -0.1745246666277114056, 0.6000000000000000888 ) ) ;
#69 = AXIS2_PLACEMENT_3D ( 'NONE', #3100, #1764, #4055 ) ;
#70 =( NAMED_UNIT ( * ) PLANE_ANGLE_UNIT ( ) SI_UNIT ( $, .RADIAN. ) );
#71 =( NAMED_UNIT ( * ) SI_UNIT ( $, .STERADIAN. ) SOLID_ANGLE_UNIT ( ) );
#72 = VERTEX_POINT ( 'NONE', #6217 ) ;
#73 = VECTOR ( 'NONE', #1667, 1000.000000000000000 ) ;
#74 = MECHANICAL_DESIGN_GEOMETRIC_PRESENTATION_REPRESENTATION (  '', ( #7084 ), #1539 ) ;
#75 = ORIENTED_EDGE ( 'NONE', *, *, #2781, .T. ) ;
#76 = COLOUR_RGB ( '',1.000000000000000000, 1.000000000000000000, 1.000000000000000000 ) ;
#77 = CYLINDRICAL_SURFACE ( 'NONE', #6007, 0.03000000000000007869 ) ;
#78 =( NAMED_UNIT ( * ) SI_UNIT ( $, .STERADIAN. ) SOLID_ANGLE_UNIT ( ) );
#79 = FILL_AREA_STYLE ('',( #4157 ) ) ;
#80 = EDGE_CURVE ( 'NONE', #2442, #4871, #5309, .T. ) ;
#81 = STYLED_ITEM ( 'NONE', ( #5654 ), #696 ) ;
#82 = UNCERTAINTY_MEASURE_WITH_UNIT (LENGTH_MEASURE( 1.000000000000000082E-05 ), #649, 'distance_accuracy_value', 'NONE');
#83 = PRESENTATION_STYLE_ASSIGNMENT (( #5875 ) ) ;
#84 = EDGE_CURVE ( 'NONE', #3580, #1005, #119, .T. ) ;
#85 = CARTESIAN_POINT ( 'NONE',  ( 0.2836853376504275825, -0.1892673066425592521, 0.5999999999999997558 ) ) ;
#86 = PLANE ( 'NONE',  #4991 ) ;
#87 = ORIENTED_EDGE ( 'NONE', *, *, #255, .T. ) ;
#88 = LINE ( 'NONE', #6839, #561 ) ;
#89 = ORIENTED_EDGE ( 'NONE', *, *, #5707, .F. ) ;
#90 = CARTESIAN_POINT ( 'NONE',  ( 0.2471833213149078889, -0.08996723509223093773, -0.5999999999999997558 ) ) ;
#91 = CARTESIAN_POINT ( 'NONE',  ( -0.3716764827099196533, 0.03816683216476869644, -0.5999999999999997558 ) ) ;
#92 = CARTESIAN_POINT ( 'NONE',  ( 0.2606761654879104495, -0.1864321990909185156, 0.5989999999999999769 ) ) ;
#93 = VECTOR ( 'NONE', #6907, 1000.000000000000000 ) ;
#94 = CARTESIAN_POINT ( 'NONE',  ( 0.2676011681239527373, -0.08403496449025557591, -0.5989999999999999769 ) ) ;
#95 = DIRECTION ( 'NONE',  ( -0.0000000000000000000, 1.000000000000000000, -0.0000000000000000000 ) ) ;
#96 = EDGE_LOOP ( 'NONE', ( #1282, #6068, #300, #2361 ) ) ;
#97 =( NAMED_UNIT ( * ) PLANE_ANGLE_UNIT ( ) SI_UNIT ( $, .RADIAN. ) );
#98 = FILL_AREA_STYLE ('',( #4255 ) ) ;
#99 = ADVANCED_FACE ( 'NONE', ( #1139 ), #3527, .F. ) ;
#100 = ORIENTED_EDGE ( 'NONE', *, *, #4023, .T. ) ;
#101 = DIRECTION ( 'NONE',  ( 1.000000000000000000, 0.0000000000000000000, 0.0000000000000000000 ) ) ;
#102 = FILL_AREA_STYLE ('',( #3616 ) ) ;
#103 = AXIS2_PLACEMENT_3D ( 'NONE', #1462, #2047, #1391 ) ;
#104 = EDGE_CURVE ( 'NONE', #6523, #3116, #7207, .T. ) ;
#105 = MECHANICAL_DESIGN_GEOMETRIC_PRESENTATION_REPRESENTATION (  '', ( #5657 ), #2345 ) ;
#106 = EDGE_CURVE ( 'NONE', #2109, #745, #2063, .T. ) ;
#107 = CYLINDRICAL_SURFACE ( 'NONE', #3157, 0.03000000000000007869 ) ;
#108 = PRESENTATION_LAYER_ASSIGNMENT (  '', '', ( #6303 ) ) ;
#109 = CARTESIAN_POINT ( 'NONE',  ( 0.05944368121785965908, 0.1708259431283862262, 0.5999999999999999778 ) ) ;
#110 = CARTESIAN_POINT ( 'NONE',  ( 0.2801962308713759620, 0.01458618447885839074, 0.5989999999999998659 ) ) ;
#111 = CARTESIAN_POINT ( 'NONE',  ( 0.04893547423902126770, 0.01432172999835149528, -0.5989999999999999769 ) ) ;
#112 = DIRECTION ( 'NONE',  ( 0.0000000000000000000, 0.0000000000000000000, 1.000000000000000000 ) ) ;
#113 = SURFACE_STYLE_USAGE ( .BOTH. , #5975 ) ;
#114 = ORIENTED_EDGE ( 'NONE', *, *, #3106, .T. ) ;
#115 = ORIENTED_EDGE ( 'NONE', *, *, #2489, .T. ) ;
#116 = CARTESIAN_POINT ( 'NONE',  ( -0.5211674221024420461, 0.1213339251203026936, -0.5989999999999999769 ) ) ;
#117 = CARTESIAN_POINT ( 'NONE',  ( -0.07179623307805192700, -0.1210441236601850767, -0.5989999999999999769 ) ) ;
#118 =( LENGTH_UNIT ( ) NAMED_UNIT ( * ) SI_UNIT ( .MILLI., .METRE. ) );
#119 = LINE ( 'NONE', #5636, #2432 ) ;
#120 = CARTESIAN_POINT ( 'NONE',  ( 0.5099110839951188634, 0.1789558763398149122, -0.5989999999999999769 ) ) ;
#121 = MECHANICAL_DESIGN_GEOMETRIC_PRESENTATION_REPRESENTATION (  '', ( #6594 ), #4755 ) ;
#122 = ORIENTED_EDGE ( 'NONE', *, *, #5205, .T. ) ;
#123 =( NAMED_UNIT ( * ) PLANE_ANGLE_UNIT ( ) SI_UNIT ( $, .RADIAN. ) );
#124 = EDGE_CURVE ( 'NONE', #491, #7305, #1963, .T. ) ;
#125 =( BOUNDED_CURVE ( )  B_SPLINE_CURVE ( 3, ( #5335, #5285, #5927, #2382 ),
 .UNSPECIFIED., .F., .F. ) 
 B_SPLINE_CURVE_WITH_KNOTS ( ( 4, 4 ),
 ( 5.501585242055413438, 7.064785372303748368 ),
 .UNSPECIFIED. ) 
 CURVE ( )  GEOMETRIC_REPRESENTATION_ITEM ( )  RATIONAL_B_SPLINE_CURVE ( ( 1.000000000000000000, 0.8065248903853478035, 0.8065248903853478035, 1.000000000000000000 ) ) 
 REPRESENTATION_ITEM ( '' )  );
#126 = STYLED_ITEM ( 'NONE', ( #6588 ), #2508 ) ;
#127 = FILL_AREA_STYLE_COLOUR ( '', #30 ) ;
#128 = DIRECTION ( 'NONE',  ( 1.000000000000000000, 0.0000000000000000000, -0.0000000000000000000 ) ) ;
#129 = SURFACE_STYLE_FILL_AREA ( #1146 ) ;
#130 = COLOUR_RGB ( '',0.5019607843137254832, 0.5019607843137254832, 0.5019607843137254832 ) ;
#131 = CARTESIAN_POINT ( 'NONE',  ( 0.4154215646809792939, -0.1547396156808345802, 0.5999999999999999778 ) ) ;
#132 = SURFACE_STYLE_FILL_AREA ( #6737 ) ;
#133 = ORIENTED_EDGE ( 'NONE', *, *, #3160, .T. ) ;
#134 = CARTESIAN_POINT ( 'NONE',  ( 0.3562270431625996214, -0.05001495972617470143, -0.6000000000000000888 ) ) ;
#135 = MECHANICAL_DESIGN_GEOMETRIC_PRESENTATION_REPRESENTATION (  '', ( #5971 ), #1314 ) ;
#136 = FILL_AREA_STYLE_COLOUR ( '', #4057 ) ;
#137 = VERTEX_POINT ( 'NONE', #2154 ) ;
#138 = CARTESIAN_POINT ( 'NONE',  ( 0.2939434657500256676, -0.06756745807984614050, -0.5999999999999997558 ) ) ;
#139 = CARTESIAN_POINT ( 'NONE',  ( 0.3687077006857065187, -0.008299042712476920741, -0.5999999999999998668 ) ) ;
#140 = CARTESIAN_POINT ( 'NONE',  ( -1.032390010713868378, 0.2750000000000000222, 0.1499999999999999944 ) ) ;
#141 = ORIENTED_EDGE ( 'NONE', *, *, #3515, .F. ) ;
#142 = DIRECTION ( 'NONE',  ( 0.0000000000000000000, -0.0000000000000000000, 1.000000000000000000 ) ) ;
#143 = CARTESIAN_POINT ( 'NONE',  ( 1.336876700471111068, -0.2749999999999999667, 0.1500000000000000500 ) ) ;
#144 = SURFACE_STYLE_FILL_AREA ( #4090 ) ;
#145 = LINE ( 'NONE', #5653, #2082 ) ;
#146 = CARTESIAN_POINT ( 'NONE',  ( 0.3230438359412183824, 0.07678381935822237159, -0.5989999999999999769 ) ) ;
#147 = ADVANCED_FACE ( 'NONE', ( #1043 ), #1035, .T. ) ;
#148 = ORIENTED_EDGE ( 'NONE', *, *, #3948, .F. ) ;
#149 = CARTESIAN_POINT ( 'NONE',  ( 0.1812525227899320912, 0.1449734212249666199, -0.5989999999999999769 ) ) ;
#150 = CARTESIAN_POINT ( 'NONE',  ( 0.1477159620438993348, 0.1707241690227417341, -0.5999999999999999778 ) ) ;
#151 = STYLED_ITEM ( 'NONE', ( #3509 ), #3367 ) ;
#152 = CARTESIAN_POINT ( 'NONE',  ( 0.3276178777387410701, -0.1450336671063865990, 0.5989999999999999769 ) ) ;
#153 = EDGE_CURVE ( 'NONE', #5270, #1064, #4730, .T. ) ;
#154 = CARTESIAN_POINT ( 'NONE',  ( 0.2412385829462460607, -0.1815644580506599326, 0.5989999999999998659 ) ) ;
#155 = ORIENTED_EDGE ( 'NONE', *, *, #4408, .T. ) ;
#156 =( NAMED_UNIT ( * ) PLANE_ANGLE_UNIT ( ) SI_UNIT ( $, .RADIAN. ) );
#157 = CARTESIAN_POINT ( 'NONE',  ( 0.2328375384087312261, -0.1784426974702681967, 0.6000000000000000888 ) ) ;
#158 = CARTESIAN_POINT ( 'NONE',  ( -0.06447915990732011604, 0.1460290470715222277, -0.5989999999999999769 ) ) ;
#159 = DIRECTION ( 'NONE',  ( 0.0000000000000000000, -1.000000000000000000, 0.0000000000000000000 ) ) ;
#160 = CARTESIAN_POINT ( 'NONE',  ( 0.2361365994892247744, -0.09148150588456091525, -0.5999999999999998668 ) ) ;
#161 = FILL_AREA_STYLE ('',( #3679 ) ) ;
#162 = SURFACE_STYLE_FILL_AREA ( #4127 ) ;
#163 = VERTEX_POINT ( 'NONE', #7463 ) ;
#164 = FACE_OUTER_BOUND ( 'NONE', #2051, .T. ) ;
#165 = LINE ( 'NONE', #109, #6710 ) ;
#166 =( NAMED_UNIT ( * ) SI_UNIT ( $, .STERADIAN. ) SOLID_ANGLE_UNIT ( ) );
#167 = MECHANICAL_DESIGN_GEOMETRIC_PRESENTATION_REPRESENTATION (  '', ( #5057 ), #314 ) ;
#168 = SURFACE_SIDE_STYLE ('',( #2368 ) ) ;
#169 = CARTESIAN_POINT ( 'NONE',  ( 0.2825463151973858222, 0.1309414736771606635, -0.5999999999999999778 ) ) ;
#170 = DIRECTION ( 'NONE',  ( 1.000000000000000000, 0.0000000000000000000, -5.330734548809088951E-16 ) ) ;
#171 = CARTESIAN_POINT ( 'NONE',  ( 0.1556840788940303255, 0.1351103426960056642, -0.5989999999999999769 ) ) ;
#172 = EDGE_LOOP ( 'NONE', ( #3949, #4116, #7107, #2463, #1192, #1258, #1687, #5083 ) ) ;
#173 = PRESENTATION_STYLE_ASSIGNMENT (( #3457 ) ) ;
#174 = SURFACE_SIDE_STYLE ('',( #4932 ) ) ;
#175 = ORIENTED_EDGE ( 'NONE', *, *, #2388, .F. ) ;
#176 = UNCERTAINTY_MEASURE_WITH_UNIT (LENGTH_MEASURE( 1.000000000000000082E-05 ), #5012, 'distance_accuracy_value', 'NONE');
#177 = VECTOR ( 'NONE', #5120, 999.9999999999998863 ) ;
#178 = ORIENTED_EDGE ( 'NONE', *, *, #1132, .T. ) ;
#179 = EDGE_CURVE ( 'NONE', #433, #1214, #672, .T. ) ;
#180 = VECTOR ( 'NONE', #5252, 1000.000000000000000 ) ;
#181 = MECHANICAL_DESIGN_GEOMETRIC_PRESENTATION_REPRESENTATION (  '', ( #2697 ), #4259 ) ;
#182 = ADVANCED_FACE ( 'NONE', ( #934 ), #2179, .F. ) ;
#183 = ORIENTED_EDGE ( 'NONE', *, *, #4194, .T. ) ;
#184 = PRESENTATION_STYLE_ASSIGNMENT (( #2541 ) ) ;
#185 = ORIENTED_EDGE ( 'NONE', *, *, #3532, .T. ) ;
#186 = DIRECTION ( 'NONE',  ( -0.0000000000000000000, 0.0000000000000000000, 1.000000000000000000 ) ) ;
#187 =( NAMED_UNIT ( * ) PLANE_ANGLE_UNIT ( ) SI_UNIT ( $, .RADIAN. ) );
#188 = EDGE_CURVE ( 'NONE', #4704, #773, #5769, .T. ) ;
#189 = CARTESIAN_POINT ( 'NONE',  ( 0.4394727707514007875, -0.1248158948488622411, 0.5999999999999998668 ) ) ;
#190 = PRESENTATION_STYLE_ASSIGNMENT (( #3855 ) ) ;
#191 = CARTESIAN_POINT ( 'NONE',  ( 0.2252973397544450751, -0.1255155202862479891, 0.5989999999999999769 ) ) ;
#192 = SURFACE_STYLE_USAGE ( .BOTH. , #679 ) ;
#193 = VERTEX_POINT ( 'NONE', #5141 ) ;
#194 =( NAMED_UNIT ( * ) PLANE_ANGLE_UNIT ( ) SI_UNIT ( $, .RADIAN. ) );
#195 = CARTESIAN_POINT ( 'NONE',  ( -1.439556570772598798, -0.2750000000000000222, -0.009128442572523463167 ) ) ;
#196 = DIRECTION ( 'NONE',  ( 0.0000000000000000000, 0.0000000000000000000, -1.000000000000000000 ) ) ;
#197 = CARTESIAN_POINT ( 'NONE',  ( 0.3303365797281164751, 0.03941210477191798428, -0.5989999999999999769 ) ) ;
#198 = PRESENTATION_STYLE_ASSIGNMENT (( #113 ) ) ;
#199 = CARTESIAN_POINT ( 'NONE',  ( -0.07179623307805192700, -0.1210441236601850767, -0.5989999999999999769 ) ) ;
#200 = CARTESIAN_POINT ( 'NONE',  ( -0.3716764827099196533, 0.03816683216476869644, -0.6000000000000000888 ) ) ;
#201 = PRESENTATION_LAYER_ASSIGNMENT (  '', '', ( #691 ) ) ;
#202 = VERTEX_POINT ( 'NONE', #5042 ) ;
#203 = VECTOR ( 'NONE', #2177, 1000.000000000000000 ) ;
#204 = CARTESIAN_POINT ( 'NONE',  ( 0.1794302961419011744, 0.1797143776591307585, -0.5999999999999999778 ) ) ;
#205 = EDGE_LOOP ( 'NONE', ( #247, #5838, #6683, #6913 ) ) ;
#206 = PRESENTATION_STYLE_ASSIGNMENT (( #616 ) ) ;
#207 = SHAPE_DEFINITION_REPRESENTATION ( #2044, #37 ) ;
#208 =( NAMED_UNIT ( * ) SI_UNIT ( $, .STERADIAN. ) SOLID_ANGLE_UNIT ( ) );
#209 = ORIENTED_EDGE ( 'NONE', *, *, #1329, .F. ) ;
#210 = VERTEX_POINT ( 'NONE', #5714 ) ;
#211 = LINE ( 'NONE', #5421, #398 ) ;
#212 = SURFACE_SIDE_STYLE ('',( #7551 ) ) ;
#213 = CARTESIAN_POINT ( 'NONE',  ( 0.4176676453331017447, 0.02742002580772539416, 0.5989999999999999769 ) ) ;
#214 = MECHANICAL_DESIGN_GEOMETRIC_PRESENTATION_REPRESENTATION (  '', ( #3606 ), #2310 ) ;
#215 = CARTESIAN_POINT ( 'NONE',  ( 0.2301753885349328843, 0.01137472361619106150, 0.6000000000000000888 ) ) ;
#216 = FILL_AREA_STYLE_COLOUR ( '', #5775 ) ;
#217 = FILL_AREA_STYLE_COLOUR ( '', #1833 ) ;
#218 =( NAMED_UNIT ( * ) PLANE_ANGLE_UNIT ( ) SI_UNIT ( $, .RADIAN. ) );
#219 = CARTESIAN_POINT ( 'NONE',  ( 0.2746063122098372777, -0.1192590542237073198, -0.6000000000000003109 ) ) ;
#220 = SURFACE_STYLE_USAGE ( .BOTH. , #1889 ) ;
#221 = DIRECTION ( 'NONE',  ( 1.000000000000000000, 0.0000000000000000000, 0.0000000000000000000 ) ) ;
#222 = UNCERTAINTY_MEASURE_WITH_UNIT (LENGTH_MEASURE( 1.000000000000000082E-05 ), #1763, 'distance_accuracy_value', 'NONE');
#223 =( LENGTH_UNIT ( ) NAMED_UNIT ( * ) SI_UNIT ( .MILLI., .METRE. ) );
#224 = CARTESIAN_POINT ( 'NONE',  ( 0.3305388969683585310, 0.03038848411046526921, -0.5999999999999998668 ) ) ;
#225 = STYLED_ITEM ( 'NONE', ( #3748 ), #6673 ) ;
#226 = SURFACE_SIDE_STYLE ('',( #4573 ) ) ;
#227 = EDGE_CURVE ( 'NONE', #4142, #5730, #33, .T. ) ;
#229 = VERTEX_POINT ( 'NONE', #2760 ) ;
#228 = CARTESIAN_POINT ( 'NONE',  ( 0.3315079454079140620, 0.05843059588424936307, 0.5999999999999997558 ) ) ;
#230 = MECHANICAL_DESIGN_GEOMETRIC_PRESENTATION_REPRESENTATION (  '', ( #7091 ), #488 ) ;
#231 = FACE_BOUND ( 'NONE', #3507, .T. ) ;
#232 = CARTESIAN_POINT ( 'NONE',  ( 0.1980268546824844045, 0.1819284767953565085, -0.5989999999999999769 ) ) ;
#233 = SURFACE_SIDE_STYLE ('',( #3636 ) ) ;
#234 = EDGE_CURVE ( 'NONE', #4330, #5436, #4636, .T. ) ;
#235 =( NAMED_UNIT ( * ) SI_UNIT ( $, .STERADIAN. ) SOLID_ANGLE_UNIT ( ) );
#236 = EDGE_LOOP ( 'NONE', ( #1483, #4770, #1028, #6755 ) ) ;
#237 = VERTEX_POINT ( 'NONE', #6817 ) ;
#238 =( NAMED_UNIT ( * ) SI_UNIT ( $, .STERADIAN. ) SOLID_ANGLE_UNIT ( ) );
#239 = CARTESIAN_POINT ( 'NONE',  ( 0.3687077006857065187, -0.008299042712476920741, -0.5989999999999998659 ) ) ;
#240 = PRESENTATION_LAYER_ASSIGNMENT (  '', '', ( #546 ) ) ;
#241 =( NAMED_UNIT ( * ) PLANE_ANGLE_UNIT ( ) SI_UNIT ( $, .RADIAN. ) );
#242 = PLANE ( 'NONE',  #5092 ) ;
#243 = FILL_AREA_STYLE ('',( #4395 ) ) ;
#244 = ADVANCED_FACE ( 'NONE', ( #3785 ), #881, .F. ) ;
#245 = CARTESIAN_POINT ( 'NONE',  ( 1.646612987842787978, -0.2750000000000000222, -0.5499999999999999334 ) ) ;
#246 = SURFACE_SIDE_STYLE ('',( #1289 ) ) ;
#247 = ORIENTED_EDGE ( 'NONE', *, *, #3873, .F. ) ;
#248 = PLANE ( 'NONE',  #5299 ) ;
#249 = DIRECTION ( 'NONE',  ( 0.08715574274765836016, 0.0000000000000000000, 0.9961946980917455452 ) ) ;
#250 = CARTESIAN_POINT ( 'NONE',  ( -1.336876700471111512, -0.2749999999999999667, 0.1500000000000000222 ) ) ;
#251 = FACE_OUTER_BOUND ( 'NONE', #285, .T. ) ;
#252 = FACE_OUTER_BOUND ( 'NONE', #6718, .T. ) ;
#253 = CARTESIAN_POINT ( 'NONE',  ( 0.04893547423902126770, -0.08811729439189239232, -0.5999999999999999778 ) ) ;
#254 = MECHANICAL_DESIGN_GEOMETRIC_PRESENTATION_REPRESENTATION (  '', ( #6716 ), #654 ) ;
#255 = EDGE_CURVE ( 'NONE', #4693, #7377, #5387, .T. ) ;
#256 = SURFACE_STYLE_FILL_AREA ( #490 ) ;
#257 = DIRECTION ( 'NONE',  ( 1.000000000000000000, 0.0000000000000000000, 0.0000000000000000000 ) ) ;
#258 =( GEOMETRIC_REPRESENTATION_CONTEXT ( 3 ) GLOBAL_UNCERTAINTY_ASSIGNED_CONTEXT ( ( #1389 ) ) GLOBAL_UNIT_ASSIGNED_CONTEXT ( ( #4692, #7552, #4016 ) ) REPRESENTATION_CONTEXT ( 'NONE', 'WORKASPACE' ) );
#259 = FACE_OUTER_BOUND ( 'NONE', #6383, .T. ) ;
#260 = ORIENTED_EDGE ( 'NONE', *, *, #6717, .T. ) ;
#261 = SURFACE_STYLE_FILL_AREA ( #4264 ) ;
#262 = LINE ( 'NONE', #2492, #2840 ) ;
#263 = EDGE_CURVE ( 'NONE', #6972, #4705, #2054, .T. ) ;
#264 = CARTESIAN_POINT ( 'NONE',  ( -0.5281246663342384906, 0.1358089423982263844, -0.5999999999999998668 ) ) ;
#265 = CARTESIAN_POINT ( 'NONE',  ( 0.5099110839951188634, -0.08811729439189239232, -0.5989999999999999769 ) ) ;
#266 = CARTESIAN_POINT ( 'NONE',  ( 0.3078430714617621522, -0.1462472276033211227, 0.5989999999999999769 ) ) ;
#267 = SURFACE_SIDE_STYLE ('',( #821 ) ) ;
#268 = CARTESIAN_POINT ( 'NONE',  ( 0.1477159620438993348, 0.1304802665837173359, -0.5999999999999999778 ) ) ;
#269 =( LENGTH_UNIT ( ) NAMED_UNIT ( * ) SI_UNIT ( .MILLI., .METRE. ) );
#270 = VECTOR ( 'NONE', #7307, 1000.000000000000000 ) ;
#271 =( GEOMETRIC_REPRESENTATION_CONTEXT ( 3 ) GLOBAL_UNCERTAINTY_ASSIGNED_CONTEXT ( ( #3946 ) ) GLOBAL_UNIT_ASSIGNED_CONTEXT ( ( #7321, #281, #4407 ) ) REPRESENTATION_CONTEXT ( 'NONE', 'WORKASPACE' ) );
#272 = COLOUR_RGB ( '',1.000000000000000000, 1.000000000000000000, 1.000000000000000000 ) ;
#273 = CARTESIAN_POINT ( 'NONE',  ( -1.308277292307148620, -0.7582772923071483540, -0.1326813337720179620 ) ) ;
#274 = CARTESIAN_POINT ( 'NONE',  ( 0.2527627394621428936, 0.1452279401580202911, -0.5989999999999999769 ) ) ;
#275 =( GEOMETRIC_REPRESENTATION_CONTEXT ( 3 ) GLOBAL_UNCERTAINTY_ASSIGNED_CONTEXT ( ( #1634 ) ) GLOBAL_UNIT_ASSIGNED_CONTEXT ( ( #2220, #6346, #7478 ) ) REPRESENTATION_CONTEXT ( 'NONE', 'WORKASPACE' ) );
#276 = ORIENTED_EDGE ( 'NONE', *, *, #3619, .F. ) ;
#277 = CARTESIAN_POINT ( 'NONE',  ( 0.1477159620438993626, -0.07256851390408754210, -0.5989999999999999769 ) ) ;
#278 = UNCERTAINTY_MEASURE_WITH_UNIT (LENGTH_MEASURE( 1.000000000000000082E-05 ), #5864, 'distance_accuracy_value', 'NONE');
#279 = EDGE_LOOP ( 'NONE', ( #6926, #3148, #2599, #40 ) ) ;
#280 = SURFACE_STYLE_USAGE ( .BOTH. , #5597 ) ;
#281 =( NAMED_UNIT ( * ) PLANE_ANGLE_UNIT ( ) SI_UNIT ( $, .RADIAN. ) );
#282 = FACE_OUTER_BOUND ( 'NONE', #3499, .T. ) ;
#283 = CARTESIAN_POINT ( 'NONE',  ( 0.4338898138558325845, 0.01005679747354898228, 0.5989999999999998659 ) ) ;
#284 = ADVANCED_FACE ( 'NONE', ( #1302 ), #4335, .T. ) ;
#285 = EDGE_LOOP ( 'NONE', ( #6428, #4629, #4895 ) ) ;
#286 = DIRECTION ( 'NONE',  ( 0.0000000000000000000, 1.000000000000000000, 0.0000000000000000000 ) ) ;
#287 = VECTOR ( 'NONE', #1920, 1000.000000000000000 ) ;
#288 = CARTESIAN_POINT ( 'NONE',  ( -0.3273656703433487358, -0.007057080339806756815, -0.5999999999999999778 ) ) ;
#289 = DIRECTION ( 'NONE',  ( 0.0000000000000000000, 0.08715574274765837404, 0.9961946980917455452 ) ) ;
#290 = MECHANICAL_DESIGN_GEOMETRIC_PRESENTATION_REPRESENTATION (  '', ( #7134 ), #1607 ) ;
#291 = CARTESIAN_POINT ( 'NONE',  ( 0.3099772178032255687, -0.1901496666277113778, 0.5999999999999999778 ) ) ;
#292 = FACE_OUTER_BOUND ( 'NONE', #2817, .T. ) ;
#293 = MECHANICAL_DESIGN_GEOMETRIC_PRESENTATION_REPRESENTATION (  '', ( #3438 ), #3283 ) ;
#294 = DIRECTION ( 'NONE',  ( -0.07419174491480179379, -0.9972439947106711555, 0.0000000000000000000 ) ) ;
#295 = CARTESIAN_POINT ( 'NONE',  ( 0.1652707406935066403, -0.1140414300855948776, -0.5990000000000001990 ) ) ;
#296 = VERTEX_POINT ( 'NONE', #2692 ) ;
#297 = CARTESIAN_POINT ( 'NONE',  ( 0.3603598304961237453, 0.08804669031637396559, -0.6000000000000001998 ) ) ;
#298 = DIRECTION ( 'NONE',  ( -0.0000000000000000000, -0.0000000000000000000, 1.000000000000000000 ) ) ;
#299 = CARTESIAN_POINT ( 'NONE',  ( 0.3306427913121919859, 0.02575465682761977210, -0.5999999999999999778 ) ) ;
#300 = ORIENTED_EDGE ( 'NONE', *, *, #2320, .F. ) ;
#301 = CYLINDRICAL_SURFACE ( 'NONE', #2609, 0.1599999999999997813 ) ;
#302 = CARTESIAN_POINT ( 'NONE',  ( -0.5211674221024420461, 0.1213339251203026936, -0.5989999999999999769 ) ) ;
#303 = CARTESIAN_POINT ( 'NONE',  ( 0.08917937667804562429, -0.1210441236601850767, -0.5999999999999999778 ) ) ;
#304 = PRESENTATION_LAYER_ASSIGNMENT (  '', '', ( #5488 ) ) ;
#305 = CARTESIAN_POINT ( 'NONE',  ( 0.3603598304961237453, 0.08804669031637396559, -0.6000000000000000888 ) ) ;
#306 = EDGE_CURVE ( 'NONE', #2606, #1106, #7483, .T. ) ;
#307 = SURFACE_STYLE_USAGE ( .BOTH. , #2693 ) ;
#308 = SURFACE_STYLE_FILL_AREA ( #1397 ) ;
#309 = FILL_AREA_STYLE_COLOUR ( '', #5723 ) ;
#310 = CARTESIAN_POINT ( 'NONE',  ( 1.270016866663922661, 0.8000000000000002665, -0.5699999999999999512 ) ) ;
#311 = ORIENTED_EDGE ( 'NONE', *, *, #6596, .F. ) ;
#312 = APPLICATION_PROTOCOL_DEFINITION ( 'draft international standard', 'automotive_design', 1998, #7306 ) ;
#313 = DIRECTION ( 'NONE',  ( 0.3363908276654480889, -0.9417224702971437322, 0.0000000000000000000 ) ) ;
#314 =( GEOMETRIC_REPRESENTATION_CONTEXT ( 3 ) GLOBAL_UNCERTAINTY_ASSIGNED_CONTEXT ( ( #3741 ) ) GLOBAL_UNIT_ASSIGNED_CONTEXT ( ( #7169, #2514, #3097 ) ) REPRESENTATION_CONTEXT ( 'NONE', 'WORKASPACE' ) );
#315 = ORIENTED_EDGE ( 'NONE', *, *, #5987, .T. ) ;
#316 = CARTESIAN_POINT ( 'NONE',  ( 0.3651327357979159971, 0.07309742251254086609, -0.5989999999999998659 ) ) ;
#317 = ORIENTED_EDGE ( 'NONE', *, *, #106, .T. ) ;
#318 = UNCERTAINTY_MEASURE_WITH_UNIT (LENGTH_MEASURE( 1.000000000000000082E-05 ), #4292, 'distance_accuracy_value', 'NONE');
#319 = PLANE ( 'NONE',  #7625 ) ;
#320 = DIRECTION ( 'NONE',  ( 7.228014483236703064E-15, -1.000000000000000000, 0.0000000000000000000 ) ) ;
#321 = SURFACE_STYLE_USAGE ( .BOTH. , #5675 ) ;
#322 = CARTESIAN_POINT ( 'NONE',  ( 0.08917937667804562429, -0.1210441236601850767, -0.5989999999999999769 ) ) ;
#323 = ORIENTED_EDGE ( 'NONE', *, *, #7209, .T. ) ;
#324 = FILL_AREA_STYLE_COLOUR ( '', #3201 ) ;
#325 = CARTESIAN_POINT ( 'NONE',  ( 0.3380755586341018804, 0.1276701764958617646, -0.6000000000000000888 ) ) ;
#326 = CARTESIAN_POINT ( 'NONE',  ( 0.1748134205703820165, -0.1173727826686825487, -0.5999999999999997558 ) ) ;
#327 = EDGE_CURVE ( 'NONE', #509, #7081, #6942, .T. ) ;
#328 = CARTESIAN_POINT ( 'NONE',  ( 0.4176676453331017447, 0.02742002580772539416, 0.5999999999999998668 ) ) ;
#329 = MECHANICAL_DESIGN_GEOMETRIC_PRESENTATION_REPRESENTATION (  '', ( #6909 ), #1225 ) ;
#330 =( NAMED_UNIT ( * ) SI_UNIT ( $, .STERADIAN. ) SOLID_ANGLE_UNIT ( ) );
#331 = EDGE_CURVE ( 'NONE', #7278, #1832, #5762, .T. ) ;
#332 = SURFACE_STYLE_USAGE ( .BOTH. , #6191 ) ;
#333 = LINE ( 'NONE', #7013, #5038 ) ;
#334 = LINE ( 'NONE', #1381, #7236 ) ;
#335 = FACE_OUTER_BOUND ( 'NONE', #1367, .T. ) ;
#336 = CARTESIAN_POINT ( 'NONE',  ( 0.1955035502080827714, -0.1221641622618196699, -0.5999999999999999778 ) ) ;
#337 = ORIENTED_EDGE ( 'NONE', *, *, #7624, .F. ) ;
#338 = CARTESIAN_POINT ( 'NONE',  ( 0.5099110839951188634, -0.08811729439189239232, -0.5989999999999999769 ) ) ;
#339 = DIRECTION ( 'NONE',  ( -0.0000000000000000000, -0.0000000000000000000, 1.000000000000000000 ) ) ;
#340 = SURFACE_SIDE_STYLE ('',( #7569 ) ) ;
#341 = DIRECTION ( 'NONE',  ( -0.0000000000000000000, -0.0000000000000000000, 1.000000000000000000 ) ) ;
#342 = LINE ( 'NONE', #2175, #1805 ) ;
#343 = VECTOR ( 'NONE', #3649, 1000.000000000000000 ) ;
#344 = SURFACE_STYLE_FILL_AREA ( #6403 ) ;
#345 = CARTESIAN_POINT ( 'NONE',  ( 0.3099979206114047980, 0.01458923822308050809, 0.5990000000000000879 ) ) ;
#346 =( LENGTH_UNIT ( ) NAMED_UNIT ( * ) SI_UNIT ( .MILLI., .METRE. ) );
#347 = CARTESIAN_POINT ( 'NONE',  ( -0.2622778166797042343, 0.1735873716250540544, -0.5989999999999996438 ) ) ;
#348 = VERTEX_POINT ( 'NONE', #3301 ) ;
#349 = LINE ( 'NONE', #6146, #1092 ) ;
#350 = LINE ( 'NONE', #5842, #6802 ) ;
#351 = FILL_AREA_STYLE_COLOUR ( '', #498 ) ;
#352 = DIRECTION ( 'NONE',  ( 0.0000000000000000000, 0.0000000000000000000, -1.000000000000000000 ) ) ;
#353 = CARTESIAN_POINT ( 'NONE',  ( 0.4525330818594071602, -0.03418543496120347858, 0.5999999999999998668 ) ) ;
#354 =( GEOMETRIC_REPRESENTATION_CONTEXT ( 3 ) GLOBAL_UNCERTAINTY_ASSIGNED_CONTEXT ( ( #7634 ) ) GLOBAL_UNIT_ASSIGNED_CONTEXT ( ( #4301, #1925, #5464 ) ) REPRESENTATION_CONTEXT ( 'NONE', 'WORKASPACE' ) );
#355 = EDGE_CURVE ( 'NONE', #7288, #2340, #2251, .T. ) ;
#356 = DIRECTION ( 'NONE',  ( 0.0000000000000000000, 0.0000000000000000000, 1.000000000000000000 ) ) ;
#357 = DIRECTION ( 'NONE',  ( 1.000000000000000000, 0.0000000000000000000, 0.0000000000000000000 ) ) ;
#358 = EDGE_CURVE ( 'NONE', #3036, #5121, #1105, .T. ) ;
#359 = ORIENTED_EDGE ( 'NONE', *, *, #2178, .F. ) ;
#360 = VECTOR ( 'NONE', #5485, 1000.000000000000000 ) ;
#361 = DIRECTION ( 'NONE',  ( 0.0000000000000000000, 1.000000000000000000, 0.0000000000000000000 ) ) ;
#362 = STYLED_ITEM ( 'NONE', ( #4389 ), #4831 ) ;
#363 = VERTEX_POINT ( 'NONE', #5846 ) ;
#364 = VECTOR ( 'NONE', #6488, 1000.000000000000000 ) ;
#365 = ORIENTED_EDGE ( 'NONE', *, *, #3515, .T. ) ;
#366 = CARTESIAN_POINT ( 'NONE',  ( 0.2302616937512164119, -0.1247026602455509336, -0.5989999999999999769 ) ) ;
#367 = LINE ( 'NONE', #494, #6467 ) ;
#368 = CARTESIAN_POINT ( 'NONE',  ( 0.2789200879150437462, 0.1719633046845269464, -0.5999999999999999778 ) ) ;
#369 = CARTESIAN_POINT ( 'NONE',  ( 0.1765168519495669830, 0.2147283821527764813, 0.5999999999999999778 ) ) ;
#370 = CARTESIAN_POINT ( 'NONE',  ( -0.2190939305741301246, 0.1459411488207938978, -0.5999999999999999778 ) ) ;
#371 = FILL_AREA_STYLE ('',( #4537 ) ) ;
#372 = SURFACE_STYLE_USAGE ( .BOTH. , #1442 ) ;
#373 = ORIENTED_EDGE ( 'NONE', *, *, #6265, .T. ) ;
#374 = PRESENTATION_LAYER_ASSIGNMENT (  '', '', ( #225 ) ) ;
#375 = EDGE_CURVE ( 'NONE', #5490, #7256, #587, .T. ) ;
#376 = CARTESIAN_POINT ( 'NONE',  ( -0.5315713855170761670, 0.1213339251203026936, -0.5989999999999999769 ) ) ;
#377 =( NAMED_UNIT ( * ) SI_UNIT ( $, .STERADIAN. ) SOLID_ANGLE_UNIT ( ) );
#378 = AXIS2_PLACEMENT_3D ( 'NONE', #1052, #2236, #5243 ) ;
#379 = CARTESIAN_POINT ( 'NONE',  ( 0.1477159620438993626, -0.07256851390408754210, -0.6000000000000001998 ) ) ;
#380 = SURFACE_SIDE_STYLE ('',( #4686 ) ) ;
#381 = EDGE_LOOP ( 'NONE', ( #6636, #276, #311, #1275 ) ) ;
#382 = ORIENTED_EDGE ( 'NONE', *, *, #7426, .F. ) ;
#383 = LINE ( 'NONE', #3065, #4518 ) ;
#384 = CARTESIAN_POINT ( 'NONE',  ( 0.2252973397544450751, -0.1745246666277113778, 0.5999999999999999778 ) ) ;
#385 =( NAMED_UNIT ( * ) PLANE_ANGLE_UNIT ( ) SI_UNIT ( $, .RADIAN. ) );
#386 = AXIS2_PLACEMENT_3D ( 'NONE', #3236, #6271, #3930 ) ;
#387 = FACE_OUTER_BOUND ( 'NONE', #2586, .T. ) ;
#388 = DIRECTION ( 'NONE',  ( -5.330734548809087965E-16, 0.0000000000000000000, -1.000000000000000000 ) ) ;
#389 = DIRECTION ( 'NONE',  ( -1.000000000000000000, 0.0000000000000000000, 0.0000000000000000000 ) ) ;
#390 = FACE_OUTER_BOUND ( 'NONE', #6502, .T. ) ;
#391 = MECHANICAL_DESIGN_GEOMETRIC_PRESENTATION_REPRESENTATION (  '', ( #5849 ), #6704 ) ;
#392 = SURFACE_STYLE_USAGE ( .BOTH. , #2727 ) ;
#393 = ORIENTED_EDGE ( 'NONE', *, *, #6034, .T. ) ;
#394 = VECTOR ( 'NONE', #6181, 1000.000000000000000 ) ;
#395 = SURFACE_STYLE_USAGE ( .BOTH. , #5027 ) ;
#396 = CARTESIAN_POINT ( 'NONE',  ( 0.1562018413481278400, -0.1101792030519371524, -0.5999999999999998668 ) ) ;
#397 = VERTEX_POINT ( 'NONE', #1044 ) ;
#398 = VECTOR ( 'NONE', #101, 1000.000000000000000 ) ;
#399 = CARTESIAN_POINT ( 'NONE',  ( -0.05716208673658842998, 0.04724855926664416061, -0.5989999999999999769 ) ) ;
#400 = SURFACE_SIDE_STYLE ('',( #4140 ) ) ;
#401 = DIRECTION ( 'NONE',  ( 1.000000000000000000, 0.0000000000000000000, 0.0000000000000000000 ) ) ;
#402 = CARTESIAN_POINT ( 'NONE',  ( -0.3546398794323914472, -0.04374320390874106984, -0.5989999999999999769 ) ) ;
#403 = COLOUR_RGB ( '',0.5019607843137254832, 0.5019607843137254832, 0.5019607843137254832 ) ;
#404 = SURFACE_SIDE_STYLE ('',( #1676 ) ) ;
#405 = FACE_OUTER_BOUND ( 'NONE', #1001, .T. ) ;
#406 = PLANE ( 'NONE',  #41 ) ;
#407 = CARTESIAN_POINT ( 'NONE',  ( 0.2139512245210665742, -0.09163448863566066305, -0.5999999999999998668 ) ) ;
#408 =( NAMED_UNIT ( * ) SI_UNIT ( $, .STERADIAN. ) SOLID_ANGLE_UNIT ( ) );
#409 =( GEOMETRIC_REPRESENTATION_CONTEXT ( 3 ) GLOBAL_UNCERTAINTY_ASSIGNED_CONTEXT ( ( #4665 ) ) GLOBAL_UNIT_ASSIGNED_CONTEXT ( ( #2523, #6040, #4267 ) ) REPRESENTATION_CONTEXT ( 'NONE', 'WORKASPACE' ) );
#410 =( NAMED_UNIT ( * ) PLANE_ANGLE_UNIT ( ) SI_UNIT ( $, .RADIAN. ) );
#411 = EDGE_CURVE ( 'NONE', #491, #3055, #4792, .T. ) ;
#412 = LINE ( 'NONE', #7261, #5118 ) ;
#413 = SURFACE_STYLE_USAGE ( .BOTH. , #1553 ) ;
#414 = CARTESIAN_POINT ( 'NONE',  ( -0.2831458036244962617, -0.07054893002181988892, -0.5989999999999998659 ) ) ;
#415 = ORIENTED_EDGE ( 'NONE', *, *, #5815, .T. ) ;
#416 = SURFACE_SIDE_STYLE ('',( #7174 ) ) ;
#417 = CARTESIAN_POINT ( 'NONE',  ( -0.5474059891756128948, 0.1789558763398149122, -0.5999999999999999778 ) ) ;
#418 = COLOUR_RGB ( '',0.5019607843137254832, 0.5019607843137254832, 0.5019607843137254832 ) ;
#419 = ORIENTED_EDGE ( 'NONE', *, *, #2271, .F. ) ;
#420 = EDGE_LOOP ( 'NONE', ( #7268, #3353, #5616, #7201 ) ) ;
#421 = UNCERTAINTY_MEASURE_WITH_UNIT (LENGTH_MEASURE( 1.000000000000000082E-05 ), #1180, 'distance_accuracy_value', 'NONE');
#422 = DIRECTION ( 'NONE',  ( -0.0000000000000000000, -1.000000000000000000, -0.0000000000000000000 ) ) ;
#423 = DIRECTION ( 'NONE',  ( -0.0000000000000000000, -1.000000000000000000, -0.0000000000000000000 ) ) ;
#424 = AXIS2_PLACEMENT_3D ( 'NONE', #21, #7119, #6586 ) ;
#425 =( NAMED_UNIT ( * ) SI_UNIT ( $, .STERADIAN. ) SOLID_ANGLE_UNIT ( ) );
#426 = CARTESIAN_POINT ( 'NONE',  ( 0.4545656324373718582, -0.06072893492039429381, 0.5989999999999999769 ) ) ;
#427 = CARTESIAN_POINT ( 'NONE',  ( -0.3237416019530189870, 0.08162942077833591770, -0.5999999999999999778 ) ) ;
#428 = PRESENTATION_LAYER_ASSIGNMENT (  '', '', ( #1217 ) ) ;
#429 = CARTESIAN_POINT ( 'NONE',  ( -0.07179623307805192700, -0.08811729439189239232, -0.5989999999999999769 ) ) ;
#430 = ORIENTED_EDGE ( 'NONE', *, *, #3410, .F. ) ;
#431 = CARTESIAN_POINT ( 'NONE',  ( 0.3964964498487773548, -0.08811729439189239232, -0.5989999999999999769 ) ) ;
#432 = ORIENTED_EDGE ( 'NONE', *, *, #5475, .T. ) ;
#433 = VERTEX_POINT ( 'NONE', #7005 ) ;
#434 = CARTESIAN_POINT ( 'NONE',  ( 0.3804940214392182884, -0.01121388485143929963, 0.5999999999999999778 ) ) ;
#435 = DIRECTION ( 'NONE',  ( -1.000000000000000000, -0.0000000000000000000, -0.0000000000000000000 ) ) ;
#436 = CARTESIAN_POINT ( 'NONE',  ( 0.2343620919430138283, 0.1822410325076344317, -0.5999999999999999778 ) ) ;
#437 = ADVANCED_FACE ( 'NONE', ( #6107 ), #7485, .T. ) ;
#438 = CARTESIAN_POINT ( 'NONE',  ( 0.3708866937512163564, 0.02329657755932710780, -0.5989999999999999769 ) ) ;
#439 = CARTESIAN_POINT ( 'NONE',  ( 0.4525330818594071602, -0.03418543496120347858, 0.5989999999999999769 ) ) ;
#440 = PRESENTATION_LAYER_ASSIGNMENT (  '', '', ( #7134 ) ) ;
#441 = VECTOR ( 'NONE', #4291, 1000.000000000000000 ) ;
#442 = DIRECTION ( 'NONE',  ( -0.0000000000000000000, -1.000000000000000000, -0.0000000000000000000 ) ) ;
#443 = CARTESIAN_POINT ( 'NONE',  ( 0.3537570449820728324, -0.1376424719752947501, 0.6000000000000000888 ) ) ;
#444 = DIRECTION ( 'NONE',  ( 0.9961946980917455452, -1.350095569862014863E-16, 0.08715574274765836016 ) ) ;
#445 = SURFACE_STYLE_FILL_AREA ( #2281 ) ;
#446 = VECTOR ( 'NONE', #1122, 1000.000000000000000 ) ;
#447 = ORIENTED_EDGE ( 'NONE', *, *, #461, .F. ) ;
#448 = PRESENTATION_STYLE_ASSIGNMENT (( #1941 ) ) ;
#449 = VECTOR ( 'NONE', #4510, 1000.000000000000000 ) ;
#450 = ADVANCED_FACE ( 'NONE', ( #5099 ), #2379, .T. ) ;
#451 = SURFACE_STYLE_USAGE ( .BOTH. , #4559 ) ;
#452 = CARTESIAN_POINT ( 'NONE',  ( 0.3306427913121919859, 0.02575465682761977210, -0.5989999999999999769 ) ) ;
#453 = FACE_OUTER_BOUND ( 'NONE', #3312, .T. ) ;
#454 = FILL_AREA_STYLE ('',( #4564 ) ) ;
#456 = STYLED_ITEM ( 'NONE', ( #1410 ), #2740 ) ;
#455 = CARTESIAN_POINT ( 'NONE',  ( 0.2353106469156230063, -0.1304971846299832205, 0.6000000000000000888 ) ) ;
#457 = LINE ( 'NONE', #6359, #73 ) ;
#458 = ORIENTED_EDGE ( 'NONE', *, *, #2884, .T. ) ;
#459 = VECTOR ( 'NONE', #5680, 1000.000000000000000 ) ;
#460 = CARTESIAN_POINT ( 'NONE',  ( 0.4008532078482699434, -0.06097715776141362370, 0.6000000000000000888 ) ) ;
#461 = EDGE_CURVE ( 'NONE', #4900, #193, #2794, .T. ) ;
#462 = CARTESIAN_POINT ( 'NONE',  ( -0.3717962330780518188, 0.03272874219347342989, -0.5989999999999999769 ) ) ;
#463 = DIRECTION ( 'NONE',  ( 1.000000000000000000, 0.0000000000000000000, 0.0000000000000000000 ) ) ;
#464 = CARTESIAN_POINT ( 'NONE',  ( 0.1477159620438993626, -0.07256851390408754210, -0.6000000000000000888 ) ) ;
#465 =( NAMED_UNIT ( * ) SI_UNIT ( $, .STERADIAN. ) SOLID_ANGLE_UNIT ( ) );
#466 = DIRECTION ( 'NONE',  ( 7.228014483236703064E-15, 0.0000000000000000000, 1.000000000000000000 ) ) ;
#467 = EDGE_LOOP ( 'NONE', ( #2943, #4439, #5229, #4037 ) ) ;
#468 = CARTESIAN_POINT ( 'NONE',  ( 0.4544400460816699905, -0.05615104681976310769, 0.5989999999999999769 ) ) ;
#469 = ORIENTED_EDGE ( 'NONE', *, *, #1934, .F. ) ;
#470 = CARTESIAN_POINT ( 'NONE',  ( -0.2119067513707348360, -0.1210441236601850767, -0.5989999999999999769 ) ) ;
#471 =( LENGTH_UNIT ( ) NAMED_UNIT ( * ) SI_UNIT ( .MILLI., .METRE. ) );
#472 = ORIENTED_EDGE ( 'NONE', *, *, #5077, .T. ) ;
#473 = VECTOR ( 'NONE', #5211, 1000.000000000000000 ) ;
#474 = LINE ( 'NONE', #7460, #1838 ) ;
#475 = PRESENTATION_STYLE_ASSIGNMENT (( #6974 ) ) ;
#476 = CARTESIAN_POINT ( 'NONE',  ( 0.3049667527171500137, 0.1581789030946081365, -0.5989999999999998659 ) ) ;
#477 = CARTESIAN_POINT ( 'NONE',  ( 0.3994458690126219125, -0.08161333935587954114, 0.5989999999999998659 ) ) ;
#478 = VECTOR ( 'NONE', #6520, 1000.000000000000000 ) ;
#479 = CARTESIAN_POINT ( 'NONE',  ( -0.2176489664644371824, -0.1209402320473384057, -0.5989999999999998659 ) ) ;
#480 = ADVANCED_FACE ( 'NONE', ( #3328 ), #5908, .T. ) ;
#481 = CARTESIAN_POINT ( 'NONE',  ( 0.2973282157579631435, -0.1460938667996341256, 0.5999999999999999778 ) ) ;
#482 = ORIENTED_EDGE ( 'NONE', *, *, #2360, .F. ) ;
#483 = PRESENTATION_LAYER_ASSIGNMENT (  '', '', ( #4566 ) ) ;
#484 = FACE_OUTER_BOUND ( 'NONE', #6412, .T. ) ;
#485 = SURFACE_STYLE_USAGE ( .BOTH. , #3536 ) ;
#486 = EDGE_CURVE ( 'NONE', #5797, #7296, #1393, .T. ) ;
#487 = SURFACE_STYLE_USAGE ( .BOTH. , #3483 ) ;
#488 =( GEOMETRIC_REPRESENTATION_CONTEXT ( 3 ) GLOBAL_UNCERTAINTY_ASSIGNED_CONTEXT ( ( #7247 ) ) GLOBAL_UNIT_ASSIGNED_CONTEXT ( ( #4995, #1451, #3232 ) ) REPRESENTATION_CONTEXT ( 'NONE', 'WORKASPACE' ) );
#489 = CARTESIAN_POINT ( 'NONE',  ( -0.3315523306390275038, 0.03187127268127831065, -0.5989999999999999769 ) ) ;
#490 = FILL_AREA_STYLE ('',( #3431 ) ) ;
#491 = VERTEX_POINT ( 'NONE', #6500 ) ;
#492 = ORIENTED_EDGE ( 'NONE', *, *, #4799, .F. ) ;
#493 = CARTESIAN_POINT ( 'NONE',  ( -0.2393537903200950723, -0.08631522258008834936, -0.6000000000000000888 ) ) ;
#494 = CARTESIAN_POINT ( 'NONE',  ( 1.336876700471111290, 0.8000000000000002665, 0.1500000000000000222 ) ) ;
#495 = CARTESIAN_POINT ( 'NONE',  ( 0.3507764857572652217, 0.006825131649425609549, 0.5989999999999999769 ) ) ;
#496 = EDGE_CURVE ( 'NONE', #3846, #3233, #3512, .T. ) ;
#497 = DIRECTION ( 'NONE',  ( -0.0000000000000000000, 0.0000000000000000000, 1.000000000000000000 ) ) ;
#498 = COLOUR_RGB ( '',0.2509803921568627416, 0.2509803921568627416, 0.2509803921568627416 ) ;
#499 = CARTESIAN_POINT ( 'NONE',  ( -0.5211674221024420461, 0.1213339251203026936, -0.5989999999999999769 ) ) ;
#500 = CARTESIAN_POINT ( 'NONE',  ( 0.3909754078441628478, -0.1048528277862409847, 0.5999999999999997558 ) ) ;
#501 = ORIENTED_EDGE ( 'NONE', *, *, #5549, .F. ) ;
#502 = ORIENTED_EDGE ( 'NONE', *, *, #6082, .F. ) ;
#503 = SURFACE_SIDE_STYLE ('',( #6420 ) ) ;
#504 = CARTESIAN_POINT ( 'NONE',  ( 0.3455076610482828992, -0.1407448669986942624, 0.5989999999999999769 ) ) ;
#505 = ORIENTED_EDGE ( 'NONE', *, *, #2638, .F. ) ;
#506 = DIRECTION ( 'NONE',  ( -1.000000000000000000, 1.355252715606880049E-16, 0.0000000000000000000 ) ) ;
#507 = CARTESIAN_POINT ( 'NONE',  ( 1.270016866663922439, -0.7200168666639226167, -0.5699999999999999512 ) ) ;
#508 = FACE_OUTER_BOUND ( 'NONE', #420, .T. ) ;
#509 = VERTEX_POINT ( 'NONE', #5870 ) ;
#510 = VECTOR ( 'NONE', #2185, 1000.000000000000114 ) ;
#511 = CARTESIAN_POINT ( 'NONE',  ( -0.3314539964643041237, 0.03646753822253821081, -0.6000000000000000888 ) ) ;
#512 = DIRECTION ( 'NONE',  ( -0.0000000000000000000, -1.000000000000000000, -0.0000000000000000000 ) ) ;
#513 = AXIS2_PLACEMENT_3D ( 'NONE', #5861, #2316, #3595 ) ;
#514 = EDGE_CURVE ( 'NONE', #1005, #6922, #3134, .T. ) ;
#515 = STYLED_ITEM ( 'NONE', ( #3934 ), #6847 ) ;
#516 =( LENGTH_UNIT ( ) NAMED_UNIT ( * ) SI_UNIT ( .MILLI., .METRE. ) );
#517 = EDGE_CURVE ( 'NONE', #1647, #3566, #1383, .T. ) ;
#518 =( NAMED_UNIT ( * ) PLANE_ANGLE_UNIT ( ) SI_UNIT ( $, .RADIAN. ) );
#519 = CARTESIAN_POINT ( 'NONE',  ( -0.2148221477121982081, 0.1460290470715222277, -0.5999999999999999778 ) ) ;
#520 = CARTESIAN_POINT ( 'NONE',  ( -0.3003893316558140514, -0.05670066604441548197, -0.5989999999999998659 ) ) ;
#521 = MECHANICAL_DESIGN_GEOMETRIC_PRESENTATION_REPRESENTATION (  '', ( #7353 ), #6723 ) ;
#522 = ORIENTED_EDGE ( 'NONE', *, *, #965, .T. ) ;
#523 = UNCERTAINTY_MEASURE_WITH_UNIT (LENGTH_MEASURE( 1.000000000000000082E-05 ), #4009, 'distance_accuracy_value', 'NONE');
#524 = SURFACE_SIDE_STYLE ('',( #5376 ) ) ;
#525 =( LENGTH_UNIT ( ) NAMED_UNIT ( * ) SI_UNIT ( .MILLI., .METRE. ) );
#526 = PRESENTATION_STYLE_ASSIGNMENT (( #5192 ) ) ;
#527 = PRESENTATION_STYLE_ASSIGNMENT (( #7302 ) ) ;
#528 = AXIS2_PLACEMENT_3D ( 'NONE', #1808, #1787, #4226 ) ;
#529 = CARTESIAN_POINT ( 'NONE',  ( 1.349999999999999867, 0.7701141590572478934, 0.0000000000000000000 ) ) ;
#530 =( NAMED_UNIT ( * ) PLANE_ANGLE_UNIT ( ) SI_UNIT ( $, .RADIAN. ) );
#531 = CARTESIAN_POINT ( 'NONE',  ( 0.4008448952040371549, -0.06703446416870305347, 0.5999999999999999778 ) ) ;
#532 = EDGE_CURVE ( 'NONE', #7097, #6038, #7192, .T. ) ;
#533 =( GEOMETRIC_REPRESENTATION_CONTEXT ( 3 ) GLOBAL_UNCERTAINTY_ASSIGNED_CONTEXT ( ( #4366 ) ) GLOBAL_UNIT_ASSIGNED_CONTEXT ( ( #640, #1232, #6688 ) ) REPRESENTATION_CONTEXT ( 'NONE', 'WORKASPACE' ) );
#534 = CARTESIAN_POINT ( 'NONE',  ( -0.2148221477121982081, 0.1460290470715222277, -0.5989999999999999769 ) ) ;
#535 = SURFACE_STYLE_FILL_AREA ( #2754 ) ;
#536 = CARTESIAN_POINT ( 'NONE',  ( 0.3804940214392182884, -0.01121388485143929963, 0.5999999999999999778 ) ) ;
#537 = VECTOR ( 'NONE', #4613, 1000.000000000000114 ) ;
#538 = DIRECTION ( 'NONE',  ( 0.0000000000000000000, 0.0000000000000000000, -1.000000000000000000 ) ) ;
#539 = MECHANICAL_DESIGN_GEOMETRIC_PRESENTATION_REPRESENTATION (  '', ( #4308 ), #2231 ) ;
#540 = CARTESIAN_POINT ( 'NONE',  ( 0.2247167242390212538, -0.09177583097725826311, -0.5989999999999999769 ) ) ;
#541 = VECTOR ( 'NONE', #1679, 1000.000000000000000 ) ;
#542 = EDGE_LOOP ( 'NONE', ( #7166, #4767, #3161, #7378 ) ) ;
#543 = LINE ( 'NONE', #5322, #4837 ) ;
#544 = DIRECTION ( 'NONE',  ( -6.323693270844066590E-16, 1.000000000000000000, 7.228014483236699908E-15 ) ) ;
#545 = DIRECTION ( 'NONE',  ( 1.000000000000000000, 0.0000000000000000000, 0.0000000000000000000 ) ) ;
#546 = STYLED_ITEM ( 'NONE', ( #5047 ), #1740 ) ;
#547 = PRESENTATION_LAYER_ASSIGNMENT (  '', '', ( #6220 ) ) ;
#548 =( NAMED_UNIT ( * ) PLANE_ANGLE_UNIT ( ) SI_UNIT ( $, .RADIAN. ) );
#549 = CARTESIAN_POINT ( 'NONE',  ( 0.0000000000000000000, 0.0000000000000000000, 0.5999999999999999778 ) ) ;
#550 = SURFACE_STYLE_FILL_AREA ( #6294 ) ;
#551 = PRESENTATION_STYLE_ASSIGNMENT (( #4234 ) ) ;
#552 = EDGE_LOOP ( 'NONE', ( #2917, #5181, #1871 ) ) ;
#553 = SURFACE_STYLE_USAGE ( .BOTH. , #3471 ) ;
#554 = LINE ( 'NONE', #2009, #1731 ) ;
#555 = CARTESIAN_POINT ( 'NONE',  ( 1.270016866663922439, 0.7200168666639229498, 0.5999999999999999778 ) ) ;
#556 = ORIENTED_EDGE ( 'NONE', *, *, #4059, .F. ) ;
#557 = SURFACE_SIDE_STYLE ('',( #1240 ) ) ;
#558 = CARTESIAN_POINT ( 'NONE',  ( 0.3178994949140394599, -0.1460002054815614514, 0.5989999999999999769 ) ) ;
#559 = DIRECTION ( 'NONE',  ( -0.0000000000000000000, -0.0000000000000000000, 1.000000000000000000 ) ) ;
#560 = PRESENTATION_LAYER_ASSIGNMENT (  '', '', ( #151 ) ) ;
#561 = VECTOR ( 'NONE', #949, 999.9999999999998863 ) ;
#562 = ORIENTED_EDGE ( 'NONE', *, *, #2085, .T. ) ;
#563 = FILL_AREA_STYLE_COLOUR ( '', #7502 ) ;
#564 = EDGE_CURVE ( 'NONE', #2442, #2991, #1125, .T. ) ;
#565 =( NAMED_UNIT ( * ) PLANE_ANGLE_UNIT ( ) SI_UNIT ( $, .RADIAN. ) );
#566 = FACE_OUTER_BOUND ( 'NONE', #1091, .T. ) ;
#567 =( LENGTH_UNIT ( ) NAMED_UNIT ( * ) SI_UNIT ( .MILLI., .METRE. ) );
#568 = PLANE ( 'NONE',  #3903 ) ;
#569 = UNCERTAINTY_MEASURE_WITH_UNIT (LENGTH_MEASURE( 1.000000000000000082E-05 ), #3681, 'distance_accuracy_value', 'NONE');
#570 = EDGE_LOOP ( 'NONE', ( #7538, #7452, #7164, #4725, #810, #4776, #3221, #114 ) ) ;
#571 = FACE_OUTER_BOUND ( 'NONE', #6474, .T. ) ;
#572 = ORIENTED_EDGE ( 'NONE', *, *, #5815, .F. ) ;
#573 = DIRECTION ( 'NONE',  ( 2.710505431213761085E-16, -1.000000000000000000, 0.0000000000000000000 ) ) ;
#574 = CARTESIAN_POINT ( 'NONE',  ( 0.0000000000000000000, 0.7276980124117917725, 0.5989999999999999769 ) ) ;
#575 = CARTESIAN_POINT ( 'NONE',  ( 0.2983156324373719137, 0.01472838215277644941, 0.5989999999999999769 ) ) ;
#576 = CARTESIAN_POINT ( 'NONE',  ( -1.032390010713868378, -0.2750000000000000222, 0.1499999999999999944 ) ) ;
#577 = B_SPLINE_CURVE_WITH_KNOTS ( 'NONE', 3,
 ( #2161, #4585, #5198, #1646, #3316, #7528, #1569, #7471, #2243, #2269, #6388, #3991, #5801, #2841, #3909, #4505, #2734, #6970, #6891 ),
 .UNSPECIFIED., .F., .F.,
 ( 4, 1, 1, 1, 1, 1, 1, 1, 1, 1, 1, 1, 1, 1, 1, 1, 4 ),
 ( 0.0000000000000000000, 0.07377411937406347375, 0.1440791147260412630, 0.2113485183089114094, 0.2760768857398837040, 0.3385209158196765267, 0.3998851166931335355, 0.4602540674652130792, 0.5205889643912476883, 0.5802076845630441682, 0.6386329085525458416, 0.6963645494905238431, 0.7540017746600127246, 0.8128056813744978237, 0.8727544255255602623, 0.9351819969782669828, 1.000000000000000000 ),
 .UNSPECIFIED. ) ;
#578 =( LENGTH_UNIT ( ) NAMED_UNIT ( * ) SI_UNIT ( .MILLI., .METRE. ) );
#579 = CARTESIAN_POINT ( 'NONE',  ( 0.2416545215076107422, 0.1477458219277014151, -0.6000000000000000888 ) ) ;
#580 = EDGE_LOOP ( 'NONE', ( #3865, #4924, #6645, #6003 ) ) ;
#581 = CIRCLE ( 'NONE', #7400, 0.009999999999999809389 ) ;
#582 = LINE ( 'NONE', #3562, #6487 ) ;
#583 = ORIENTED_EDGE ( 'NONE', *, *, #889, .T. ) ;
#584 = EDGE_LOOP ( 'NONE', ( #1547, #1784, #2714, #7263 ) ) ;
#585 = CARTESIAN_POINT ( 'NONE',  ( 0.4009070958520060679, -0.06400637394478454756, 0.5999999999999999778 ) ) ;
#586 =( NAMED_UNIT ( * ) PLANE_ANGLE_UNIT ( ) SI_UNIT ( $, .RADIAN. ) );
#587 = LINE ( 'NONE', #1018, #6398 ) ;
#588 = CARTESIAN_POINT ( 'NONE',  ( 0.4545656324373718582, -0.06072893492039429381, 0.5989999999999999769 ) ) ;
#589 = ORIENTED_EDGE ( 'NONE', *, *, #3596, .F. ) ;
#590 = ORIENTED_EDGE ( 'NONE', *, *, #6352, .T. ) ;
#591 = EDGE_CURVE ( 'NONE', #7445, #5633, #6840, .T. ) ;
#592 = CARTESIAN_POINT ( 'NONE',  ( -0.5269410501512226119, 0.1423705104861564263, -0.6000000000000000888 ) ) ;
#593 = SURFACE_STYLE_USAGE ( .BOTH. , #5930 ) ;
#594 = VECTOR ( 'NONE', #7387, 1000.000000000000000 ) ;
#595 = CARTESIAN_POINT ( 'NONE',  ( -0.3032907851765423435, -0.09767991464800868107, -0.6000000000000001998 ) ) ;
#596 = CARTESIAN_POINT ( 'NONE',  ( -0.2205052008345420866, 0.1788330287540401964, -0.5989999999999999769 ) ) ;
#597 = DIRECTION ( 'NONE',  ( -0.0000000000000000000, -0.0000000000000000000, 1.000000000000000000 ) ) ;
#598 = EDGE_CURVE ( 'NONE', #7523, #3999, #2495, .T. ) ;
#599 = VECTOR ( 'NONE', #4921, 1000.000000000000000 ) ;
#600 = CARTESIAN_POINT ( 'NONE',  ( -0.3377235964015533054, -0.06834173454502842637, -0.6000000000000001998 ) ) ;
#601 = FILL_AREA_STYLE ('',( #5328 ) ) ;
#602 = FACE_OUTER_BOUND ( 'NONE', #6660, .T. ) ;
#603 = ORIENTED_EDGE ( 'NONE', *, *, #4911, .F. ) ;
#604 = PRESENTATION_LAYER_ASSIGNMENT (  '', '', ( #7443 ) ) ;
#605 = FILL_AREA_STYLE ('',( #6655 ) ) ;
#606 = LINE ( 'NONE', #901, #7056 ) ;
#607 = UNCERTAINTY_MEASURE_WITH_UNIT (LENGTH_MEASURE( 1.000000000000000082E-05 ), #6852, 'distance_accuracy_value', 'NONE');
#608 = EDGE_LOOP ( 'NONE', ( #58, #6552, #7504, #5639 ) ) ;
#609 = DIRECTION ( 'NONE',  ( -0.0000000000000000000, -0.0000000000000000000, -1.000000000000000000 ) ) ;
#610 = SURFACE_SIDE_STYLE ('',( #5482 ) ) ;
#611 = SURFACE_STYLE_USAGE ( .BOTH. , #1827 ) ;
#612 = CARTESIAN_POINT ( 'NONE',  ( -0.2911186412983092220, 0.1242149980772714463, -0.5999999999999997558 ) ) ;
#613 = CIRCLE ( 'NONE', #5833, 0.03000000000000003011 ) ;
#614 = AXIS2_PLACEMENT_3D ( 'NONE', #2378, #6650, #4841 ) ;
#615 = UNCERTAINTY_MEASURE_WITH_UNIT (LENGTH_MEASURE( 1.000000000000000082E-05 ), #1390, 'distance_accuracy_value', 'NONE');
#616 = SURFACE_STYLE_USAGE ( .BOTH. , #2417 ) ;
#617 = CARTESIAN_POINT ( 'NONE',  ( -0.3468198152418918712, 0.1178681616149581390, -0.5989999999999996438 ) ) ;
#618 = ORIENTED_EDGE ( 'NONE', *, *, #864, .T. ) ;
#619 = PRESENTATION_LAYER_ASSIGNMENT (  '', '', ( #4941 ) ) ;
#620 = CARTESIAN_POINT ( 'NONE',  ( 1.588985775486360774, 0.2750000000000000222, 0.003944918839624810165 ) ) ;
#621 = LINE ( 'NONE', #3101, #6436 ) ;
#622 = SURFACE_SIDE_STYLE ('',( #6919 ) ) ;
#623 = DIRECTION ( 'NONE',  ( 0.07326583197257094393, 0.9973124474633647818, 0.0000000000000000000 ) ) ;
#624 = VECTOR ( 'NONE', #2722, 1000.000000000000000 ) ;
#625 =( GEOMETRIC_REPRESENTATION_CONTEXT ( 3 ) GLOBAL_UNCERTAINTY_ASSIGNED_CONTEXT ( ( #6330 ) ) GLOBAL_UNIT_ASSIGNED_CONTEXT ( ( #6248, #5640, #4388 ) ) REPRESENTATION_CONTEXT ( 'NONE', 'WORKASPACE' ) );
#626 = CARTESIAN_POINT ( 'NONE',  ( 0.3821844844002075248, -0.1765500934438544167, 0.5989999999999998659 ) ) ;
#627 = DIRECTION ( 'NONE',  ( 0.0000000000000000000, -1.000000000000000000, 0.0000000000000000000 ) ) ;
#628 = EDGE_CURVE ( 'NONE', #6021, #6940, #2786, .T. ) ;
#629 = DIRECTION ( 'NONE',  ( -0.08682659386424781967, 0.08682659386424779191, -0.9924325091389669673 ) ) ;
#630 = ADVANCED_FACE ( 'NONE', ( #1762 ), #2156, .T. ) ;
#631 = ORIENTED_EDGE ( 'NONE', *, *, #7593, .F. ) ;
#632 = DIRECTION ( 'NONE',  ( 0.0000000000000000000, -1.000000000000000000, 0.0000000000000000000 ) ) ;
#633 = CARTESIAN_POINT ( 'NONE',  ( -0.3136518933949372090, 0.1013894812913345711, -0.5999999999999998668 ) ) ;
#634 = COLOUR_RGB ( '',0.2509803921568627416, 0.2509803921568627416, 0.2509803921568627416 ) ;
#635 = CARTESIAN_POINT ( 'NONE',  ( -0.2453606186679326562, -0.1186430880863783704, -0.5999999999999999778 ) ) ;
#636 = CARTESIAN_POINT ( 'NONE',  ( -0.3609217006308179099, 0.09279702887808255474, -0.5989999999999998659 ) ) ;
#637 = ORIENTED_EDGE ( 'NONE', *, *, #6997, .F. ) ;
#638 = VECTOR ( 'NONE', #1867, 1000.000000000000000 ) ;
#639 =( GEOMETRIC_REPRESENTATION_CONTEXT ( 3 ) GLOBAL_UNCERTAINTY_ASSIGNED_CONTEXT ( ( #3571 ) ) GLOBAL_UNIT_ASSIGNED_CONTEXT ( ( #1804, #3559, #2409 ) ) REPRESENTATION_CONTEXT ( 'NONE', 'WORKASPACE' ) );
#640 =( LENGTH_UNIT ( ) NAMED_UNIT ( * ) SI_UNIT ( .MILLI., .METRE. ) );
#641 = SURFACE_STYLE_FILL_AREA ( #3569 ) ;
#642 = ORIENTED_EDGE ( 'NONE', *, *, #789, .T. ) ;
#643 = CARTESIAN_POINT ( 'NONE',  ( 1.349999999999999423, 0.7876483080687598504, -1.691948312140464730E-15 ) ) ;
#644 = COLOUR_RGB ( '',1.000000000000000000, 1.000000000000000000, 1.000000000000000000 ) ;
#645 =( NAMED_UNIT ( * ) PLANE_ANGLE_UNIT ( ) SI_UNIT ( $, .RADIAN. ) );
#646 = VERTEX_POINT ( 'NONE', #4199 ) ;
#647 = SURFACE_STYLE_FILL_AREA ( #1943 ) ;
#648 = ORIENTED_EDGE ( 'NONE', *, *, #7055, .F. ) ;
#649 =( LENGTH_UNIT ( ) NAMED_UNIT ( * ) SI_UNIT ( .MILLI., .METRE. ) );
#650 = CARTESIAN_POINT ( 'NONE',  ( 0.3865275021070826988, -0.1116750730527832219, 0.5989999999999998659 ) ) ;
#651 = PRESENTATION_STYLE_ASSIGNMENT (( #6402 ) ) ;
#652 = LINE ( 'NONE', #7417, #6183 ) ;
#653 = UNCERTAINTY_MEASURE_WITH_UNIT (LENGTH_MEASURE( 1.000000000000000082E-05 ), #3888, 'distance_accuracy_value', 'NONE');
#654 =( GEOMETRIC_REPRESENTATION_CONTEXT ( 3 ) GLOBAL_UNCERTAINTY_ASSIGNED_CONTEXT ( ( #2720 ) ) GLOBAL_UNIT_ASSIGNED_CONTEXT ( ( #4824, #1315, #1970 ) ) REPRESENTATION_CONTEXT ( 'NONE', 'WORKASPACE' ) );
#655 = EDGE_CURVE ( 'NONE', #1775, #4676, #3967, .T. ) ;
#656 = MECHANICAL_DESIGN_GEOMETRIC_PRESENTATION_REPRESENTATION (  '', ( #6351 ), #6580 ) ;
#657 = EDGE_CURVE ( 'NONE', #761, #4511, #7581, .T. ) ;
#658 = CARTESIAN_POINT ( 'NONE',  ( -1.588985775486360774, 0.2750000000000000222, 0.003944918839624810165 ) ) ;
#659 =( GEOMETRIC_REPRESENTATION_CONTEXT ( 3 ) GLOBAL_UNCERTAINTY_ASSIGNED_CONTEXT ( ( #2829 ) ) GLOBAL_UNIT_ASSIGNED_CONTEXT ( ( #7611, #5208, #2252 ) ) REPRESENTATION_CONTEXT ( 'NONE', 'WORKASPACE' ) );
#660 = CARTESIAN_POINT ( 'NONE',  ( -1.350000000000000311, 0.8000000000000002665, 0.0000000000000000000 ) ) ;
#661 = VECTOR ( 'NONE', #5008, 1000.000000000000000 ) ;
#662 = ORIENTED_EDGE ( 'NONE', *, *, #1758, .T. ) ;
#663 = ORIENTED_EDGE ( 'NONE', *, *, #358, .F. ) ;
#664 = CARTESIAN_POINT ( 'NONE',  ( 1.349999999999999867, 0.8000000000000002665, 0.0000000000000000000 ) ) ;
#665 = DIRECTION ( 'NONE',  ( -5.330734548809087965E-16, 0.0000000000000000000, 1.000000000000000000 ) ) ;
#666 = SURFACE_STYLE_USAGE ( .BOTH. , #3591 ) ;
#667 = CARTESIAN_POINT ( 'NONE',  ( 0.2148056584969262328, 0.1496397214779864593, -0.5989999999999998659 ) ) ;
#668 = ORIENTED_EDGE ( 'NONE', *, *, #7173, .T. ) ;
#669 = VERTEX_POINT ( 'NONE', #3604 ) ;
#670 = STYLED_ITEM ( 'NONE', ( #6133 ), #2274 ) ;
#671 = EDGE_LOOP ( 'NONE', ( #6816, #3747, #7498, #4101 ) ) ;
#672 = LINE ( 'NONE', #992, #2502 ) ;
#673 = SURFACE_SIDE_STYLE ('',( #6381 ) ) ;
#674 = ORIENTED_EDGE ( 'NONE', *, *, #4435, .F. ) ;
#675 = AXIS2_PLACEMENT_3D ( 'NONE', #6001, #4769, #4793 ) ;
#676 =( LENGTH_UNIT ( ) NAMED_UNIT ( * ) SI_UNIT ( .MILLI., .METRE. ) );
#677 = CARTESIAN_POINT ( 'NONE',  ( 0.2801962308713759620, 0.01458618447885839074, 0.5999999999999998668 ) ) ;
#678 = PRESENTATION_LAYER_ASSIGNMENT (  '', '', ( #1075 ) ) ;
#679 = SURFACE_SIDE_STYLE ('',( #16 ) ) ;
#680 = CARTESIAN_POINT ( 'NONE',  ( 1.646612987842787978, 0.2750000000000000222, -0.6999999999999997335 ) ) ;
#681 = CARTESIAN_POINT ( 'NONE',  ( 0.2576882624082461604, -0.08752241204818769771, -0.5989999999999999769 ) ) ;
#682 = CARTESIAN_POINT ( 'NONE',  ( -0.3658041971656182390, 0.07896677015178715786, -0.5989999999999999769 ) ) ;
#683 =( LENGTH_UNIT ( ) NAMED_UNIT ( * ) SI_UNIT ( .MILLI., .METRE. ) );
#684 = VECTOR ( 'NONE', #1536, 1000.000000000000000 ) ;
#685 = FILL_AREA_STYLE_COLOUR ( '', #7061 ) ;
#686 =( NAMED_UNIT ( * ) SI_UNIT ( $, .STERADIAN. ) SOLID_ANGLE_UNIT ( ) );
#687 = CARTESIAN_POINT ( 'NONE',  ( -0.2511872977057749701, 0.1422380651086194159, -0.5990000000000001990 ) ) ;
#688 = CARTESIAN_POINT ( 'NONE',  ( 0.1885026715440735745, 0.1810633641799087035, -0.5989999999999998659 ) ) ;
#689 = UNCERTAINTY_MEASURE_WITH_UNIT (LENGTH_MEASURE( 1.000000000000000082E-05 ), #2317, 'distance_accuracy_value', 'NONE');
#690 = ORIENTED_EDGE ( 'NONE', *, *, #1665, .F. ) ;
#691 = STYLED_ITEM ( 'NONE', ( #4808 ), #2984 ) ;
#692 = ORIENTED_EDGE ( 'NONE', *, *, #694, .F. ) ;
#693 = SURFACE_SIDE_STYLE ('',( #4535 ) ) ;
#694 = EDGE_CURVE ( 'NONE', #6316, #1266, #986, .T. ) ;
#695 = CARTESIAN_POINT ( 'NONE',  ( -0.2176846439534261823, -0.08801958171685562993, -0.5999999999999999778 ) ) ;
#696 = ADVANCED_FACE ( 'NONE', ( #1216 ), #66, .T. ) ;
#697 = FACE_BOUND ( 'NONE', #5910, .T. ) ;
#698 = CARTESIAN_POINT ( 'NONE',  ( 0.2983156324373719137, 0.01472838215277644941, 0.5999999999999999778 ) ) ;
#699 = FACE_OUTER_BOUND ( 'NONE', #20, .T. ) ;
#700 = COLOUR_RGB ( '',0.2509803921568627416, 0.2509803921568627416, 0.2509803921568627416 ) ;
#701 = FILL_AREA_STYLE_COLOUR ( '', #2150 ) ;
#702 = SURFACE_SIDE_STYLE ('',( #7194 ) ) ;
#703 = CARTESIAN_POINT ( 'NONE',  ( 0.3159985592666401666, 0.05863082117716668373, 0.5989999999999999769 ) ) ;
#704 = MECHANICAL_DESIGN_GEOMETRIC_PRESENTATION_REPRESENTATION (  '', ( #1788 ), #5219 ) ;
#705 = DIRECTION ( 'NONE',  ( 1.000000000000000000, -0.0000000000000000000, 0.0000000000000000000 ) ) ;
#706 = CARTESIAN_POINT ( 'NONE',  ( 0.2825463151973858222, 0.1309414736771606635, -0.5989999999999999769 ) ) ;
#707 = CARTESIAN_POINT ( 'NONE',  ( 0.3159985592666401666, 0.05863082117716669067, 0.5999999999999999778 ) ) ;
#708 = PRESENTATION_STYLE_ASSIGNMENT (( #2151 ) ) ;
#709 = ORIENTED_EDGE ( 'NONE', *, *, #4135, .T. ) ;
#710 = CARTESIAN_POINT ( 'NONE',  ( 0.1477159620438993348, -0.1054953431723802126, -0.5989999999999999769 ) ) ;
#711 = SURFACE_STYLE_FILL_AREA ( #5306 ) ;
#712 = DIRECTION ( 'NONE',  ( 0.0000000000000000000, 0.08715574274765836016, -0.9961946980917455452 ) ) ;
#713 = CYLINDRICAL_SURFACE ( 'NONE', #4603, 0.03000000000000002665 ) ;
#714 = ORIENTED_EDGE ( 'NONE', *, *, #1758, .F. ) ;
#715 = DIRECTION ( 'NONE',  ( 1.000000000000000000, 0.0000000000000000000, 0.0000000000000000000 ) ) ;
#716 = EDGE_CURVE ( 'NONE', #2991, #5490, #4161, .T. ) ;
#717 = ADVANCED_FACE ( 'NONE', ( #5460 ), #4976, .T. ) ;
#718 = ORIENTED_EDGE ( 'NONE', *, *, #1167, .T. ) ;
#719 = PRESENTATION_STYLE_ASSIGNMENT (( #3730 ) ) ;
#720 = EDGE_CURVE ( 'NONE', #2135, #1668, #5215, .T. ) ;
#721 = CARTESIAN_POINT ( 'NONE',  ( 0.3941029938356465645, -0.1703200000235737810, 0.6000000000000004219 ) ) ;
#722 = CARTESIAN_POINT ( 'NONE',  ( 0.3120589590030854454, -0.1021140295019084959, -0.6000000000000004219 ) ) ;
#723 =( LENGTH_UNIT ( ) NAMED_UNIT ( * ) SI_UNIT ( .MILLI., .METRE. ) );
#724 = ORIENTED_EDGE ( 'NONE', *, *, #6652, .T. ) ;
#725 = CIRCLE ( 'NONE', #513, 0.1599999999999997813 ) ;
#726 = ORIENTED_EDGE ( 'NONE', *, *, #6462, .T. ) ;
#727 = CARTESIAN_POINT ( 'NONE',  ( 0.3083871001955534319, -0.05187175467273453383, -0.5999999999999998668 ) ) ;
#728 = CARTESIAN_POINT ( 'NONE',  ( 0.3003792604586883463, -0.1091142086202636641, -0.5999999999999997558 ) ) ;
#729 = CARTESIAN_POINT ( 'NONE',  ( -1.336876700471111512, 0.2749999999999999667, 0.1500000000000000222 ) ) ;
#730 = CARTESIAN_POINT ( 'NONE',  ( 0.005785144632493820216, 0.1708259431283862262, 0.5999999999999999778 ) ) ;
#731 = LINE ( 'NONE', #3489, #2127 ) ;
#732 = DIRECTION ( 'NONE',  ( 0.9961946980917454342, 0.0000000000000000000, -0.08715574274765894303 ) ) ;
#733 = CARTESIAN_POINT ( 'NONE',  ( 0.3186434425640592982, 0.08780060842819246980, -0.5999999999999999778 ) ) ;
#734 = CARTESIAN_POINT ( 'NONE',  ( -1.032390010713868378, 0.2750000000000000222, 0.0000000000000000000 ) ) ;
#735 = DIRECTION ( 'NONE',  ( 1.000000000000000000, 0.0000000000000000000, 0.0000000000000000000 ) ) ;
#736 = FACE_BOUND ( 'NONE', #3848, .T. ) ;
#737 = ORIENTED_EDGE ( 'NONE', *, *, #6981, .T. ) ;
#738 = VECTOR ( 'NONE', #6707, 1000.000000000000000 ) ;
#739 = PRESENTATION_STYLE_ASSIGNMENT (( #6066 ) ) ;
#740 = UNCERTAINTY_MEASURE_WITH_UNIT (LENGTH_MEASURE( 1.000000000000000082E-05 ), #4381, 'distance_accuracy_value', 'NONE');
#741 = ORIENTED_EDGE ( 'NONE', *, *, #5810, .F. ) ;
#742 = ORIENTED_EDGE ( 'NONE', *, *, #1196, .T. ) ;
#743 = LINE ( 'NONE', #4251, #3680 ) ;
#744 = CARTESIAN_POINT ( 'NONE',  ( 0.4541949792618403259, -0.04721784327160095940, 0.5989999999999998659 ) ) ;
#745 = VERTEX_POINT ( 'NONE', #245 ) ;
#746 = EDGE_CURVE ( 'NONE', #1928, #4608, #918, .T. ) ;
#747 = MECHANICAL_DESIGN_GEOMETRIC_PRESENTATION_REPRESENTATION (  '', ( #362 ), #7516 ) ;
#748 = SURFACE_SIDE_STYLE ('',( #261 ) ) ;
#749 = DIRECTION ( 'NONE',  ( 0.9961946980917455452, 0.0000000000000000000, 0.08715574274765831853 ) ) ;
#750 = COLOUR_RGB ( '',0.5019607843137254832, 0.5019607843137254832, 0.5019607843137254832 ) ;
#751 =( NAMED_UNIT ( * ) SI_UNIT ( $, .STERADIAN. ) SOLID_ANGLE_UNIT ( ) );
#752 = SURFACE_STYLE_USAGE ( .BOTH. , #246 ) ;
#753 =( NAMED_UNIT ( * ) PLANE_ANGLE_UNIT ( ) SI_UNIT ( $, .RADIAN. ) );
#754 = ORIENTED_EDGE ( 'NONE', *, *, #4074, .T. ) ;
#755 = CIRCLE ( 'NONE', #2711, 0.009999999999999809389 ) ;
#756 =( LENGTH_UNIT ( ) NAMED_UNIT ( * ) SI_UNIT ( .MILLI., .METRE. ) );
#757 = DIRECTION ( 'NONE',  ( -1.000000000000000000, 0.0000000000000000000, 0.0000000000000000000 ) ) ;
#758 = CARTESIAN_POINT ( 'NONE',  ( -0.5767314464926859285, -0.003970952928477775382, -0.5989999999999999769 ) ) ;
#759 = AXIS2_PLACEMENT_3D ( 'NONE', #6834, #423, #996 ) ;
#760 = ORIENTED_EDGE ( 'NONE', *, *, #1329, .T. ) ;
#761 = VERTEX_POINT ( 'NONE', #2072 ) ;
#762 = CARTESIAN_POINT ( 'NONE',  ( 0.2148262270274847174, 0.1825894095944982365, -0.5989999999999999769 ) ) ;
#763 = EDGE_CURVE ( 'NONE', #7520, #3361, #4981, .T. ) ;
#764 =( GEOMETRIC_REPRESENTATION_CONTEXT ( 3 ) GLOBAL_UNCERTAINTY_ASSIGNED_CONTEXT ( ( #2677 ) ) GLOBAL_UNIT_ASSIGNED_CONTEXT ( ( #909, #2146, #2666 ) ) REPRESENTATION_CONTEXT ( 'NONE', 'WORKASPACE' ) );
#765 = ORIENTED_EDGE ( 'NONE', *, *, #2631, .F. ) ;
#766 = CARTESIAN_POINT ( 'NONE',  ( 0.2789558763398109487, 0.05710643093326424335, 0.5989999999999999769 ) ) ;
#767 = SURFACE_STYLE_FILL_AREA ( #2819 ) ;
#768 =( NAMED_UNIT ( * ) PLANE_ANGLE_UNIT ( ) SI_UNIT ( $, .RADIAN. ) );
#769 = CARTESIAN_POINT ( 'NONE',  ( 0.2878734510810257996, -0.1147773319301269163, -0.5989999999999997549 ) ) ;
#770 = PRESENTATION_LAYER_ASSIGNMENT (  '', '', ( #1416 ) ) ;
#771 = CARTESIAN_POINT ( 'NONE',  ( 0.4246691249778027366, -0.1455827720483489907, 0.5999999999999999778 ) ) ;
#772 = PRESENTATION_STYLE_ASSIGNMENT (( #1399 ) ) ;
#773 = VERTEX_POINT ( 'NONE', #3145 ) ;
#774 = CARTESIAN_POINT ( 'NONE',  ( 0.3228352556045576693, -0.09372166588781026542, -0.5999999999999997558 ) ) ;
#775 = AXIS2_PLACEMENT_3D ( 'NONE', #3755, #779, #142 ) ;
#776 = SURFACE_SIDE_STYLE ('',( #6188 ) ) ;
#777 = CARTESIAN_POINT ( 'NONE',  ( -1.270016866663923105, 0.7200168666639229498, -0.5699999999999999512 ) ) ;
#778 = CARTESIAN_POINT ( 'NONE',  ( 0.3615967496124821712, -0.03692139231998339127, -0.5989999999999997549 ) ) ;
#779 = DIRECTION ( 'NONE',  ( 0.0000000000000000000, 1.000000000000000000, 0.0000000000000000000 ) ) ;
#780 = CARTESIAN_POINT ( 'NONE',  ( 0.2451144129251767445, 0.2147283821527764813, 0.5989999999999999769 ) ) ;
#781 = UNCERTAINTY_MEASURE_WITH_UNIT (LENGTH_MEASURE( 1.000000000000000082E-05 ), #6753, 'distance_accuracy_value', 'NONE');
#782 = DIRECTION ( 'NONE',  ( 0.0000000000000000000, 0.0000000000000000000, -1.000000000000000000 ) ) ;
#783 = CARTESIAN_POINT ( 'NONE',  ( 0.3289114349233800416, 0.05259303779766402037, -0.6000000000000000888 ) ) ;
#784 = CARTESIAN_POINT ( 'NONE',  ( 0.2034176599687627929, -0.09067209615100249587, -0.5989999999999997549 ) ) ;
#785 = ORIENTED_EDGE ( 'NONE', *, *, #6793, .F. ) ;
#786 = CARTESIAN_POINT ( 'NONE',  ( 0.1626746612092974387, 0.1760152762839473917, -0.5989999999999998659 ) ) ;
#787 = ADVANCED_FACE ( 'NONE', ( #5850 ), #7237, .T. ) ;
#788 = STYLED_ITEM ( 'NONE', ( #2241 ), #3634 ) ;
#789 = EDGE_CURVE ( 'NONE', #3116, #4191, #5282, .T. ) ;
#790 = DIRECTION ( 'NONE',  ( -0.0000000000000000000, -0.0000000000000000000, -1.000000000000000000 ) ) ;
#791 = EDGE_CURVE ( 'NONE', #2606, #2688, #2139, .T. ) ;
#792 = CARTESIAN_POINT ( 'NONE',  ( 0.3941029938356465645, -0.1703200000235737810, 0.5990000000000003100 ) ) ;
#793 = VECTOR ( 'NONE', #632, 1000.000000000000000 ) ;
#794 = LINE ( 'NONE', #6890, #2458 ) ;
#795 = CARTESIAN_POINT ( 'NONE',  ( -0.5281246663342384906, 0.1358089423982263844, -0.5989999999999998659 ) ) ;
#796 = DIRECTION ( 'NONE',  ( -0.0000000000000000000, -1.000000000000000000, -0.0000000000000000000 ) ) ;
#797 = CARTESIAN_POINT ( 'NONE',  ( 0.1477159620438993626, -0.07256851390408754210, -0.6000000000000001998 ) ) ;
#798 = CARTESIAN_POINT ( 'NONE',  ( 0.3615967496124821712, -0.03692139231998339127, -0.5999999999999997558 ) ) ;
#799 = CARTESIAN_POINT ( 'NONE',  ( 0.3169040998701276313, 0.1492327762523293910, -0.5989999999999999769 ) ) ;
#800 = SURFACE_STYLE_USAGE ( .BOTH. , #2048 ) ;
#801 =( NAMED_UNIT ( * ) SI_UNIT ( $, .STERADIAN. ) SOLID_ANGLE_UNIT ( ) );
#802 = PLANE ( 'NONE',  #775 ) ;
#803 = PRESENTATION_LAYER_ASSIGNMENT (  '', '', ( #2488 ) ) ;
#804 = ADVANCED_FACE ( 'NONE', ( #292 ), #7364, .T. ) ;
#805 = CIRCLE ( 'NONE', #3790, 0.02999999999999997113 ) ;
#806 = CARTESIAN_POINT ( 'NONE',  ( -0.4662893733219542480, -0.03689778219677045806, -0.5989999999999999769 ) ) ;
#807 = CARTESIAN_POINT ( 'NONE',  ( 0.2789558763398109487, 0.05710643093326424335, 0.5989999999999999769 ) ) ;
#808 = AXIS2_PLACEMENT_3D ( 'NONE', #4866, #705, #196 ) ;
#809 = VECTOR ( 'NONE', #2731, 999.9999999999998863 ) ;
#810 = ORIENTED_EDGE ( 'NONE', *, *, #2388, .T. ) ;
#811 = VECTOR ( 'NONE', #4356, 1000.000000000000000 ) ;
#812 = DIRECTION ( 'NONE',  ( -0.08682659386424776415, -0.08682659386424779191, -0.9924325091389670783 ) ) ;
#813 = FILL_AREA_STYLE ('',( #309 ) ) ;
#814 = ADVANCED_FACE ( 'NONE', ( #6293, #3859, #2329, #6649, #6739, #5085 ), #319, .F. ) ;
#815 = COLOUR_RGB ( '',1.000000000000000000, 1.000000000000000000, 1.000000000000000000 ) ;
#816 = EDGE_LOOP ( 'NONE', ( #6087, #3035, #1382, #2763 ) ) ;
#817 = CARTESIAN_POINT ( 'NONE',  ( 0.1626746612092974387, 0.1760152762839473917, -0.5989999999999998659 ) ) ;
#818 = LINE ( 'NONE', #1780, #4602 ) ;
#819 = STYLED_ITEM ( 'NONE', ( #1362 ), #1168 ) ;
#820 = ORIENTED_EDGE ( 'NONE', *, *, #4135, .F. ) ;
#821 = SURFACE_STYLE_FILL_AREA ( #243 ) ;
#822 = VERTEX_POINT ( 'NONE', #5061 ) ;
#823 = DIRECTION ( 'NONE',  ( 1.000000000000000000, 0.0000000000000000000, 0.0000000000000000000 ) ) ;
#824 = CARTESIAN_POINT ( 'NONE',  ( 0.2302616937512164119, -0.1247026602455509336, -0.5989999999999999769 ) ) ;
#825 = SURFACE_STYLE_FILL_AREA ( #1754 ) ;
#826 = CARTESIAN_POINT ( 'NONE',  ( 0.0000000000000000000, 0.0000000000000000000, -0.5989999999999999769 ) ) ;
#827 = ADVANCED_FACE ( 'NONE', ( #2869 ), #7473, .T. ) ;
#828 = DIRECTION ( 'NONE',  ( 0.0000000000000000000, 1.000000000000000000, 2.937289722555963958E-13 ) ) ;
#829 = EDGE_LOOP ( 'NONE', ( #7001, #2604, #2444, #7637 ) ) ;
#830 = CARTESIAN_POINT ( 'NONE',  ( 0.1503800777322270299, 0.1320283184811610333, -0.5999999999999999778 ) ) ;
#831 = CARTESIAN_POINT ( 'NONE',  ( 0.3687077006857065187, -0.008299042712476920741, -0.5989999999999998659 ) ) ;
#832 = VECTOR ( 'NONE', #5462, 1000.000000000000000 ) ;
#833 = CARTESIAN_POINT ( 'NONE',  ( 0.4545656324373718582, -0.06072893492039429381, 0.5999999999999999778 ) ) ;
#834 = VECTOR ( 'NONE', #4132, 999.9999999999998863 ) ;
#835 = CARTESIAN_POINT ( 'NONE',  ( 0.2179712974097529898, 0.1496875836568880846, -0.5989999999999999769 ) ) ;
#836 = SPHERICAL_SURFACE ( 'NONE', #424, 0.02999999999999999889 ) ;
#837 = UNCERTAINTY_MEASURE_WITH_UNIT (LENGTH_MEASURE( 1.000000000000000082E-05 ), #3979, 'distance_accuracy_value', 'NONE');
#838 = MECHANICAL_DESIGN_GEOMETRIC_PRESENTATION_REPRESENTATION (  '', ( #5983 ), #2335 ) ;
#839 = EDGE_CURVE ( 'NONE', #5398, #7256, #2669, .T. ) ;
#840 = FILL_AREA_STYLE ('',( #2603 ) ) ;
#841 = CARTESIAN_POINT ( 'NONE',  ( 1.270016866663922439, -0.7200168666639226167, -0.5699999999999999512 ) ) ;
#842 = CARTESIAN_POINT ( 'NONE',  ( -1.299902707606675367, 0.7200168666639229498, -0.5726146722824297930 ) ) ;
#843 = ORIENTED_EDGE ( 'NONE', *, *, #3873, .T. ) ;
#844 = ORIENTED_EDGE ( 'NONE', *, *, #188, .T. ) ;
#845 = ADVANCED_FACE ( 'NONE', ( #7465 ), #6209, .T. ) ;
#846 =( NAMED_UNIT ( * ) SI_UNIT ( $, .STERADIAN. ) SOLID_ANGLE_UNIT ( ) );
#847 = STYLED_ITEM ( 'NONE', ( #1337 ), #5486 ) ;
#848 =( NAMED_UNIT ( * ) PLANE_ANGLE_UNIT ( ) SI_UNIT ( $, .RADIAN. ) );
#849 = ADVANCED_FACE ( 'NONE', ( #7561 ), #1460, .T. ) ;
#850 = DIRECTION ( 'NONE',  ( -0.0000000000000000000, -1.000000000000000000, -0.0000000000000000000 ) ) ;
#851 =( LENGTH_UNIT ( ) NAMED_UNIT ( * ) SI_UNIT ( .MILLI., .METRE. ) );
#852 = ORIENTED_EDGE ( 'NONE', *, *, #3720, .F. ) ;
#853 = SURFACE_SIDE_STYLE ('',( #132 ) ) ;
#854 = CARTESIAN_POINT ( 'NONE',  ( 0.2300080781941601926, 0.1494287708333347231, -0.5989999999999997549 ) ) ;
#855 = CARTESIAN_POINT ( 'NONE',  ( -0.3034330913448932687, 0.1567903071250491831, -0.6000000000000000888 ) ) ;
#856 = MECHANICAL_DESIGN_GEOMETRIC_PRESENTATION_REPRESENTATION (  '', ( #2738 ), #2217 ) ;
#857 = DIRECTION ( 'NONE',  ( -0.0000000000000000000, -1.000000000000000000, -0.0000000000000000000 ) ) ;
#858 = CARTESIAN_POINT ( 'NONE',  ( -0.1705767208829299386, -0.08811729439189239232, -0.5999999999999999778 ) ) ;
#859 = ORIENTED_EDGE ( 'NONE', *, *, #3333, .F. ) ;
#860 = EDGE_CURVE ( 'NONE', #7259, #3177, #4318, .T. ) ;
#862 = VERTEX_POINT ( 'NONE', #2859 ) ;
#861 = DIRECTION ( 'NONE',  ( 1.000000000000000000, 0.0000000000000000000, 0.0000000000000000000 ) ) ;
#863 = STYLED_ITEM ( 'NONE', ( #2245 ), #787 ) ;
#864 = EDGE_CURVE ( 'NONE', #3752, #5305, #474, .T. ) ;
#865 = DIRECTION ( 'NONE',  ( 1.000000000000000000, 0.0000000000000000000, 0.0000000000000000000 ) ) ;
#866 = SURFACE_STYLE_FILL_AREA ( #5565 ) ;
#867 = ORIENTED_EDGE ( 'NONE', *, *, #6579, .F. ) ;
#868 = VERTEX_POINT ( 'NONE', #3929 ) ;
#869 = CARTESIAN_POINT ( 'NONE',  ( -0.6644791599073202049, -0.1210441236601850767, -0.5989999999999999769 ) ) ;
#870 = CARTESIAN_POINT ( 'NONE',  ( 0.3542819234305560339, 0.1021272321914985931, -0.6000000000000001998 ) ) ;
#871 = CARTESIAN_POINT ( 'NONE',  ( 1.349999999999999867, 0.2749999999999999667, 0.0000000000000000000 ) ) ;
#872 =( LENGTH_UNIT ( ) NAMED_UNIT ( * ) SI_UNIT ( .MILLI., .METRE. ) );
#873 = UNCERTAINTY_MEASURE_WITH_UNIT (LENGTH_MEASURE( 1.000000000000000082E-05 ), #723, 'distance_accuracy_value', 'NONE');
#874 = SURFACE_SIDE_STYLE ('',( #6832 ) ) ;
#875 = CARTESIAN_POINT ( 'NONE',  ( 0.1503800777322270299, 0.1320283184811610333, -0.5989999999999999769 ) ) ;
#876 = CARTESIAN_POINT ( 'NONE',  ( 1.429594623791681229, -0.2750000000000000222, 4.864353580123063085E-17 ) ) ;
#877 = ADVANCED_FACE ( 'NONE', ( #282 ), #988, .T. ) ;
#878 = SURFACE_STYLE_FILL_AREA ( #1519 ) ;
#879 = CARTESIAN_POINT ( 'NONE',  ( -0.2149936416146371876, 0.1789558763398149122, -0.5999999999999999778 ) ) ;
#880 = FACE_OUTER_BOUND ( 'NONE', #5647, .T. ) ;
#881 = PLANE ( 'NONE',  #1171 ) ;
#882 = DIRECTION ( 'NONE',  ( 0.0000000000000000000, -0.0000000000000000000, -1.000000000000000000 ) ) ;
#883 = PRESENTATION_LAYER_ASSIGNMENT (  '', '', ( #6031 ) ) ;
#884 = EDGE_CURVE ( 'NONE', #1268, #7523, #2954, .T. ) ;
#885 = VECTOR ( 'NONE', #4162, 1000.000000000000000 ) ;
#886 = SURFACE_STYLE_USAGE ( .BOTH. , #4360 ) ;
#887 = LINE ( 'NONE', #6080, #3643 ) ;
#888 = EDGE_LOOP ( 'NONE', ( #6827, #1082, #5630, #3524 ) ) ;
#889 = EDGE_CURVE ( 'NONE', #4869, #4497, #2767, .T. ) ;
#890 = CARTESIAN_POINT ( 'NONE',  ( -0.8324871361935458625, 1.015288465802815843, 0.5989999999999999769 ) ) ;
#891 = PRESENTATION_LAYER_ASSIGNMENT (  '', '', ( #1528 ) ) ;
#892 = CARTESIAN_POINT ( 'NONE',  ( 0.2182785536580317820, -0.1245621181812736483, -0.5999999999999998668 ) ) ;
#893 = ORIENTED_EDGE ( 'NONE', *, *, #2533, .F. ) ;
#894 = CARTESIAN_POINT ( 'NONE',  ( 0.3708866937512163564, 0.02329657755932710780, -0.5989999999999999769 ) ) ;
#895 = CARTESIAN_POINT ( 'NONE',  ( 0.2353106469156230063, -0.1304971846299832205, 0.5989999999999999769 ) ) ;
#896 = DIRECTION ( 'NONE',  ( -6.546948635400321533E-15, 2.937289722555963958E-13, -1.000000000000000000 ) ) ;
#897 = FILL_AREA_STYLE ('',( #2214 ) ) ;
#898 =( NAMED_UNIT ( * ) SI_UNIT ( $, .STERADIAN. ) SOLID_ANGLE_UNIT ( ) );
#899 = PRESENTATION_LAYER_ASSIGNMENT (  '', '', ( #5962 ) ) ;
#900 = ORIENTED_EDGE ( 'NONE', *, *, #3996, .T. ) ;
#901 = CARTESIAN_POINT ( 'NONE',  ( -0.1705767208829299386, -0.08811729439189239232, -0.5989999999999999769 ) ) ;
#902 = EDGE_CURVE ( 'NONE', #4445, #1025, #1371, .T. ) ;
#903 = PRESENTATION_LAYER_ASSIGNMENT (  '', '', ( #5015 ) ) ;
#904 = ORIENTED_EDGE ( 'NONE', *, *, #2256, .T. ) ;
#905 = CARTESIAN_POINT ( 'NONE',  ( 0.1738992878848321655, -0.08442281508491124298, -0.5999999999999999778 ) ) ;
#906 = DIRECTION ( 'NONE',  ( -1.000000000000000000, 0.0000000000000000000, -0.0000000000000000000 ) ) ;
#907 = VERTEX_POINT ( 'NONE', #5770 ) ;
#908 = LINE ( 'NONE', #858, #3762 ) ;
#909 =( LENGTH_UNIT ( ) NAMED_UNIT ( * ) SI_UNIT ( .MILLI., .METRE. ) );
#910 = DIRECTION ( 'NONE',  ( -1.000000000000000000, 0.0000000000000000000, 0.0000000000000000000 ) ) ;
#911 = STYLED_ITEM ( 'NONE', ( #5568 ), #244 ) ;
#912 = CARTESIAN_POINT ( 'NONE',  ( -0.5269410501512225009, 0.1423705104861563986, -0.5989999999999999769 ) ) ;
#913 = CARTESIAN_POINT ( 'NONE',  ( -0.2921788132000143201, -0.06410318425805007492, -0.6000000000000000888 ) ) ;
#914 = ORIENTED_EDGE ( 'NONE', *, *, #3902, .F. ) ;
#915 = PRESENTATION_LAYER_ASSIGNMENT (  '', '', ( #5849 ) ) ;
#916 = CARTESIAN_POINT ( 'NONE',  ( 1.439556570772598798, 0.2750000000000000222, -0.009128442572523459697 ) ) ;
#917 = ADVANCED_FACE ( 'NONE', ( #5739 ), #7574, .T. ) ;
#918 = LINE ( 'NONE', #3724, #738 ) ;
#919 = UNCERTAINTY_MEASURE_WITH_UNIT (LENGTH_MEASURE( 1.000000000000000082E-05 ), #5405, 'distance_accuracy_value', 'NONE');
#920 = VECTOR ( 'NONE', #341, 1000.000000000000000 ) ;
#921 = PRESENTATION_LAYER_ASSIGNMENT (  '', '', ( #1969 ) ) ;
#922 = ORIENTED_EDGE ( 'NONE', *, *, #4992, .F. ) ;
#923 = CARTESIAN_POINT ( 'NONE',  ( 0.1505309792763961096, -0.1070491180733480902, -0.5989999999999999769 ) ) ;
#924 = ORIENTED_EDGE ( 'NONE', *, *, #1492, .T. ) ;
#925 = CARTESIAN_POINT ( 'NONE',  ( 0.3380755586341018804, 0.1276701764958617646, -0.6000000000000001998 ) ) ;
#926 = CARTESIAN_POINT ( 'NONE',  ( 0.2286559619763117446, -0.1271864496103397302, 0.5989999999999999769 ) ) ;
#927 = CARTESIAN_POINT ( 'NONE',  ( -0.3136518933949372090, 0.1013894812913345711, -0.5999999999999998668 ) ) ;
#928 = COLOUR_RGB ( '',0.2509803921568627416, 0.2509803921568627416, 0.2509803921568627416 ) ;
#929 = CARTESIAN_POINT ( 'NONE',  ( 0.04893547423902126770, 0.01432172999835149528, -0.5999999999999999778 ) ) ;
#930 = CARTESIAN_POINT ( 'NONE',  ( 0.3858860059891081606, -0.01732812511042854803, 0.5989999999999999769 ) ) ;
#931 = DIRECTION ( 'NONE',  ( 0.0000000000000000000, -0.0000000000000000000, -1.000000000000000000 ) ) ;
#932 = ORIENTED_EDGE ( 'NONE', *, *, #5793, .F. ) ;
#933 = CARTESIAN_POINT ( 'NONE',  ( 0.2210940980692943370, -0.09172826881303212943, -0.6000000000000000888 ) ) ;
#934 = FACE_OUTER_BOUND ( 'NONE', #7105, .T. ) ;
#935 = STYLED_ITEM ( 'NONE', ( #4343 ), #3142 ) ;
#936 = ORIENTED_EDGE ( 'NONE', *, *, #6317, .F. ) ;
#937 = ORIENTED_EDGE ( 'NONE', *, *, #7370, .T. ) ;
#938 = DIRECTION ( 'NONE',  ( 0.0000000000000000000, -1.000000000000000000, 0.0000000000000000000 ) ) ;
#939 = EDGE_CURVE ( 'NONE', #6868, #5797, #5920, .T. ) ;
#940 = FILL_AREA_STYLE_COLOUR ( '', #1458 ) ;
#941 = PRESENTATION_STYLE_ASSIGNMENT (( #3058 ) ) ;
#942 = CARTESIAN_POINT ( 'NONE',  ( -0.2131643733219542591, -0.08811729439189239232, -0.5989999999999999769 ) ) ;
#943 = CARTESIAN_POINT ( 'NONE',  ( 0.3411707568960163917, -0.1881813810403307474, 0.5989999999999998659 ) ) ;
#944 = PRESENTATION_STYLE_ASSIGNMENT (( #332 ) ) ;
#945 = CARTESIAN_POINT ( 'NONE',  ( -0.2831458036244962617, -0.07054893002181988892, -0.5989999999999998659 ) ) ;
#946 = VERTEX_POINT ( 'NONE', #5193 ) ;
#947 = MECHANICAL_DESIGN_GEOMETRIC_PRESENTATION_REPRESENTATION (  '', ( #1688 ), #1890 ) ;
#948 = CARTESIAN_POINT ( 'NONE',  ( 0.2237326383055451839, 0.1824883454211447542, -0.5989999999999998659 ) ) ;
#949 = DIRECTION ( 'NONE',  ( 0.08715574274765516827, 0.0000000000000000000, -0.9961946980917458783 ) ) ;
#950 = DIRECTION ( 'NONE',  ( 0.0000000000000000000, -0.0000000000000000000, 1.000000000000000000 ) ) ;
#951 = CARTESIAN_POINT ( 'NONE',  ( 0.1640263083781701159, 0.1389634795238347265, -0.5999999999999999778 ) ) ;
#952 = CARTESIAN_POINT ( 'NONE',  ( -0.8324871361935458625, 0.7200168666639229498, 0.5999999999999999778 ) ) ;
#953 = ORIENTED_EDGE ( 'NONE', *, *, #486, .T. ) ;
#954 = CARTESIAN_POINT ( 'NONE',  ( 0.1648071419894917844, -0.08107059675269957799, -0.5999999999999999778 ) ) ;
#955 = CARTESIAN_POINT ( 'NONE',  ( -1.429594623791681229, 0.2750000000000000222, 4.864353580123063085E-17 ) ) ;
#956 = CARTESIAN_POINT ( 'NONE',  ( 0.3684677933189526300, 0.05725922387598228469, -0.5999999999999999778 ) ) ;
#957 = CARTESIAN_POINT ( 'NONE',  ( 0.2451144129251767445, 0.2147283821527764813, 0.5999999999999999778 ) ) ;
#958 = EDGE_CURVE ( 'NONE', #6922, #1594, #4147, .T. ) ;
#959 = FILL_AREA_STYLE ('',( #6354 ) ) ;
#960 = AXIS2_PLACEMENT_3D ( 'NONE', #1372, #4331, #782 ) ;
#961 = SURFACE_STYLE_FILL_AREA ( #1866 ) ;
#962 = CARTESIAN_POINT ( 'NONE',  ( 0.2301753885349328843, 0.01137472361619106150, 0.5989999999999999769 ) ) ;
#963 = CARTESIAN_POINT ( 'NONE',  ( 0.3821844844002075248, -0.1765500934438544167, 0.5989999999999998659 ) ) ;
#964 = CARTESIAN_POINT ( 'NONE',  ( 0.1477159620438993348, 0.1304802665837173359, -0.5989999999999999769 ) ) ;
#965 = EDGE_CURVE ( 'NONE', #6307, #1660, #1931, .T. ) ;
#966 = FILL_AREA_STYLE ('',( #4468 ) ) ;
#967 = CARTESIAN_POINT ( 'NONE',  ( 0.3946641250019212177, -0.09758180931748003384, 0.6000000000000001998 ) ) ;
#968 = UNCERTAINTY_MEASURE_WITH_UNIT (LENGTH_MEASURE( 1.000000000000000082E-05 ), #1498, 'distance_accuracy_value', 'NONE');
#969 = CARTESIAN_POINT ( 'NONE',  ( 1.299984549164874492, 0.7798703901076274869, 0.2300824939040017891 ) ) ;
#970 = DIRECTION ( 'NONE',  ( 0.0000000000000000000, -1.000000000000000000, 0.0000000000000000000 ) ) ;
#971 = DIRECTION ( 'NONE',  ( 0.0000000000000000000, -0.0000000000000000000, 1.000000000000000000 ) ) ;
#972 =( LENGTH_UNIT ( ) NAMED_UNIT ( * ) SI_UNIT ( .MILLI., .METRE. ) );
#973 = DIRECTION ( 'NONE',  ( 1.000000000000000000, 0.0000000000000000000, -0.0000000000000000000 ) ) ;
#974 = DIRECTION ( 'NONE',  ( -0.0000000000000000000, 0.0000000000000000000, -1.000000000000000000 ) ) ;
#976 = AXIS2_PLACEMENT_3D ( 'NONE', #5941, #5377, #715 ) ;
#975 = CARTESIAN_POINT ( 'NONE',  ( 0.2286559619763117446, -0.1271864496103397302, 0.5999999999999999778 ) ) ;
#977 = DIRECTION ( 'NONE',  ( 2.710505431213761085E-16, -1.000000000000000000, -3.319411800407448020E-32 ) ) ;
#978 = CARTESIAN_POINT ( 'NONE',  ( -0.1303328184439055681, -0.1210441236601850767, -0.5989999999999999769 ) ) ;
#979 = CARTESIAN_POINT ( 'NONE',  ( -0.3609217006308179099, 0.09279702887808255474, -0.5989999999999998659 ) ) ;
#980 = DIRECTION ( 'NONE',  ( -1.000000000000000000, -0.0000000000000000000, -0.0000000000000000000 ) ) ;
#981 = EDGE_LOOP ( 'NONE', ( #4341, #3654, #8, #7177 ) ) ;
#982 = CARTESIAN_POINT ( 'NONE',  ( -0.3692668426485391509, -0.0002541559695930721129, -0.5990000000000000879 ) ) ;
#983 = CARTESIAN_POINT ( 'NONE',  ( 1.487221836148109100, 0.2750000000000000222, -0.5539449188396247115 ) ) ;
#984 = CARTESIAN_POINT ( 'NONE',  ( 1.270016866663922439, -0.7499027076066749897, -0.5726146722824297930 ) ) ;
#985 = STYLED_ITEM ( 'NONE', ( #1189 ), #4138 ) ;
#986 = B_SPLINE_CURVE_WITH_KNOTS ( 'NONE', 3,
 ( #268, #830, #5503, #6142, #7292, #1422, #4397, #4371, #6733, #2572, #4946 ),
 .UNSPECIFIED., .F., .F.,
 ( 4, 1, 1, 1, 1, 1, 1, 1, 4 ),
 ( 0.0000000000000000000, 0.1252796967356261115, 0.2494199707420509948, 0.3733567994928191913, 0.4966812787822861841, 0.6202029157439823415, 0.7450863201614561504, 0.8712691950190973866, 1.000000000000000000 ),
 .UNSPECIFIED. ) ;
#987 =( NAMED_UNIT ( * ) PLANE_ANGLE_UNIT ( ) SI_UNIT ( $, .RADIAN. ) );
#988 = PLANE ( 'NONE',  #5233 ) ;
#989 = SURFACE_STYLE_FILL_AREA ( #6968 ) ;
#990 = VERTEX_POINT ( 'NONE', #6525 ) ;
#991 = LINE ( 'NONE', #6569, #360 ) ;
#992 = CARTESIAN_POINT ( 'NONE',  ( -0.1303328184439055681, 0.1789558763398149122, -0.5999999999999999778 ) ) ;
#993 = STYLED_ITEM ( 'NONE', ( #4577 ), #5112 ) ;
#994 =( NAMED_UNIT ( * ) SI_UNIT ( $, .STERADIAN. ) SOLID_ANGLE_UNIT ( ) );
#995 = ORIENTED_EDGE ( 'NONE', *, *, #6265, .F. ) ;
#996 = DIRECTION ( 'NONE',  ( 0.0000000000000000000, 0.0000000000000000000, -1.000000000000000000 ) ) ;
#997 = ADVANCED_FACE ( 'NONE', ( #4865 ), #7015, .T. ) ;
#998 = CARTESIAN_POINT ( 'NONE',  ( 0.2237326383055451839, 0.1824883454211447542, -0.5999999999999999778 ) ) ;
#999 = CARTESIAN_POINT ( 'NONE',  ( 0.3258459697961020307, -0.1898735511732244086, 0.5999999999999993117 ) ) ;
#1000 = DIRECTION ( 'NONE',  ( 1.000000000000000000, 0.0000000000000000000, 1.224646799147352961E-16 ) ) ;
#1001 = EDGE_LOOP ( 'NONE', ( #556, #6512, #323, #1493 ) ) ;
#1002 = FILL_AREA_STYLE_COLOUR ( '', #4514 ) ;
#1003 = CARTESIAN_POINT ( 'NONE',  ( -0.3141644645830423133, -0.03926608382136855674, -0.5999999999999999778 ) ) ;
#1004 = VECTOR ( 'NONE', #2569, 1000.000000000000000 ) ;
#1005 = VERTEX_POINT ( 'NONE', #3549 ) ;
#1006 = MECHANICAL_DESIGN_GEOMETRIC_PRESENTATION_REPRESENTATION (  '', ( #4405 ), #5228 ) ;
#1007 = PRODUCT ( 'SOD-123_L2.7-W1.6-LS3.7-RD-2', 'SOD-123_L2.7-W1.6-LS3.7-RD-2', '', ( #3251 ) ) ;
#1008 = SURFACE_STYLE_USAGE ( .BOTH. , #4479 ) ;
#1009 = EDGE_CURVE ( 'NONE', #2874, #2237, #3210, .T. ) ;
#1010 = FILL_AREA_STYLE ('',( #1973 ) ) ;
#1011 = SURFACE_STYLE_FILL_AREA ( #5698 ) ;
#1012 = LINE ( 'NONE', #6171, #1564 ) ;
#1013 =( GEOMETRIC_REPRESENTATION_CONTEXT ( 3 ) GLOBAL_UNCERTAINTY_ASSIGNED_CONTEXT ( ( #6657 ) ) GLOBAL_UNIT_ASSIGNED_CONTEXT ( ( #5726, #7416, #2187 ) ) REPRESENTATION_CONTEXT ( 'NONE', 'WORKASPACE' ) );
#1014 = CARTESIAN_POINT ( 'NONE',  ( 0.2983156324373719137, 0.01472838215277644941, 0.5999999999999999778 ) ) ;
#1015 = FILL_AREA_STYLE ('',( #2910 ) ) ;
#1016 = LINE ( 'NONE', #5990, #6486 ) ;
#1017 = ADVANCED_FACE ( 'NONE', ( #6282 ), #2331, .F. ) ;
#1018 = CARTESIAN_POINT ( 'NONE',  ( -1.320339464150456221, 0.8002253050932085499, 0.002575248999449004927 ) ) ;
#1019 = MECHANICAL_DESIGN_GEOMETRIC_PRESENTATION_REPRESENTATION (  '', ( #5020 ), #6469 ) ;
#1020 = CARTESIAN_POINT ( 'NONE',  ( 0.1885026715440735745, 0.1810633641799087035, -0.5999999999999998668 ) ) ;
#1021 = UNCERTAINTY_MEASURE_WITH_UNIT (LENGTH_MEASURE( 1.000000000000000082E-05 ), #5713, 'distance_accuracy_value', 'NONE');
#1022 = SURFACE_SIDE_STYLE ('',( #144 ) ) ;
#1023 = DIRECTION ( 'NONE',  ( 0.08682659386424775028, 0.08682659386424779191, 0.9924325091389669673 ) ) ;
#1024 = ORIENTED_EDGE ( 'NONE', *, *, #2990, .F. ) ;
#1025 = VERTEX_POINT ( 'NONE', #1212 ) ;
#1026 = MECHANICAL_DESIGN_GEOMETRIC_PRESENTATION_REPRESENTATION (  '', ( #3543 ), #4632 ) ;
#1027 = VECTOR ( 'NONE', #573, 1000.000000000000000 ) ;
#1028 = ORIENTED_EDGE ( 'NONE', *, *, #4879, .T. ) ;
#1029 = EDGE_LOOP ( 'NONE', ( #6, #1119, #4844, #7411 ) ) ;
#1030 = DIRECTION ( 'NONE',  ( -0.0000000000000000000, -0.0000000000000000000, -1.000000000000000000 ) ) ;
#1031 = LINE ( 'NONE', #3594, #3150 ) ;
#1032 =( NAMED_UNIT ( * ) SI_UNIT ( $, .STERADIAN. ) SOLID_ANGLE_UNIT ( ) );
#1033 = CARTESIAN_POINT ( 'NONE',  ( -0.6205767208829298109, -0.1210441236601850767, -0.5989999999999999769 ) ) ;
#1034 = DIRECTION ( 'NONE',  ( 1.000000000000000000, 0.0000000000000000000, 0.0000000000000000000 ) ) ;
#1035 = SPHERICAL_SURFACE ( 'NONE', #4727, 0.02999999999999999889 ) ;
#1036 = CARTESIAN_POINT ( 'NONE',  ( 0.3592265341996294659, 0.003258602406720101374, 0.5999999999999998668 ) ) ;
#1037 = VECTOR ( 'NONE', #1915, 1000.000000000000000 ) ;
#1038 = DIRECTION ( 'NONE',  ( 0.0000000000000000000, 1.000000000000000000, -0.0000000000000000000 ) ) ;
#1039 = SURFACE_SIDE_STYLE ('',( #1354 ) ) ;
#1040 = CARTESIAN_POINT ( 'NONE',  ( 0.2210940980692943370, -0.09172826881303212943, -0.6000000000000000888 ) ) ;
#1041 = AXIS2_PLACEMENT_3D ( 'NONE', #1744, #1110, #7060 ) ;
#1042 =( GEOMETRIC_REPRESENTATION_CONTEXT ( 3 ) GLOBAL_UNCERTAINTY_ASSIGNED_CONTEXT ( ( #5298 ) ) GLOBAL_UNIT_ASSIGNED_CONTEXT ( ( #3693, #6625, #6675 ) ) REPRESENTATION_CONTEXT ( 'NONE', 'WORKASPACE' ) );
#1043 = FACE_OUTER_BOUND ( 'NONE', #6518, .T. ) ;
#1044 = CARTESIAN_POINT ( 'NONE',  ( 1.429594623791681229, 0.2750000000000000222, 0.1500000000000000500 ) ) ;
#1045 = EDGE_CURVE ( 'NONE', #5744, #3036, #2403, .T. ) ;
#1046 = VECTOR ( 'NONE', #6804, 1000.000000000000000 ) ;
#1047 = CARTESIAN_POINT ( 'NONE',  ( 0.3078430714617621522, -0.1462472276033211227, 0.5989999999999999769 ) ) ;
#1049 = EDGE_LOOP ( 'NONE', ( #1650, #1860, #1772, #6992 ) ) ;
#1048 = CARTESIAN_POINT ( 'NONE',  ( 0.5501549864341431784, -0.1210441236601850767, -0.5989999999999999769 ) ) ;
#1050 = PRESENTATION_LAYER_ASSIGNMENT (  '', '', ( #5949 ) ) ;
#1051 = DIRECTION ( 'NONE',  ( 1.224646799147352961E-16, 0.0000000000000000000, -1.000000000000000000 ) ) ;
#1052 = CARTESIAN_POINT ( 'NONE',  ( -0.2119067513707348360, -0.1210441236601850767, -0.5989999999999999769 ) ) ;
#1053 = PRODUCT_DEFINITION_CONTEXT ( 'detailed design', #3771, 'design' ) ;
#1054 = PRESENTATION_STYLE_ASSIGNMENT (( #2339 ) ) ;
#1055 = ORIENTED_EDGE ( 'NONE', *, *, #4031, .T. ) ;
#1056 = ORIENTED_EDGE ( 'NONE', *, *, #1132, .F. ) ;
#1057 = ORIENTED_EDGE ( 'NONE', *, *, #2614, .F. ) ;
#1058 = STYLED_ITEM ( 'NONE', ( #198 ), #6057 ) ;
#1059 =( LENGTH_UNIT ( ) NAMED_UNIT ( * ) SI_UNIT ( .MILLI., .METRE. ) );
#1060 =( NAMED_UNIT ( * ) PLANE_ANGLE_UNIT ( ) SI_UNIT ( $, .RADIAN. ) );
#1061 = CARTESIAN_POINT ( 'NONE',  ( 0.3975006515609765256, -0.08982822476801366474, 0.5989999999999999769 ) ) ;
#1062 = LINE ( 'NONE', #4809, #7136 ) ;
#1063 = STYLED_ITEM ( 'NONE', ( #772 ), #2338 ) ;
#1064 = VERTEX_POINT ( 'NONE', #5937 ) ;
#1065 = CARTESIAN_POINT ( 'NONE',  ( -0.2627896036517640144, -0.08047929577744659946, -0.5999999999999998668 ) ) ;
#1066 = DIRECTION ( 'NONE',  ( 1.000000000000000000, -0.0000000000000000000, -0.0000000000000000000 ) ) ;
#1067 = DIRECTION ( 'NONE',  ( 1.000000000000000000, 0.0000000000000000000, 0.0000000000000000000 ) ) ;
#1068 = DIRECTION ( 'NONE',  ( 1.000000000000000000, -0.0000000000000000000, 0.0000000000000000000 ) ) ;
#1069 = FILL_AREA_STYLE ('',( #6439 ) ) ;
#1070 = VECTOR ( 'NONE', #6504, 999.9999999999998863 ) ;
#1071 = FILL_AREA_STYLE_COLOUR ( '', #1716 ) ;
#1072 = LINE ( 'NONE', #253, #5032 ) ;
#1073 = CARTESIAN_POINT ( 'NONE',  ( -0.3377235964015533054, -0.06834173454502842637, -0.6000000000000001998 ) ) ;
#1074 = CARTESIAN_POINT ( 'NONE',  ( 0.2965267989080491717, -0.1900485350292197007, 0.5999999999999999778 ) ) ;
#1075 = STYLED_ITEM ( 'NONE', ( #3950 ), #4386 ) ;
#1076 = FACE_OUTER_BOUND ( 'NONE', #2314, .T. ) ;
#1077 = UNCERTAINTY_MEASURE_WITH_UNIT (LENGTH_MEASURE( 1.000000000000000082E-05 ), #2736, 'distance_accuracy_value', 'NONE');
#1078 = COLOUR_RGB ( '',1.000000000000000000, 1.000000000000000000, 1.000000000000000000 ) ;
#1079 = DIRECTION ( 'NONE',  ( 0.0000000000000000000, -1.000000000000000000, 0.0000000000000000000 ) ) ;
#1080 = CARTESIAN_POINT ( 'NONE',  ( 0.3964964498487773548, -0.1210441236601850767, -0.5989999999999999769 ) ) ;
#1081 = CARTESIAN_POINT ( 'NONE',  ( -0.5303424439092295772, 0.1252631289323063446, -0.5989999999999999769 ) ) ;
#1082 = ORIENTED_EDGE ( 'NONE', *, *, #5926, .F. ) ;
#1083 = DIRECTION ( 'NONE',  ( 0.0000000000000000000, 1.000000000000000000, 0.0000000000000000000 ) ) ;
#1084 = DIRECTION ( 'NONE',  ( 0.07326583197257094393, 0.9973124474633647818, 0.0000000000000000000 ) ) ;
#1085 = CARTESIAN_POINT ( 'NONE',  ( 0.3975006515609765256, -0.08982822476801366474, 0.6000000000000000888 ) ) ;
#1086 =( LENGTH_UNIT ( ) NAMED_UNIT ( * ) SI_UNIT ( .MILLI., .METRE. ) );
#1087 = ADVANCED_FACE ( 'NONE', ( #5535 ), #6372, .T. ) ;
#1089 = AXIS2_PLACEMENT_3D ( 'NONE', #6015, #6633, #749 ) ;
#1088 =( NAMED_UNIT ( * ) PLANE_ANGLE_UNIT ( ) SI_UNIT ( $, .RADIAN. ) );
#1090 = VECTOR ( 'NONE', #6743, 999.9999999999998863 ) ;
#1091 = EDGE_LOOP ( 'NONE', ( #7629, #62, #3110, #6459, #5276, #3481, #6379, #2678, #5583, #3098, #2695, #4404 ) ) ;
#1092 = VECTOR ( 'NONE', #2546, 1000.000000000000000 ) ;
#1093 = PRESENTATION_STYLE_ASSIGNMENT (( #5808 ) ) ;
#1094 = DIRECTION ( 'NONE',  ( -0.08682659386424836090, 0.08682659386424836090, -0.9924325091389670783 ) ) ;
#1095 = EDGE_CURVE ( 'NONE', #3361, #2950, #3942, .T. ) ;
#1096 = FILL_AREA_STYLE_COLOUR ( '', #6819 ) ;
#1097 = CARTESIAN_POINT ( 'NONE',  ( 0.2461106155647313498, 0.01294409010393307927, 0.6000000000000001998 ) ) ;
#1098 = ORIENTED_EDGE ( 'NONE', *, *, #5163, .F. ) ;
#1099 = CARTESIAN_POINT ( 'NONE',  ( 0.3169040998701276313, 0.1492327762523293910, -0.6000000000000000888 ) ) ;
#1100 = SURFACE_SIDE_STYLE ('',( #1837 ) ) ;
#1101 = ORIENTED_EDGE ( 'NONE', *, *, #5044, .T. ) ;
#1102 = LINE ( 'NONE', #6643, #1923 ) ;
#1103 = CARTESIAN_POINT ( 'NONE',  ( 0.3022815452250991464, 0.01468114545719977765, 0.6000000000000000888 ) ) ;
#1104 = FACE_OUTER_BOUND ( 'NONE', #1846, .T. ) ;
#1105 = B_SPLINE_CURVE_WITH_KNOTS ( 'NONE', 3,
 ( #7424, #6769, #3892, #956, #7379, #305, #6210, #3839, #325, #1683, #1099, #5791, #5133, #5210, #6422, #1584, #436, #7565, #5814 ),
 .UNSPECIFIED., .F., .F.,
 ( 4, 1, 1, 1, 1, 1, 1, 1, 1, 1, 1, 1, 1, 1, 1, 1, 4 ),
 ( 0.0000000000000000000, 0.07064371857535416133, 0.1382567155089047262, 0.2033641242175800445, 0.2663240938030567717, 0.3279047615429894758, 0.3887377151730921909, 0.4494235281093024725, 0.5108610114593156171, 0.5720793960475146767, 0.6317344287314453632, 0.6911172105788376818, 0.7503600294901704437, 0.8100329005312620900, 0.8713624508287363124, 0.9344271412311533354, 1.000000000000000000 ),
 .UNSPECIFIED. ) ;
#1106 = VERTEX_POINT ( 'NONE', #117 ) ;
#1107 = DIRECTION ( 'NONE',  ( 1.000000000000000000, 0.0000000000000000000, 0.0000000000000000000 ) ) ;
#1108 =( NAMED_UNIT ( * ) SI_UNIT ( $, .STERADIAN. ) SOLID_ANGLE_UNIT ( ) );
#1109 = ORIENTED_EDGE ( 'NONE', *, *, #7586, .F. ) ;
#1110 = DIRECTION ( 'NONE',  ( 0.08682659386424780579, 0.08682659386424779191, -0.9924325091389671893 ) ) ;
#1111 = VECTOR ( 'NONE', #2912, 1000.000000000000000 ) ;
#1112 = AXIS2_PLACEMENT_3D ( 'NONE', #5463, #7222, #1924 ) ;
#1113 = COLOUR_RGB ( '',1.000000000000000000, 1.000000000000000000, 1.000000000000000000 ) ;
#1114 = ORIENTED_EDGE ( 'NONE', *, *, #655, .T. ) ;
#1115 = VECTOR ( 'NONE', #5479, 1000.000000000000000 ) ;
#1116 = ORIENTED_EDGE ( 'NONE', *, *, #1877, .F. ) ;
#1117 = COLOUR_RGB ( '',1.000000000000000000, 1.000000000000000000, 1.000000000000000000 ) ;
#1118 = FILL_AREA_STYLE_COLOUR ( '', #7361 ) ;
#1119 = ORIENTED_EDGE ( 'NONE', *, *, #7513, .F. ) ;
#1120 = CARTESIAN_POINT ( 'NONE',  ( 0.5099110839951188634, -0.08811729439189239232, -0.5999999999999999778 ) ) ;
#1121 = EDGE_CURVE ( 'NONE', #3986, #6868, #1102, .T. ) ;
#1122 = DIRECTION ( 'NONE',  ( -1.000000000000000000, 0.0000000000000000000, 0.0000000000000000000 ) ) ;
#1123 = AXIS2_PLACEMENT_3D ( 'NONE', #2827, #1038, #2906 ) ;
#1124 = CARTESIAN_POINT ( 'NONE',  ( -0.1064099773187257153, 0.1708259431283862262, 0.5989999999999999769 ) ) ;
#1125 = LINE ( 'NONE', #3541, #6199 ) ;
#1126 = CARTESIAN_POINT ( 'NONE',  ( 0.1648071419894917844, -0.08107059675269957799, -0.5989999999999999769 ) ) ;
#1127 = UNCERTAINTY_MEASURE_WITH_UNIT (LENGTH_MEASURE( 1.000000000000000082E-05 ), #2989, 'distance_accuracy_value', 'NONE');
#1128 = ORIENTED_EDGE ( 'NONE', *, *, #3532, .F. ) ;
#1129 = CARTESIAN_POINT ( 'NONE',  ( -0.2176489664644371824, -0.1209402320473384057, -0.5989999999999998659 ) ) ;
#1130 = CARTESIAN_POINT ( 'NONE',  ( -0.3034330913448932687, 0.1567903071250491831, -0.5999999999999997558 ) ) ;
#1131 = CARTESIAN_POINT ( 'NONE',  ( 0.3943638665233359930, -0.03086052188129574658, 0.5989999999999998659 ) ) ;
#1132 = EDGE_CURVE ( 'NONE', #5425, #7097, #7087, .T. ) ;
#1133 = CARTESIAN_POINT ( 'NONE',  ( 0.3099772178032255687, -0.1901496666277113778, 0.5989999999999999769 ) ) ;
#1134 = EDGE_LOOP ( 'NONE', ( #6129, #1056, #2771, #5883 ) ) ;
#1135 = CARTESIAN_POINT ( 'NONE',  ( -0.5767314464926859285, -0.003970952928477775382, -0.5989999999999999769 ) ) ;
#1136 = SURFACE_STYLE_USAGE ( .BOTH. , #1162 ) ;
#1137 = DIRECTION ( 'NONE',  ( 1.000000000000000000, 0.0000000000000000000, 0.0000000000000000000 ) ) ;
#1138 =( LENGTH_UNIT ( ) NAMED_UNIT ( * ) SI_UNIT ( .MILLI., .METRE. ) );
#1139 = FACE_OUTER_BOUND ( 'NONE', #7020, .T. ) ;
#1140 =( GEOMETRIC_REPRESENTATION_CONTEXT ( 3 ) GLOBAL_UNCERTAINTY_ASSIGNED_CONTEXT ( ( #615 ) ) GLOBAL_UNIT_ASSIGNED_CONTEXT ( ( #1390, #5478, #1942 ) ) REPRESENTATION_CONTEXT ( 'NONE', 'WORKASPACE' ) );
#1141 = DIRECTION ( 'NONE',  ( 0.0000000000000000000, 1.000000000000000000, 0.0000000000000000000 ) ) ;
#1142 = ORIENTED_EDGE ( 'NONE', *, *, #7209, .F. ) ;
#1143 = SURFACE_STYLE_USAGE ( .BOTH. , #557 ) ;
#1144 = CARTESIAN_POINT ( 'NONE',  ( 0.3614585193205986924, -0.1337358044111734146, 0.5989999999999997549 ) ) ;
#1145 = DIRECTION ( 'NONE',  ( 1.000000000000000000, 0.0000000000000000000, 0.0000000000000000000 ) ) ;
#1146 = FILL_AREA_STYLE ('',( #563 ) ) ;
#1147 = PRESENTATION_STYLE_ASSIGNMENT (( #485 ) ) ;
#1148 =( NAMED_UNIT ( * ) PLANE_ANGLE_UNIT ( ) SI_UNIT ( $, .RADIAN. ) );
#1149 = PRESENTATION_STYLE_ASSIGNMENT (( #1143 ) ) ;
#1150 =( NAMED_UNIT ( * ) PLANE_ANGLE_UNIT ( ) SI_UNIT ( $, .RADIAN. ) );
#1151 = EDGE_CURVE ( 'NONE', #2991, #3112, #2551, .T. ) ;
#1152 = PRESENTATION_LAYER_ASSIGNMENT (  '', '', ( #6719 ) ) ;
#1153 = CARTESIAN_POINT ( 'NONE',  ( -0.2899992319985615352, -0.1048902123466513431, -0.5999999999999999778 ) ) ;
#1154 = EDGE_CURVE ( 'NONE', #1398, #6316, #6810, .T. ) ;
#1155 = SURFACE_SIDE_STYLE ('',( #3402 ) ) ;
#1156 = CARTESIAN_POINT ( 'NONE',  ( 0.3416094643836954381, 0.009717126279608296127, 0.5989999999999999769 ) ) ;
#1157 = AXIS2_PLACEMENT_3D ( 'NONE', #7143, #5416, #7196 ) ;
#1158 = LINE ( 'NONE', #2929, #1693 ) ;
#1159 = B_SPLINE_CURVE_WITH_KNOTS ( 'NONE', 3,
 ( #1014, #2166, #2079, #2745, #1097, #5234, #2877 ),
 .UNSPECIFIED., .F., .F.,
 ( 4, 1, 1, 1, 4 ),
 ( 0.0000000000000000000, 0.2702650867818812697, 0.5261481515932948660, 0.7700928756993693503, 1.000000000000000000 ),
 .UNSPECIFIED. ) ;
#1160 =( NAMED_UNIT ( * ) SI_UNIT ( $, .STERADIAN. ) SOLID_ANGLE_UNIT ( ) );
#1161 = EDGE_LOOP ( 'NONE', ( #4549, #1935, #5538, #7355, #6325, #3291, #5019, #852, #1222, #3914 ) ) ;
#1162 = SURFACE_SIDE_STYLE ('',( #7094 ) ) ;
#1163 = CARTESIAN_POINT ( 'NONE',  ( 0.2874162421934694511, 0.1708259431283862262, 0.5989999999999999769 ) ) ;
#1164 = MECHANICAL_DESIGN_GEOMETRIC_PRESENTATION_REPRESENTATION (  '', ( #1403 ), #1797 ) ;
#1165 =( NAMED_UNIT ( * ) PLANE_ANGLE_UNIT ( ) SI_UNIT ( $, .RADIAN. ) );
#1166 =( LENGTH_UNIT ( ) NAMED_UNIT ( * ) SI_UNIT ( .MILLI., .METRE. ) );
#1167 = EDGE_CURVE ( 'NONE', #4330, #3986, #991, .T. ) ;
#1168 = ADVANCED_FACE ( 'NONE', ( #2219 ), #6022, .T. ) ;
#1169 = AXIS2_PLACEMENT_3D ( 'NONE', #5090, #1572, #6340 ) ;
#1170 = DIRECTION ( 'NONE',  ( -0.0000000000000000000, -0.0000000000000000000, -1.000000000000000000 ) ) ;
#1171 = AXIS2_PLACEMENT_3D ( 'NONE', #4986, #2636, #5102 ) ;
#1172 = SURFACE_STYLE_USAGE ( .BOTH. , #2366 ) ;
#1173 = DIRECTION ( 'NONE',  ( -1.000000000000000000, 0.0000000000000000000, 0.0000000000000000000 ) ) ;
#1174 = VECTOR ( 'NONE', #6240, 1000.000000000000000 ) ;
#1175 = UNCERTAINTY_MEASURE_WITH_UNIT (LENGTH_MEASURE( 1.000000000000000082E-05 ), #3874, 'distance_accuracy_value', 'NONE');
#1176 = VECTOR ( 'NONE', #6244, 1000.000000000000114 ) ;
#1177 = CARTESIAN_POINT ( 'NONE',  ( -1.588985775486360774, 0.2750000000000000222, 0.003944918839624810165 ) ) ;
#1178 = CARTESIAN_POINT ( 'NONE',  ( -0.2471590637767539511, 0.1767624725676976705, -0.6000000000000000888 ) ) ;
#1179 = DIRECTION ( 'NONE',  ( -0.0000000000000000000, -0.0000000000000000000, -1.000000000000000000 ) ) ;
#1180 =( LENGTH_UNIT ( ) NAMED_UNIT ( * ) SI_UNIT ( .MILLI., .METRE. ) );
#1181 =( GEOMETRIC_REPRESENTATION_CONTEXT ( 3 ) GLOBAL_UNCERTAINTY_ASSIGNED_CONTEXT ( ( #7039 ) ) GLOBAL_UNIT_ASSIGNED_CONTEXT ( ( #4491, #987, #7488 ) ) REPRESENTATION_CONTEXT ( 'NONE', 'WORKASPACE' ) );
#1182 = PRESENTATION_LAYER_ASSIGNMENT (  '', '', ( #2557 ) ) ;
#1183 = FILL_AREA_STYLE ('',( #6524 ) ) ;
#1184 = FILL_AREA_STYLE_COLOUR ( '', #1748 ) ;
#1185 =( LENGTH_UNIT ( ) NAMED_UNIT ( * ) SI_UNIT ( .MILLI., .METRE. ) );
#1186 = VECTOR ( 'NONE', #3632, 1000.000000000000000 ) ;
#1187 = LINE ( 'NONE', #6417, #446 ) ;
#1188 = SURFACE_SIDE_STYLE ('',( #711 ) ) ;
#1189 = PRESENTATION_STYLE_ASSIGNMENT (( #5572 ) ) ;
#1190 = ORIENTED_EDGE ( 'NONE', *, *, #6984, .T. ) ;
#1191 = CARTESIAN_POINT ( 'NONE',  ( 0.4246691249778027366, -0.1455827720483489907, 0.5989999999999999769 ) ) ;
#1192 = ORIENTED_EDGE ( 'NONE', *, *, #6082, .T. ) ;
#1193 = FACE_OUTER_BOUND ( 'NONE', #3738, .T. ) ;
#1194 =( GEOMETRIC_REPRESENTATION_CONTEXT ( 3 ) GLOBAL_UNCERTAINTY_ASSIGNED_CONTEXT ( ( #5472 ) ) GLOBAL_UNIT_ASSIGNED_CONTEXT ( ( #6483, #2377, #5303 ) ) REPRESENTATION_CONTEXT ( 'NONE', 'WORKASPACE' ) );
#1195 = LINE ( 'NONE', #4447, #2318 ) ;
#1196 = EDGE_CURVE ( 'NONE', #4834, #509, #4850, .T. ) ;
#1197 = ORIENTED_EDGE ( 'NONE', *, *, #331, .T. ) ;
#1198 = VECTOR ( 'NONE', #7480, 1000.000000000000000 ) ;
#1199 = EDGE_CURVE ( 'NONE', #2349, #2558, #1541, .T. ) ;
#1200 = EDGE_LOOP ( 'NONE', ( #6393, #572, #1251, #178 ) ) ;
#1201 =( LENGTH_UNIT ( ) NAMED_UNIT ( * ) SI_UNIT ( .MILLI., .METRE. ) );
#1202 = COLOUR_RGB ( '',1.000000000000000000, 1.000000000000000000, 1.000000000000000000 ) ;
#1203 = CARTESIAN_POINT ( 'NONE',  ( -0.2274297832253946439, 0.1457696263230318923, -0.6000000000000000888 ) ) ;
#1204 = ORIENTED_EDGE ( 'NONE', *, *, #2058, .F. ) ;
#1205 = COLOUR_RGB ( '',0.5019607843137254832, 0.5019607843137254832, 0.5019607843137254832 ) ;
#1206 = VERTEX_POINT ( 'NONE', #1998 ) ;
#1207 = DIRECTION ( 'NONE',  ( 1.000000000000000000, 0.0000000000000000000, -5.330734548809087965E-16 ) ) ;
#1208 = DIRECTION ( 'NONE',  ( -1.000000000000000000, 0.0000000000000000000, 0.0000000000000000000 ) ) ;
#1209 = VECTOR ( 'NONE', #2686, 1000.000000000000000 ) ;
#1210 = B_SPLINE_CURVE_WITH_KNOTS ( 'NONE', 3,
 ( #1724, #1309, #6627, #4910, #2563, #2010, #3082, #3719, #1989, #213, #7308, #6728, #4316, #7208, #6658, #4282, #744, #6703, #5554 ),
 .UNSPECIFIED., .F., .F.,
 ( 4, 1, 1, 1, 1, 1, 1, 1, 1, 1, 1, 1, 1, 1, 1, 1, 4 ),
 ( 0.0000000000000000000, 0.07616744472239844743, 0.1482655110254592068, 0.2165949782654783551, 0.2823424859150618360, 0.3452843053920682248, 0.4059909421777437299, 0.4652211230521786089, 0.5239984890663610395, 0.5817566311794192258, 0.6384569613935707766, 0.6947682521830331748, 0.7516829061230484443, 0.8101961495168554794, 0.8706817703241036543, 0.9337298896598216214, 1.000000000000000000 ),
 .UNSPECIFIED. ) ;
#1211 = CARTESIAN_POINT ( 'NONE',  ( -1.646612987842787978, 0.2750000000000000222, -0.5499999999999999334 ) ) ;
#1212 = CARTESIAN_POINT ( 'NONE',  ( 0.04893547423902126770, 0.04724855926664416061, -0.5999999999999999778 ) ) ;
#1213 = CARTESIAN_POINT ( 'NONE',  ( -1.850000000000000089, 0.2750000000000000222, -0.6999999999999999556 ) ) ;
#1214 = VERTEX_POINT ( 'NONE', #6667 ) ;
#1215 =( GEOMETRIC_REPRESENTATION_CONTEXT ( 3 ) GLOBAL_UNCERTAINTY_ASSIGNED_CONTEXT ( ( #1781 ) ) GLOBAL_UNIT_ASSIGNED_CONTEXT ( ( #3461, #1663, #4060 ) ) REPRESENTATION_CONTEXT ( 'NONE', 'WORKASPACE' ) );
#1216 = FACE_OUTER_BOUND ( 'NONE', #580, .T. ) ;
#1217 = STYLED_ITEM ( 'NONE', ( #1612 ), #2108 ) ;
#1218 = ORIENTED_EDGE ( 'NONE', *, *, #6822, .F. ) ;
#1219 = CARTESIAN_POINT ( 'NONE',  ( 0.4394727707514007875, -0.1248158948488622411, 0.5989999999999998659 ) ) ;
#1220 = CARTESIAN_POINT ( 'NONE',  ( 1.320114159057247383, -0.7999999999999998224, 0.0000000000000000000 ) ) ;
#1221 = UNCERTAINTY_MEASURE_WITH_UNIT (LENGTH_MEASURE( 1.000000000000000082E-05 ), #3005, 'distance_accuracy_value', 'NONE');
#1222 = ORIENTED_EDGE ( 'NONE', *, *, #6581, .F. ) ;
#1223 = FACE_OUTER_BOUND ( 'NONE', #5080, .T. ) ;
#1224 = CARTESIAN_POINT ( 'NONE',  ( 1.270016866663922661, 0.7200168666639229498, -0.5699999999999999512 ) ) ;
#1225 =( GEOMETRIC_REPRESENTATION_CONTEXT ( 3 ) GLOBAL_UNCERTAINTY_ASSIGNED_CONTEXT ( ( #6343 ) ) GLOBAL_UNIT_ASSIGNED_CONTEXT ( ( #1545, #4545, #5036 ) ) REPRESENTATION_CONTEXT ( 'NONE', 'WORKASPACE' ) );
#1226 = CARTESIAN_POINT ( 'NONE',  ( 0.3099772178032255687, -0.1901496666277113778, 0.5999999999999999778 ) ) ;
#1227 = CARTESIAN_POINT ( 'NONE',  ( 1.646612987842787978, -0.2750000000000000222, -0.6999999999999998446 ) ) ;
#1228 = CARTESIAN_POINT ( 'NONE',  ( -0.3692616414113045198, 0.06430674276764006270, -0.5999999999999997558 ) ) ;
#1229 = CARTESIAN_POINT ( 'NONE',  ( 0.2717325567814053988, -0.1880575504213573279, 0.5989999999999998659 ) ) ;
#1230 = ORIENTED_EDGE ( 'NONE', *, *, #18, .T. ) ;
#1231 = COLOUR_RGB ( '',1.000000000000000000, 1.000000000000000000, 1.000000000000000000 ) ;
#1232 =( NAMED_UNIT ( * ) PLANE_ANGLE_UNIT ( ) SI_UNIT ( $, .RADIAN. ) );
#1233 =( NAMED_UNIT ( * ) PLANE_ANGLE_UNIT ( ) SI_UNIT ( $, .RADIAN. ) );
#1234 = DIRECTION ( 'NONE',  ( 0.0000000000000000000, 1.000000000000000000, 0.0000000000000000000 ) ) ;
#1235 = LINE ( 'NONE', #4724, #3537 ) ;
#1236 = ORIENTED_EDGE ( 'NONE', *, *, #84, .F. ) ;
#1237 = MECHANICAL_DESIGN_GEOMETRIC_PRESENTATION_REPRESENTATION (  '', ( #691 ), #2427 ) ;
#1238 = EDGE_CURVE ( 'NONE', #6307, #3580, #1734, .T. ) ;
#1239 = ORIENTED_EDGE ( 'NONE', *, *, #124, .T. ) ;
#1240 = SURFACE_STYLE_FILL_AREA ( #7046 ) ;
#1241 = DIRECTION ( 'NONE',  ( -1.000000000000000000, 0.0000000000000000000, 0.0000000000000000000 ) ) ;
#1242 = CARTESIAN_POINT ( 'NONE',  ( -0.3297760406689966284, 0.05835370419489584876, -0.5999999999999997558 ) ) ;
#1243 = ORIENTED_EDGE ( 'NONE', *, *, #3622, .T. ) ;
#1244 = CARTESIAN_POINT ( 'NONE',  ( 0.3083871001955534319, -0.05187175467273453383, -0.5989999999999999769 ) ) ;
#1245 =( GEOMETRIC_REPRESENTATION_CONTEXT ( 3 ) GLOBAL_UNCERTAINTY_ASSIGNED_CONTEXT ( ( #7492 ) ) GLOBAL_UNIT_ASSIGNED_CONTEXT ( ( #6897, #1088, #6975 ) ) REPRESENTATION_CONTEXT ( 'NONE', 'WORKASPACE' ) );
#1246 = CARTESIAN_POINT ( 'NONE',  ( -0.3609375052654643645, -0.03011310130390576142, -0.5999999999999998668 ) ) ;
#1247 = VECTOR ( 'NONE', #5489, 1000.000000000000000 ) ;
#1248 = DIRECTION ( 'NONE',  ( -0.0000000000000000000, -1.000000000000000000, -0.0000000000000000000 ) ) ;
#1249 = ORIENTED_EDGE ( 'NONE', *, *, #3106, .F. ) ;
#1250 = CARTESIAN_POINT ( 'NONE',  ( -0.5767314464926858175, -0.003970952928477775382, -0.5999999999999999778 ) ) ;
#1251 = ORIENTED_EDGE ( 'NONE', *, *, #6624, .T. ) ;
#1252 = CIRCLE ( 'NONE', #6861, 0.1599999999999997813 ) ;
#1253 = VECTOR ( 'NONE', #7409, 1000.000000000000000 ) ;
#1254 = AXIS2_PLACEMENT_3D ( 'NONE', #5497, #4368, #2519 ) ;
#1255 = CARTESIAN_POINT ( 'NONE',  ( 0.4493524628299465640, -0.1011820040714032365, 0.5999999999999993117 ) ) ;
#1256 = EDGE_CURVE ( 'NONE', #1457, #6726, #7007, .T. ) ;
#1257 = MECHANICAL_DESIGN_GEOMETRIC_PRESENTATION_REPRESENTATION (  '', ( #5129 ), #2744 ) ;
#1258 = ORIENTED_EDGE ( 'NONE', *, *, #5946, .F. ) ;
#1259 = EDGE_CURVE ( 'NONE', #237, #3805, #2199, .T. ) ;
#1260 = CARTESIAN_POINT ( 'NONE',  ( 0.4449595878679863392, -0.1133202614617945525, 0.6000000000000000888 ) ) ;
#1261 = CARTESIAN_POINT ( 'NONE',  ( 0.2353811796702200421, 0.01188741126944048432, 0.5989999999999999769 ) ) ;
#1262 = FACE_OUTER_BOUND ( 'NONE', #2157, .T. ) ;
#1263 = DIRECTION ( 'NONE',  ( -1.355252715606880543E-16, -1.000000000000000000, 6.253331269444947898E-34 ) ) ;
#1264 = CARTESIAN_POINT ( 'NONE',  ( 0.3303966726731862313, 0.01280183418076701052, -0.5989999999999999769 ) ) ;
#1265 = CARTESIAN_POINT ( 'NONE',  ( -0.3716764827099196533, 0.03816683216476869644, -0.5989999999999999769 ) ) ;
#1266 = VERTEX_POINT ( 'NONE', #1976 ) ;
#1267 = CARTESIAN_POINT ( 'NONE',  ( 0.2606761654879104495, -0.1864321990909185156, 0.6000000000000000888 ) ) ;
#1268 = VERTEX_POINT ( 'NONE', #3706 ) ;
#1269 = B_SPLINE_SURFACE_WITH_KNOTS ( 'NONE', 3, 1, ( 
 ( #2190, #5678 ),
 ( #2775, #460 ),
 ( #3974, #2802 ),
 ( #6291, #2825 ),
 ( #6950, #3323 ),
 ( #3403, #5759 ),
 ( #7448, #2136 ),
 ( #930, #2249 ),
 ( #6315, #434 ),
 ( #6928, #3294 ),
 ( #3374, #7501 ),
 ( #4568, #1036 ),
 ( #5182, #1621 ),
 ( #4512, #5782 ),
 ( #6258, #6900 ),
 ( #5125, #5149 ),
 ( #345, #6370 ),
 ( #4452, #4541 ),
 ( #7535, #5067 ) ),
 .UNSPECIFIED., .F., .F., .F.,
 ( 4, 1, 1, 1, 1, 1, 1, 1, 1, 1, 1, 1, 1, 1, 1, 1, 4 ),
 ( 2, 2 ),
 ( 0.0000000000000000000, 0.06204543997304065583, 0.1210579365068108343, 0.1775350814536523769, 0.2329646459074619091, 0.2868047855484850972, 0.3413061798232352451, 0.3966377428488097601, 0.4535361505204169030, 0.5123459651778302648, 0.5722552520454521341, 0.6350484639409014198, 0.7001231044015285843, 0.7691164277558689699, 0.8418324469924199915, 0.9187081123360688606, 1.000000000000000000 ),
 ( 0.0000000000000000000, 1.000000000000000000 ),
 .UNSPECIFIED. ) ;
#1270 = CARTESIAN_POINT ( 'NONE',  ( 0.3131484324977720779, 0.09800846245452733696, -0.6000000000000000888 ) ) ;
#1271 = EDGE_LOOP ( 'NONE', ( #2011, #1641, #4095, #1291 ) ) ;
#1272 = SURFACE_STYLE_USAGE ( .BOTH. , #3610 ) ;
#1273 = CARTESIAN_POINT ( 'NONE',  ( -1.049872501134293756, 0.7200168666639229498, 0.5699999999999999512 ) ) ;
#1274 =( NAMED_UNIT ( * ) SI_UNIT ( $, .STERADIAN. ) SOLID_ANGLE_UNIT ( ) );
#1275 = ORIENTED_EDGE ( 'NONE', *, *, #6878, .F. ) ;
#1276 = VERTEX_POINT ( 'NONE', #3175 ) ;
#1277 = DIRECTION ( 'NONE',  ( -0.0000000000000000000, -0.0000000000000000000, 1.000000000000000000 ) ) ;
#1278 = VECTOR ( 'NONE', #6264, 1000.000000000000000 ) ;
#1279 = FACE_OUTER_BOUND ( 'NONE', #3392, .T. ) ;
#1280 = PRESENTATION_LAYER_ASSIGNMENT (  '', '', ( #7073 ) ) ;
#1281 = EDGE_CURVE ( 'NONE', #1975, #6038, #7446, .T. ) ;
#1282 = ORIENTED_EDGE ( 'NONE', *, *, #2170, .T. ) ;
#1283 = AXIS2_PLACEMENT_3D ( 'NONE', #4641, #1083, #2894 ) ;
#1284 = EDGE_CURVE ( 'NONE', #3533, #669, #2395, .T. ) ;
#1285 = PRESENTATION_LAYER_ASSIGNMENT (  '', '', ( #7464 ) ) ;
#1286 = CARTESIAN_POINT ( 'NONE',  ( 0.4542366599930446336, -0.07473300908154037470, 0.5999999999999999778 ) ) ;
#1287 = SURFACE_STYLE_FILL_AREA ( #5645 ) ;
#1288 = CARTESIAN_POINT ( 'NONE',  ( 0.2353811796702200421, 0.01188741126944048432, 0.6000000000000000888 ) ) ;
#1289 = SURFACE_STYLE_FILL_AREA ( #3754 ) ;
#1290 = ORIENTED_EDGE ( 'NONE', *, *, #7254, .F. ) ;
#1291 = ORIENTED_EDGE ( 'NONE', *, *, #1445, .F. ) ;
#1292 = SURFACE_SIDE_STYLE ('',( #5857 ) ) ;
#1293 = SURFACE_SIDE_STYLE ('',( #6098 ) ) ;
#1294 = FILL_AREA_STYLE_COLOUR ( '', #5494 ) ;
#1295 = DIRECTION ( 'NONE',  ( -0.0000000000000000000, -1.000000000000000000, -0.0000000000000000000 ) ) ;
#1296 = EDGE_LOOP ( 'NONE', ( #1468, #3329, #2173, #4266 ) ) ;
#1297 = STYLED_ITEM ( 'NONE', ( #1379 ), #6120 ) ;
#1298 = SURFACE_STYLE_FILL_AREA ( #7462 ) ;
#1299 =( LENGTH_UNIT ( ) NAMED_UNIT ( * ) SI_UNIT ( .MILLI., .METRE. ) );
#1300 = EDGE_CURVE ( 'NONE', #2665, #2851, #5440, .T. ) ;
#1301 = PRESENTATION_LAYER_ASSIGNMENT (  '', '', ( #126 ) ) ;
#1302 = FACE_OUTER_BOUND ( 'NONE', #4803, .T. ) ;
#1303 = UNCERTAINTY_MEASURE_WITH_UNIT (LENGTH_MEASURE( 1.000000000000000082E-05 ), #223, 'distance_accuracy_value', 'NONE');
#1304 = DIRECTION ( 'NONE',  ( 0.0000000000000000000, -0.0000000000000000000, -1.000000000000000000 ) ) ;
#1305 = EDGE_LOOP ( 'NONE', ( #3593, #995, #1922, #618 ) ) ;
#1306 = PRESENTATION_LAYER_ASSIGNMENT (  '', '', ( #5519 ) ) ;
#1307 = ORIENTED_EDGE ( 'NONE', *, *, #3493, .T. ) ;
#1308 = VERTEX_POINT ( 'NONE', #3152 ) ;
#1309 = CARTESIAN_POINT ( 'NONE',  ( 0.3212620924570195879, 0.05856286926306614876, 0.5989999999999998659 ) ) ;
#1310 = VERTEX_POINT ( 'NONE', #250 ) ;
#1311 = AXIS2_PLACEMENT_3D ( 'NONE', #658, #6470, #2955 ) ;
#1312 = CARTESIAN_POINT ( 'NONE',  ( 0.4493524628299465640, -0.1011820040714032365, 0.6000000000000000888 ) ) ;
#1313 = DIRECTION ( 'NONE',  ( 1.000000000000000000, 0.0000000000000000000, 0.0000000000000000000 ) ) ;
#1314 =( GEOMETRIC_REPRESENTATION_CONTEXT ( 3 ) GLOBAL_UNCERTAINTY_ASSIGNED_CONTEXT ( ( #569 ) ) GLOBAL_UNIT_ASSIGNED_CONTEXT ( ( #3681, #753, #166 ) ) REPRESENTATION_CONTEXT ( 'NONE', 'WORKASPACE' ) );
#1315 =( NAMED_UNIT ( * ) PLANE_ANGLE_UNIT ( ) SI_UNIT ( $, .RADIAN. ) );
#1316 = CARTESIAN_POINT ( 'NONE',  ( 0.2676011681239527373, -0.08403496449025557591, -0.5999999999999998668 ) ) ;
#1317 = SURFACE_SIDE_STYLE ('',( #7570 ) ) ;
#1318 =( NAMED_UNIT ( * ) SI_UNIT ( $, .STERADIAN. ) SOLID_ANGLE_UNIT ( ) );
#1319 = CARTESIAN_POINT ( 'NONE',  ( -1.270016866663922661, -0.7200168666639226167, 0.5699999999999999512 ) ) ;
#1320 = CARTESIAN_POINT ( 'NONE',  ( 0.3306427913121919859, 0.02575465682761977210, -0.5989999999999999769 ) ) ;
#1321 = DIRECTION ( 'NONE',  ( 0.9991543195835282942, 0.04111746171125638810, 0.0000000000000000000 ) ) ;
#1322 = DIRECTION ( 'NONE',  ( -0.0000000000000000000, -0.0000000000000000000, 1.000000000000000000 ) ) ;
#1323 = LINE ( 'NONE', #7558, #7407 ) ;
#1324 = SURFACE_STYLE_USAGE ( .BOTH. , #6200 ) ;
#1326 = ORIENTED_EDGE ( 'NONE', *, *, #331, .F. ) ;
#1325 = PLANE ( 'NONE',  #3102 ) ;
#1327 = PRESENTATION_LAYER_ASSIGNMENT (  '', '', ( #6877 ) ) ;
#1328 = CARTESIAN_POINT ( 'NONE',  ( 0.5099110839951188634, 0.1789558763398149122, -0.5989999999999999769 ) ) ;
#1329 = EDGE_CURVE ( 'NONE', #2907, #50, #5830, .T. ) ;
#1330 = CARTESIAN_POINT ( 'NONE',  ( 0.4350534373154206769, 0.2147283821527764813, 0.5989999999999999769 ) ) ;
#1331 = DIRECTION ( 'NONE',  ( 0.0000000000000000000, 0.0000000000000000000, 1.000000000000000000 ) ) ;
#1332 =( LENGTH_UNIT ( ) NAMED_UNIT ( * ) SI_UNIT ( .MILLI., .METRE. ) );
#1333 = DIRECTION ( 'NONE',  ( 0.0000000000000000000, -1.000000000000000000, 0.0000000000000000000 ) ) ;
#1334 = CARTESIAN_POINT ( 'NONE',  ( 0.2302616937512164119, -0.1247026602455509336, -0.5999999999999999778 ) ) ;
#1335 = DIRECTION ( 'NONE',  ( -0.0000000000000000000, -0.0000000000000000000, -1.000000000000000000 ) ) ;
#1336 = SURFACE_STYLE_FILL_AREA ( #605 ) ;
#1337 = PRESENTATION_STYLE_ASSIGNMENT (( #1324 ) ) ;
#1338 = CARTESIAN_POINT ( 'NONE',  ( -0.1303328184439055681, -0.1210441236601850767, -0.5989999999999999769 ) ) ;
#1339 = CARTESIAN_POINT ( 'NONE',  ( 0.2878734510810257996, -0.1147773319301269163, -0.5989999999999997549 ) ) ;
#1340 = SURFACE_STYLE_USAGE ( .BOTH. , #6123 ) ;
#1341 = PRESENTATION_LAYER_ASSIGNMENT (  '', '', ( #993 ) ) ;
#1342 = FILL_AREA_STYLE_COLOUR ( '', #4362 ) ;
#1343 = ADVANCED_FACE ( 'NONE', ( #3574 ), #3197, .F. ) ;
#1344 = UNCERTAINTY_MEASURE_WITH_UNIT (LENGTH_MEASURE( 1.000000000000000082E-05 ), #5397, 'distance_accuracy_value', 'NONE');
#1345 = CARTESIAN_POINT ( 'NONE',  ( 0.1477159620438993348, 0.1707241690227417341, -0.5999999999999999778 ) ) ;
#1346 = CARTESIAN_POINT ( 'NONE',  ( -0.2148221477121982081, 0.1460290470715222277, -0.5989999999999999769 ) ) ;
#1347 = CIRCLE ( 'NONE', #6060, 0.03000000000000003011 ) ;
#1348 = CARTESIAN_POINT ( 'NONE',  ( -0.3157372625612860362, 0.1487007205453771408, -0.5999999999999999778 ) ) ;
#1349 = VECTOR ( 'NONE', #3446, 1000.000000000000000 ) ;
#1350 = PRESENTATION_STYLE_ASSIGNMENT (( #2855 ) ) ;
#1351 = CARTESIAN_POINT ( 'NONE',  ( -0.4764075135658568105, -0.003970952928477775382, -0.5999999999999999778 ) ) ;
#1352 = SURFACE_SIDE_STYLE ('',( #3026 ) ) ;
#1353 =( NAMED_UNIT ( * ) SI_UNIT ( $, .STERADIAN. ) SOLID_ANGLE_UNIT ( ) );
#1354 = SURFACE_STYLE_FILL_AREA ( #5258 ) ;
#1355 = CARTESIAN_POINT ( 'NONE',  ( 0.4394727707514007875, -0.1248158948488622411, 0.5999999999999990896 ) ) ;
#1356 = EDGE_CURVE ( 'NONE', #2991, #6940, #6622, .T. ) ;
#1357 = MECHANICAL_DESIGN_GEOMETRIC_PRESENTATION_REPRESENTATION (  '', ( #6749 ), #6795 ) ;
#1358 = DIRECTION ( 'NONE',  ( -0.0000000000000000000, -0.0000000000000000000, -1.000000000000000000 ) ) ;
#1359 = LINE ( 'NONE', #6238, #5906 ) ;
#1360 = CARTESIAN_POINT ( 'NONE',  ( 0.3615967496124821712, -0.03692139231998339127, -0.5989999999999997549 ) ) ;
#1361 = ORIENTED_EDGE ( 'NONE', *, *, #5634, .F. ) ;
#1362 = PRESENTATION_STYLE_ASSIGNMENT (( #3003 ) ) ;
#1363 = EDGE_CURVE ( 'NONE', #907, #2442, #349, .T. ) ;
#1364 = CARTESIAN_POINT ( 'NONE',  ( 0.3707929292036752367, 0.01786013785027045636, -0.6000000000000000888 ) ) ;
#1365 = ADVANCED_FACE ( 'NONE', ( #1637 ), #2104, .T. ) ;
#1366 = SURFACE_STYLE_USAGE ( .BOTH. , #7155 ) ;
#1367 = EDGE_LOOP ( 'NONE', ( #904, #1249, #3288, #7132 ) ) ;
#1368 = ORIENTED_EDGE ( 'NONE', *, *, #958, .F. ) ;
#1369 = CARTESIAN_POINT ( 'NONE',  ( 0.2461106155647313498, 0.01294409010393307927, 0.5990000000000000879 ) ) ;
#1370 = CARTESIAN_POINT ( 'NONE',  ( 0.3003792604586883463, -0.1091142086202636641, -0.5989999999999997549 ) ) ;
#1371 = LINE ( 'NONE', #3960, #3667 ) ;
#1372 = CARTESIAN_POINT ( 'NONE',  ( -0.8324871361935458625, -0.7200168666639227277, 0.5699999999999999512 ) ) ;
#1373 = ADVANCED_FACE ( 'NONE', ( #3024 ), #3245, .T. ) ;
#1374 = CARTESIAN_POINT ( 'NONE',  ( 1.646612987842787978, 0.2750000000000000222, -0.6999999999999998446 ) ) ;
#1375 = ORIENTED_EDGE ( 'NONE', *, *, #5512, .T. ) ;
#1376 = PRESENTATION_LAYER_ASSIGNMENT (  '', '', ( #456 ) ) ;
#1377 = ORIENTED_EDGE ( 'NONE', *, *, #6560, .T. ) ;
#1378 = CARTESIAN_POINT ( 'NONE',  ( -1.350000000000000311, 0.8000000000000002665, 0.0000000000000000000 ) ) ;
#1379 = PRESENTATION_STYLE_ASSIGNMENT (( #752 ) ) ;
#1380 = CARTESIAN_POINT ( 'NONE',  ( -0.5226009899721393293, 0.1256570189496610812, -0.5999999999999999778 ) ) ;
#1381 = CARTESIAN_POINT ( 'NONE',  ( -0.4764075135658568105, -0.003970952928477775382, -0.5989999999999999769 ) ) ;
#1382 = ORIENTED_EDGE ( 'NONE', *, *, #3158, .T. ) ;
#1383 = LINE ( 'NONE', #6476, #1571 ) ;
#1384 = PRESENTATION_LAYER_ASSIGNMENT (  '', '', ( #985 ) ) ;
#1385 = SURFACE_STYLE_USAGE ( .BOTH. , #212 ) ;
#1386 = CARTESIAN_POINT ( 'NONE',  ( 0.3328507490020746751, -0.08427541857796910785, -0.5989999999999999769 ) ) ;
#1387 =( GEOMETRIC_REPRESENTATION_CONTEXT ( 3 ) GLOBAL_UNCERTAINTY_ASSIGNED_CONTEXT ( ( #4411 ) ) GLOBAL_UNIT_ASSIGNED_CONTEXT ( ( #683, #6018, #2980 ) ) REPRESENTATION_CONTEXT ( 'NONE', 'WORKASPACE' ) );
#1388 = CARTESIAN_POINT ( 'NONE',  ( 0.3707560367146675584, 0.02913323089226622226, -0.5989999999999999769 ) ) ;
#1389 = UNCERTAINTY_MEASURE_WITH_UNIT (LENGTH_MEASURE( 1.000000000000000082E-05 ), #4692, 'distance_accuracy_value', 'NONE');
#1390 =( LENGTH_UNIT ( ) NAMED_UNIT ( * ) SI_UNIT ( .MILLI., .METRE. ) );
#1391 = DIRECTION ( 'NONE',  ( 0.0000000000000000000, 1.000000000000000000, -2.844589491631831991E-13 ) ) ;
#1392 = ADVANCED_FACE ( 'NONE', ( #164 ), #406, .T. ) ;
#1393 = LINE ( 'NONE', #4165, #5560 ) ;
#1394 = DIRECTION ( 'NONE',  ( 0.0000000000000000000, -1.000000000000000000, 3.688575084102990269E-13 ) ) ;
#1395 =( NAMED_UNIT ( * ) PLANE_ANGLE_UNIT ( ) SI_UNIT ( $, .RADIAN. ) );
#1396 = CARTESIAN_POINT ( 'NONE',  ( -0.5269410501512225009, 0.1423705104861563986, -0.5989999999999999769 ) ) ;
#1397 = FILL_AREA_STYLE ('',( #3147 ) ) ;
#1398 = VERTEX_POINT ( 'NONE', #2165 ) ;
#1399 = SURFACE_STYLE_USAGE ( .BOTH. , #1996 ) ;
#1400 = CARTESIAN_POINT ( 'NONE',  ( 0.2913276635145025661, 0.1241327179647963297, -0.5989999999999997549 ) ) ;
#1401 = CARTESIAN_POINT ( 'NONE',  ( 0.3131484324977720779, 0.09800846245452733696, -0.6000000000000000888 ) ) ;
#1402 = UNCERTAINTY_MEASURE_WITH_UNIT (LENGTH_MEASURE( 1.000000000000000082E-05 ), #756, 'distance_accuracy_value', 'NONE');
#1403 = STYLED_ITEM ( 'NONE', ( #5912 ), #6766 ) ;
#1404 = FILL_AREA_STYLE_COLOUR ( '', #6980 ) ;
#1405 = EDGE_CURVE ( 'NONE', #2413, #6801, #2748, .T. ) ;
#1406 = EDGE_LOOP ( 'NONE', ( #1024, #2288, #87, #4807 ) ) ;
#1407 = CARTESIAN_POINT ( 'NONE',  ( 0.3736456001241422742, 0.05102894193554238789, 0.5989999999999999769 ) ) ;
#1408 = STYLED_ITEM ( 'NONE', ( #190 ), #814 ) ;
#1409 = DIRECTION ( 'NONE',  ( 0.0000000000000000000, -0.0000000000000000000, 1.000000000000000000 ) ) ;
#1410 = PRESENTATION_STYLE_ASSIGNMENT (( #5059 ) ) ;
#1411 = PRESENTATION_LAYER_ASSIGNMENT (  '', '', ( #911 ) ) ;
#1412 = ORIENTED_EDGE ( 'NONE', *, *, #1825, .T. ) ;
#1413 = FILL_AREA_STYLE_COLOUR ( '', #403 ) ;
#1414 = DIRECTION ( 'NONE',  ( -0.0000000000000000000, 0.0000000000000000000, 1.000000000000000000 ) ) ;
#1415 = CARTESIAN_POINT ( 'NONE',  ( 0.3120589590030854454, -0.1021140295019084959, -0.5990000000000003100 ) ) ;
#1416 = STYLED_ITEM ( 'NONE', ( #3007 ), #1919 ) ;
#1417 =( LENGTH_UNIT ( ) NAMED_UNIT ( * ) SI_UNIT ( .MILLI., .METRE. ) );
#1418 = ORIENTED_EDGE ( 'NONE', *, *, #6416, .T. ) ;
#1419 = DIRECTION ( 'NONE',  ( 0.0000000000000000000, -1.000000000000000000, 0.0000000000000000000 ) ) ;
#1420 = CARTESIAN_POINT ( 'NONE',  ( 1.588985775486360774, 0.2750000000000000222, 0.003944918839624813635 ) ) ;
#1421 = VECTOR ( 'NONE', #2896, 1000.000000000000000 ) ;
#1422 = CARTESIAN_POINT ( 'NONE',  ( 0.1812525227899320912, 0.1449734212249666199, -0.6000000000000000888 ) ) ;
#1423 = CARTESIAN_POINT ( 'NONE',  ( 0.3417872544925598666, -0.07370638645964558422, -0.5990000000000000879 ) ) ;
#1424 = DIRECTION ( 'NONE',  ( 0.9961946980917454342, 0.0000000000000000000, 0.08715574274765894303 ) ) ;
#1425 = CARTESIAN_POINT ( 'NONE',  ( -1.320114159057247827, 0.8000000000000002665, 0.0000000000000000000 ) ) ;
#1426 = VECTOR ( 'NONE', #6000, 1000.000000000000000 ) ;
#1427 =( NAMED_UNIT ( * ) PLANE_ANGLE_UNIT ( ) SI_UNIT ( $, .RADIAN. ) );
#1428 = ORIENTED_EDGE ( 'NONE', *, *, #5447, .T. ) ;
#1429 = CARTESIAN_POINT ( 'NONE',  ( -0.2904712950034497032, 0.1637223146426217413, -0.5999999999999999778 ) ) ;
#1430 = EDGE_CURVE ( 'NONE', #2701, #7526, #3200, .T. ) ;
#1431 = AXIS2_PLACEMENT_3D ( 'NONE', #5878, #1141, #5859 ) ;
#1432 = EDGE_CURVE ( 'NONE', #1005, #7445, #5624, .T. ) ;
#1433 = AXIS2_PLACEMENT_3D ( 'NONE', #3726, #4828, #1424 ) ;
#1434 = VECTOR ( 'NONE', #7414, 1000.000000000000000 ) ;
#1435 = FILL_AREA_STYLE_COLOUR ( '', #5359 ) ;
#1436 = SURFACE_SIDE_STYLE ('',( #6534 ) ) ;
#1437 = FILL_AREA_STYLE ('',( #3189 ) ) ;
#1438 = SURFACE_STYLE_USAGE ( .BOTH. , #4975 ) ;
#1439 = UNCERTAINTY_MEASURE_WITH_UNIT (LENGTH_MEASURE( 1.000000000000000082E-05 ), #5411, 'distance_accuracy_value', 'NONE');
#1440 = FACE_OUTER_BOUND ( 'NONE', #3490, .T. ) ;
#1441 = CARTESIAN_POINT ( 'NONE',  ( 0.4137413217911231622, 0.03037259809009903305, 0.5989999999999998659 ) ) ;
#1442 = SURFACE_SIDE_STYLE ('',( #5748 ) ) ;
#1443 = VECTOR ( 'NONE', #2682, 1000.000000000000000 ) ;
#1444 = AXIS2_PLACEMENT_3D ( 'NONE', #4182, #7293, #4289 ) ;
#1445 = EDGE_CURVE ( 'NONE', #761, #210, #4391, .T. ) ;
#1446 = CARTESIAN_POINT ( 'NONE',  ( 1.850000000000000089, 0.2750000000000000222, -0.6999999999999999556 ) ) ;
#1447 =( GEOMETRIC_REPRESENTATION_CONTEXT ( 3 ) GLOBAL_UNCERTAINTY_ASSIGNED_CONTEXT ( ( #176 ) ) GLOBAL_UNIT_ASSIGNED_CONTEXT ( ( #5012, #4372, #4428 ) ) REPRESENTATION_CONTEXT ( 'NONE', 'WORKASPACE' ) );
#1448 = CARTESIAN_POINT ( 'NONE',  ( -0.3717962330780518188, 0.03272874219347342989, -0.5999999999999999778 ) ) ;
#1449 = DIRECTION ( 'NONE',  ( 0.0000000000000000000, 0.0000000000000000000, -1.000000000000000000 ) ) ;
#1450 = CARTESIAN_POINT ( 'NONE',  ( -0.5902223001512224565, -0.03689778219677045806, -0.5989999999999999769 ) ) ;
#1451 =( NAMED_UNIT ( * ) PLANE_ANGLE_UNIT ( ) SI_UNIT ( $, .RADIAN. ) );
#1452 = SURFACE_STYLE_FILL_AREA ( #6778 ) ;
#1453 = STYLED_ITEM ( 'NONE', ( #6259 ), #1614 ) ;
#1454 = MECHANICAL_DESIGN_GEOMETRIC_PRESENTATION_REPRESENTATION (  '', ( #1075 ), #5431 ) ;
#1455 = ORIENTED_EDGE ( 'NONE', *, *, #6447, .T. ) ;
#1456 = PRESENTATION_STYLE_ASSIGNMENT (( #4506 ) ) ;
#1457 = VERTEX_POINT ( 'NONE', #3832 ) ;
#1458 = COLOUR_RGB ( '',1.000000000000000000, 1.000000000000000000, 1.000000000000000000 ) ;
#1459 = CARTESIAN_POINT ( 'NONE',  ( -1.349999999999999867, -0.7876483080687591842, -2.371692252312040949E-17 ) ) ;
#1460 = CYLINDRICAL_SURFACE ( 'NONE', #4571, 0.03000000000000007869 ) ;
#1461 =( NAMED_UNIT ( * ) SI_UNIT ( $, .STERADIAN. ) SOLID_ANGLE_UNIT ( ) );
#1462 = CARTESIAN_POINT ( 'NONE',  ( 0.1876723751206215429, -0.1205408603116595728, -0.5989999999999998659 ) ) ;
#1463 = DIRECTION ( 'NONE',  ( 1.000000000000000000, 0.0000000000000000000, -0.0000000000000000000 ) ) ;
#1464 = CARTESIAN_POINT ( 'NONE',  ( 0.08917937667804562429, 0.1789558763398149122, -0.5989999999999999769 ) ) ;
#1465 = CARTESIAN_POINT ( 'NONE',  ( 0.2994290064643817528, 0.1162754067885646975, -0.5990000000000000879 ) ) ;
#1466 = AXIS2_PLACEMENT_3D ( 'NONE', #5432, #4244, #3044 ) ;
#1467 = VERTEX_POINT ( 'NONE', #7398 ) ;
#1468 = ORIENTED_EDGE ( 'NONE', *, *, #2898, .F. ) ;
#1469 = EDGE_CURVE ( 'NONE', #210, #3342, #4213, .T. ) ;
#1470 =( LENGTH_UNIT ( ) NAMED_UNIT ( * ) SI_UNIT ( .MILLI., .METRE. ) );
#1471 = CARTESIAN_POINT ( 'NONE',  ( -0.4376498916146371876, -0.1210441236601850767, -0.5989999999999999769 ) ) ;
#1472 = SURFACE_STYLE_USAGE ( .BOTH. , #6300 ) ;
#1473 = SURFACE_STYLE_FILL_AREA ( #4526 ) ;
#1474 = CARTESIAN_POINT ( 'NONE',  ( -1.429594623791681229, 0.2750000000000000222, 0.1500000000000000500 ) ) ;
#1475 = PRODUCT_RELATED_PRODUCT_CATEGORY ( 'part', '', ( #1007 ) ) ;
#1476 = VECTOR ( 'NONE', #2749, 1000.000000000000000 ) ;
#1477 = CARTESIAN_POINT ( 'NONE',  ( 0.1849134043141905936, -0.1200292375370936998, -0.5989999999999999769 ) ) ;
#1478 = MECHANICAL_DESIGN_GEOMETRIC_PRESENTATION_REPRESENTATION (  '', ( #5608 ), #1387 ) ;
#1479 = CARTESIAN_POINT ( 'NONE',  ( -1.337648308068759118, -0.7999999999999997113, -2.371692252312040949E-17 ) ) ;
#1480 = CARTESIAN_POINT ( 'NONE',  ( 0.3684677933189526300, 0.05725922387598228469, -0.5989999999999999769 ) ) ;
#1481 = FILL_AREA_STYLE_COLOUR ( '', #1117 ) ;
#1482 = CARTESIAN_POINT ( 'NONE',  ( 0.2148056584969262328, 0.1496397214779864593, -0.5999999999999998668 ) ) ;
#1483 = ORIENTED_EDGE ( 'NONE', *, *, #4126, .T. ) ;
#1484 = CARTESIAN_POINT ( 'NONE',  ( -0.5216208492813841913, 0.1227012885223313365, -0.5999999999999998668 ) ) ;
#1485 = ADVANCED_FACE ( 'NONE', ( #5985 ), #5183, .F. ) ;
#1486 = ADVANCED_FACE ( 'NONE', ( #387 ), #3266, .T. ) ;
#1487 = FILL_AREA_STYLE ('',( #6318 ) ) ;
#1488 = CARTESIAN_POINT ( 'NONE',  ( 0.3964964498487773548, -0.1210441236601850767, -0.5989999999999999769 ) ) ;
#1489 = DIRECTION ( 'NONE',  ( 0.9961946980917455452, 0.0000000000000000000, -0.08715574274765829077 ) ) ;
#1490 = CARTESIAN_POINT ( 'NONE',  ( 0.04893547423902126770, 0.04724855926664416061, -0.5989999999999999769 ) ) ;
#1491 = DIRECTION ( 'NONE',  ( -1.000000000000000000, 0.0000000000000000000, -0.0000000000000000000 ) ) ;
#1492 = EDGE_CURVE ( 'NONE', #3359, #3244, #2746, .T. ) ;
#1493 = ORIENTED_EDGE ( 'NONE', *, *, #7346, .T. ) ;
#1494 = STYLED_ITEM ( 'NONE', ( #3838 ), #1485 ) ;
#1495 = CARTESIAN_POINT ( 'NONE',  ( -0.3077077548236545335, -0.04837823682880465492, -0.5999999999999999778 ) ) ;
#1496 = CARTESIAN_POINT ( 'NONE',  ( 0.3099772178032255687, -0.1901496666277113778, 0.5999999999999992006 ) ) ;
#1497 = EDGE_CURVE ( 'NONE', #5361, #2606, #1187, .T. ) ;
#1498 =( LENGTH_UNIT ( ) NAMED_UNIT ( * ) SI_UNIT ( .MILLI., .METRE. ) );
#1499 = VECTOR ( 'NONE', #7418, 1000.000000000000000 ) ;
#1500 = CARTESIAN_POINT ( 'NONE',  ( 0.04893547423902126770, -0.08811729439189239232, -0.5989999999999999769 ) ) ;
#1501 = ORIENTED_EDGE ( 'NONE', *, *, #1238, .F. ) ;
#1502 = CARTESIAN_POINT ( 'NONE',  ( -0.5211674221024420461, 0.1213339251203026936, -0.5989999999999999769 ) ) ;
#1503 = CARTESIAN_POINT ( 'NONE',  ( 0.2789200879150437462, 0.1719633046845269464, -0.5989999999999998659 ) ) ;
#1504 = DIRECTION ( 'NONE',  ( 0.9991543195835282942, 0.04111746171125638810, 0.0000000000000000000 ) ) ;
#1505 =( NAMED_UNIT ( * ) PLANE_ANGLE_UNIT ( ) SI_UNIT ( $, .RADIAN. ) );
#1506 = CARTESIAN_POINT ( 'NONE',  ( 0.1725292813234560463, 0.1423055209760613338, -0.5989999999999997549 ) ) ;
#1507 =( GEOMETRIC_REPRESENTATION_CONTEXT ( 3 ) GLOBAL_UNCERTAINTY_ASSIGNED_CONTEXT ( ( #4151 ) ) GLOBAL_UNIT_ASSIGNED_CONTEXT ( ( #5030, #848, #2708 ) ) REPRESENTATION_CONTEXT ( 'NONE', 'WORKASPACE' ) );
#1508 = CARTESIAN_POINT ( 'NONE',  ( -1.336876700471111734, 0.8000000000000002665, 0.1500000000000000222 ) ) ;
#1509 = DIRECTION ( 'NONE',  ( 0.0000000000000000000, 0.0000000000000000000, -1.000000000000000000 ) ) ;
#1510 = CARTESIAN_POINT ( 'NONE',  ( 0.2034176599687627929, -0.09067209615100249587, -0.5999999999999997558 ) ) ;
#1511 = SURFACE_STYLE_USAGE ( .BOTH. , #3921 ) ;
#1512 = CIRCLE ( 'NONE', #4553, 0.1599999999999999756 ) ;
#1513 =( LENGTH_UNIT ( ) NAMED_UNIT ( * ) SI_UNIT ( .MILLI., .METRE. ) );
#1514 = CARTESIAN_POINT ( 'NONE',  ( 0.2764526419561812998, -0.1434662312280615415, 0.5989999999999999769 ) ) ;
#1515 = CARTESIAN_POINT ( 'NONE',  ( 0.1477159620438993348, 0.1707241690227417341, -0.5999999999999999778 ) ) ;
#1516 = AXIS2_PLACEMENT_3D ( 'NONE', #4349, #896, #828 ) ;
#1517 = EDGE_CURVE ( 'NONE', #2601, #6218, #5516, .T. ) ;
#1518 = CYLINDRICAL_SURFACE ( 'NONE', #4441, 0.1599999999999999756 ) ;
#1519 = FILL_AREA_STYLE ('',( #5742 ) ) ;
#1520 = PRESENTATION_LAYER_ASSIGNMENT (  '', '', ( #1682 ) ) ;
#1521 = CIRCLE ( 'NONE', #5140, 0.01000000000000000368 ) ;
#1522 = EDGE_LOOP ( 'NONE', ( #6853, #4170, #4314, #4695 ) ) ;
#1523 = VECTOR ( 'NONE', #1179, 1000.000000000000000 ) ;
#1524 = FILL_AREA_STYLE ('',( #4467 ) ) ;
#1525 =( NAMED_UNIT ( * ) SI_UNIT ( $, .STERADIAN. ) SOLID_ANGLE_UNIT ( ) );
#1526 = EDGE_CURVE ( 'NONE', #4187, #907, #6067, .T. ) ;
#1527 =( LENGTH_UNIT ( ) NAMED_UNIT ( * ) SI_UNIT ( .MILLI., .METRE. ) );
#1528 = STYLED_ITEM ( 'NONE', ( #7635 ), #4557 ) ;
#1529 = ADVANCED_FACE ( 'NONE', ( #7250 ), #5807, .T. ) ;
#1530 = UNCERTAINTY_MEASURE_WITH_UNIT (LENGTH_MEASURE( 1.000000000000000082E-05 ), #6299, 'distance_accuracy_value', 'NONE');
#1531 = SURFACE_STYLE_USAGE ( .BOTH. , #6278 ) ;
#1532 = VECTOR ( 'NONE', #4403, 1000.000000000000000 ) ;
#1533 = ORIENTED_EDGE ( 'NONE', *, *, #6981, .F. ) ;
#1534 = COLOUR_RGB ( '',1.000000000000000000, 1.000000000000000000, 1.000000000000000000 ) ;
#1535 = CARTESIAN_POINT ( 'NONE',  ( -1.349999999999999867, -0.7701141590572474493, 0.0000000000000000000 ) ) ;
#1536 = DIRECTION ( 'NONE',  ( -0.0000000000000000000, -0.0000000000000000000, -1.000000000000000000 ) ) ;
#1537 = CARTESIAN_POINT ( 'NONE',  ( -0.3297760406689966284, 0.05835370419489584876, -0.5999999999999997558 ) ) ;
#1538 =( NAMED_UNIT ( * ) PLANE_ANGLE_UNIT ( ) SI_UNIT ( $, .RADIAN. ) );
#1539 =( GEOMETRIC_REPRESENTATION_CONTEXT ( 3 ) GLOBAL_UNCERTAINTY_ASSIGNED_CONTEXT ( ( #2618 ) ) GLOBAL_UNIT_ASSIGNED_CONTEXT ( ( #3849, #7412, #3823 ) ) REPRESENTATION_CONTEXT ( 'NONE', 'WORKASPACE' ) );
#1540 = EDGE_LOOP ( 'NONE', ( #6485, #6117, #1750, #1375 ) ) ;
#1541 = LINE ( 'NONE', #3027, #638 ) ;
#1542 = LINE ( 'NONE', #2661, #4136 ) ;
#1543 = EDGE_CURVE ( 'NONE', #7526, #5633, #3014, .T. ) ;
#1544 = CARTESIAN_POINT ( 'NONE',  ( -0.5303424439092295772, 0.1252631289323063446, -0.6000000000000000888 ) ) ;
#1545 =( LENGTH_UNIT ( ) NAMED_UNIT ( * ) SI_UNIT ( .MILLI., .METRE. ) );
#1546 = PRESENTATION_LAYER_ASSIGNMENT (  '', '', ( #1408 ) ) ;
#1547 = ORIENTED_EDGE ( 'NONE', *, *, #2030, .T. ) ;
#1548 = FILL_AREA_STYLE_COLOUR ( '', #3293 ) ;
#1549 = SURFACE_STYLE_USAGE ( .BOTH. , #380 ) ;
#1550 = ORIENTED_EDGE ( 'NONE', *, *, #7223, .F. ) ;
#1551 = SURFACE_STYLE_FILL_AREA ( #7229 ) ;
#1552 = SURFACE_STYLE_USAGE ( .BOTH. , #7453 ) ;
#1553 = SURFACE_SIDE_STYLE ('',( #6927 ) ) ;
#1554 = STYLED_ITEM ( 'NONE', ( #4523 ), #630 ) ;
#1555 = SURFACE_STYLE_FILL_AREA ( #6680 ) ;
#1556 = CARTESIAN_POINT ( 'NONE',  ( 0.4496288367660111196, -0.02192674555648381485, 0.5989999999999997549 ) ) ;
#1557 = ORIENTED_EDGE ( 'NONE', *, *, #6951, .F. ) ;
#1558 = CARTESIAN_POINT ( 'NONE',  ( 1.646612987842787978, 0.2750000000000000222, -0.5499999999999999334 ) ) ;
#1559 = CARTESIAN_POINT ( 'NONE',  ( -0.2733269197462125932, -0.07596560956470924109, -0.6000000000000000888 ) ) ;
#1560 = EDGE_LOOP ( 'NONE', ( #2857, #3592, #709, #2873 ) ) ;
#1561 = MECHANICAL_DESIGN_GEOMETRIC_PRESENTATION_REPRESENTATION (  '', ( #2285 ), #3673 ) ;
#1562 = CARTESIAN_POINT ( 'NONE',  ( -0.5767314464926859285, -0.003970952928477775382, -0.5999999999999999778 ) ) ;
#1563 = PRESENTATION_STYLE_ASSIGNMENT (( #4423 ) ) ;
#1564 = VECTOR ( 'NONE', #5062, 1000.000000000000000 ) ;
#1565 = AXIS2_PLACEMENT_3D ( 'NONE', #7239, #7190, #6687 ) ;
#1566 = DIRECTION ( 'NONE',  ( 0.0000000000000000000, 1.000000000000000000, 0.0000000000000000000 ) ) ;
#1567 = ORIENTED_EDGE ( 'NONE', *, *, #3012, .F. ) ;
#1568 = CARTESIAN_POINT ( 'NONE',  ( 0.2343620919430138283, 0.1822410325076344317, -0.5989999999999999769 ) ) ;
#1569 = CARTESIAN_POINT ( 'NONE',  ( 0.3193976893472186274, -0.03308209692631772225, -0.6000000000000000888 ) ) ;
#1570 = CARTESIAN_POINT ( 'NONE',  ( -0.2396278854759994470, 0.1444333453897458097, -0.5999999999999998668 ) ) ;
#1571 = VECTOR ( 'NONE', #1207, 1000.000000000000000 ) ;
#1572 = DIRECTION ( 'NONE',  ( -1.000000000000000000, 0.0000000000000000000, 0.0000000000000000000 ) ) ;
#1573 = CARTESIAN_POINT ( 'NONE',  ( -0.3312476239674832512, 0.01828986021545579710, -0.5999999999999998668 ) ) ;
#1574 = CARTESIAN_POINT ( 'NONE',  ( -1.049872501134293756, 1.015288465802815843, 0.5989999999999999769 ) ) ;
#1575 = CARTESIAN_POINT ( 'NONE',  ( -0.5315713855170761670, 0.1213339251203026936, -0.5999999999999999778 ) ) ;
#1576 =( NAMED_UNIT ( * ) SI_UNIT ( $, .STERADIAN. ) SOLID_ANGLE_UNIT ( ) );
#1577 = ORIENTED_EDGE ( 'NONE', *, *, #628, .T. ) ;
#1578 =( NAMED_UNIT ( * ) PLANE_ANGLE_UNIT ( ) SI_UNIT ( $, .RADIAN. ) );
#1579 = PLANE ( 'NONE',  #2350 ) ;
#1580 =( GEOMETRIC_REPRESENTATION_CONTEXT ( 3 ) GLOBAL_UNCERTAINTY_ASSIGNED_CONTEXT ( ( #1021 ) ) GLOBAL_UNIT_ASSIGNED_CONTEXT ( ( #5713, #6358, #3309 ) ) REPRESENTATION_CONTEXT ( 'NONE', 'WORKASPACE' ) );
#1581 = EDGE_CURVE ( 'NONE', #3442, #6973, #4581, .T. ) ;
#1582 = EDGE_LOOP ( 'NONE', ( #28, #2309, #5776, #6651 ) ) ;
#1583 = ORIENTED_EDGE ( 'NONE', *, *, #6352, .F. ) ;
#1584 = CARTESIAN_POINT ( 'NONE',  ( 0.2499438813803231962, 0.1801266539902430797, -0.5999999999999998668 ) ) ;
#1585 = ADVANCED_FACE ( 'NONE', ( #259 ), #7562, .T. ) ;
#1586 = EDGE_CURVE ( 'NONE', #3346, #6021, #2210, .T. ) ;
#1587 = CARTESIAN_POINT ( 'NONE',  ( -0.4376498916146371876, -0.1210441236601850767, -0.5999999999999999778 ) ) ;
#1588 = UNCERTAINTY_MEASURE_WITH_UNIT (LENGTH_MEASURE( 1.000000000000000082E-05 ), #2359, 'distance_accuracy_value', 'NONE');
#1589 = CARTESIAN_POINT ( 'NONE',  ( -1.646612987842787978, -0.2750000000000000222, -0.5400000000000000355 ) ) ;
#1590 = DIRECTION ( 'NONE',  ( 0.3390537954853695135, 0.9407669869669987861, 0.0000000000000000000 ) ) ;
#1591 = CARTESIAN_POINT ( 'NONE',  ( 0.3455076610482828992, -0.1407448669986942624, 0.6000000000000000888 ) ) ;
#1592 = PRESENTATION_STYLE_ASSIGNMENT (( #6872 ) ) ;
#1593 = SURFACE_SIDE_STYLE ('',( #2945 ) ) ;
#1594 = VERTEX_POINT ( 'NONE', #39 ) ;
#1595 = CARTESIAN_POINT ( 'NONE',  ( -1.429594623791681229, -0.2750000000000000222, 4.864353580123063085E-17 ) ) ;
#1596 = CARTESIAN_POINT ( 'NONE',  ( -0.2911186412983092220, 0.1242149980772714463, -0.5999999999999997558 ) ) ;
#1597 = ORIENTED_EDGE ( 'NONE', *, *, #1985, .T. ) ;
#1598 = AXIS2_PLACEMENT_3D ( 'NONE', #1319, #3073, #732 ) ;
#1599 = CARTESIAN_POINT ( 'NONE',  ( -0.3609375052654643645, -0.03011310130390576142, -0.5989999999999998659 ) ) ;
#1600 = FILL_AREA_STYLE ('',( #5536 ) ) ;
#1601 = LINE ( 'NONE', #6493, #4265 ) ;
#1602 = ORIENTED_EDGE ( 'NONE', *, *, #6012, .T. ) ;
#1603 = CARTESIAN_POINT ( 'NONE',  ( 0.04893547423902126770, 0.04724855926664416061, -0.5989999999999999769 ) ) ;
#1604 = CARTESIAN_POINT ( 'NONE',  ( -0.3716750729172583201, 0.02706246684156856513, -0.5989999999999998659 ) ) ;
#1605 = CARTESIAN_POINT ( 'NONE',  ( 0.1477159620438993348, 0.1707241690227417341, -0.5989999999999999769 ) ) ;
#1606 = CARTESIAN_POINT ( 'NONE',  ( 0.1626746612092974387, 0.1760152762839473917, -0.5999999999999998668 ) ) ;
#1607 =( GEOMETRIC_REPRESENTATION_CONTEXT ( 3 ) GLOBAL_UNCERTAINTY_ASSIGNED_CONTEXT ( ( #5522 ) ) GLOBAL_UNIT_ASSIGNED_CONTEXT ( ( #3522, #4068, #1742 ) ) REPRESENTATION_CONTEXT ( 'NONE', 'WORKASPACE' ) );
#1608 = FACE_OUTER_BOUND ( 'NONE', #5717, .T. ) ;
#1609 =( NAMED_UNIT ( * ) PLANE_ANGLE_UNIT ( ) SI_UNIT ( $, .RADIAN. ) );
#1610 = EDGE_LOOP ( 'NONE', ( #1455, #4217, #6598, #7595 ) ) ;
#1611 = FILL_AREA_STYLE_COLOUR ( '', #2426 ) ;
#1612 = PRESENTATION_STYLE_ASSIGNMENT (( #7103 ) ) ;
#1613 = VECTOR ( 'NONE', #3687, 1000.000000000000000 ) ;
#1614 = ADVANCED_FACE ( 'NONE', ( #3933 ), #5887, .F. ) ;
#1615 = CARTESIAN_POINT ( 'NONE',  ( 0.2647795155146180912, 0.1767144835439433959, -0.6000000000000003109 ) ) ;
#1616 = DIRECTION ( 'NONE',  ( 1.000000000000000000, 0.0000000000000000000, 0.0000000000000000000 ) ) ;
#1617 = LINE ( 'NONE', #3994, #6147 ) ;
#1618 = PRESENTATION_LAYER_ASSIGNMENT (  '', '', ( #6128 ) ) ;
#1619 = CIRCLE ( 'NONE', #1283, 0.009999999999999809389 ) ;
#1620 = SURFACE_STYLE_FILL_AREA ( #3904 ) ;
#1621 = CARTESIAN_POINT ( 'NONE',  ( 0.3507764857572652217, 0.006825131649425609549, 0.6000000000000000888 ) ) ;
#1622 = EDGE_CURVE ( 'NONE', #773, #3028, #5107, .T. ) ;
#1623 = UNCERTAINTY_MEASURE_WITH_UNIT (LENGTH_MEASURE( 1.000000000000000082E-05 ), #1836, 'distance_accuracy_value', 'NONE');
#1624 = FILL_AREA_STYLE ('',( #1096 ) ) ;
#1625 = DIRECTION ( 'NONE',  ( 1.000000000000000000, 0.0000000000000000000, -0.0000000000000000000 ) ) ;
#1626 = ORIENTED_EDGE ( 'NONE', *, *, #3080, .F. ) ;
#1627 = SURFACE_STYLE_FILL_AREA ( #6250 ) ;
#1628 = FACE_OUTER_BOUND ( 'NONE', #55, .T. ) ;
#1629 = CARTESIAN_POINT ( 'NONE',  ( -0.3658016338234909015, -0.01561326585227370591, -0.5999999999999999778 ) ) ;
#1630 = DIRECTION ( 'NONE',  ( 1.000000000000000000, 0.0000000000000000000, -0.0000000000000000000 ) ) ;
#1631 = B_SPLINE_CURVE_WITH_KNOTS ( 'NONE', 3,
 ( #6208, #2779, #3354, #2193, #347, #7482, #7450, #3920, #6320, #5733, #4516, #6787, #5620, #979, #6903, #3246, #3833, #2141, #2715 ),
 .UNSPECIFIED., .F., .F.,
 ( 4, 1, 1, 1, 1, 1, 1, 1, 1, 1, 1, 1, 1, 1, 1, 1, 4 ),
 ( 0.0000000000000000000, 0.06863117867660141480, 0.1345664660386773348, 0.1983281540108811636, 0.2607897666408452997, 0.3219991514841584190, 0.3827217465030194332, 0.4435374740357287404, 0.5051334294849250117, 0.5662138747646718873, 0.6261058646175455822, 0.6853493221605165830, 0.7449958703477972399, 0.8054158418145626053, 0.8676362663459531444, 0.9323077823023293575, 1.000000000000000000 ),
 .UNSPECIFIED. ) ;
#1632 = SURFACE_STYLE_USAGE ( .BOTH. , #4660 ) ;
#1633 = B_SPLINE_SURFACE_WITH_KNOTS ( 'NONE', 3, 1, ( 
 ( #3910, #2820 ),
 ( #7529, #2924 ),
 ( #558, #5280 ),
 ( #3396, #5312 ),
 ( #7047, #3449 ),
 ( #504, #4586 ),
 ( #4615, #4045 ),
 ( #1144, #4018 ),
 ( #1722, #4694 ),
 ( #5880, #3475 ),
 ( #2897, #5802 ),
 ( #5224, #3992 ),
 ( #2337, #7604 ),
 ( #6461, #3504 ),
 ( #1061, #1085 ),
 ( #477, #7623 ),
 ( #5251, #4099 ),
 ( #6947, #531 ),
 ( #4644, #585 ) ),
 .UNSPECIFIED., .F., .F., .F.,
 ( 4, 1, 1, 1, 1, 1, 1, 1, 1, 1, 1, 1, 1, 1, 1, 1, 4 ),
 ( 2, 2 ),
 ( 0.0000000000000000000, 0.07311097863980878242, 0.1427163625997054930, 0.2093342775539381029, 0.2740417002862157725, 0.3365169556271566664, 0.3982069297656996576, 0.4590086733383963447, 0.5195507362522336914, 0.5796987050645917572, 0.6382005993985716552, 0.6961203200338537123, 0.7541528447644905153, 0.8127993795403227750, 0.8728360432877736441, 0.9350609913430658615, 1.000000000000000000 ),
 ( 0.0000000000000000000, 1.000000000000000000 ),
 .UNSPECIFIED. ) ;
#1634 = UNCERTAINTY_MEASURE_WITH_UNIT (LENGTH_MEASURE( 1.000000000000000082E-05 ), #2220, 'distance_accuracy_value', 'NONE');
#1635 = DIRECTION ( 'NONE',  ( 1.000000000000000000, 0.0000000000000000000, 0.0000000000000000000 ) ) ;
#1636 = EDGE_LOOP ( 'NONE', ( #785, #3401, #4582, #6341 ) ) ;
#1637 = FACE_OUTER_BOUND ( 'NONE', #4087, .T. ) ;
#1638 = FACE_OUTER_BOUND ( 'NONE', #4912, .T. ) ;
#1639 = AXIS2_PLACEMENT_3D ( 'NONE', #4657, #1809, #4167 ) ;
#1640 = ORIENTED_EDGE ( 'NONE', *, *, #3202, .T. ) ;
#1641 = ORIENTED_EDGE ( 'NONE', *, *, #5656, .F. ) ;
#1642 = CARTESIAN_POINT ( 'NONE',  ( 1.032390010713868378, 0.2750000000000000222, 0.1499999999999999944 ) ) ;
#1643 = ORIENTED_EDGE ( 'NONE', *, *, #5266, .T. ) ;
#1644 = VECTOR ( 'NONE', #25, 1000.000000000000227 ) ;
#1645 = LINE ( 'NONE', #2591, #5988 ) ;
#1646 = CARTESIAN_POINT ( 'NONE',  ( 0.3289981966861952878, 0.0002985308039202950558, -0.5999999999999998668 ) ) ;
#1647 = VERTEX_POINT ( 'NONE', #4108 ) ;
#1648 = CARTESIAN_POINT ( 'NONE',  ( -0.3273656703433487358, -0.007057080339806756815, -0.5999999999999999778 ) ) ;
#1649 = VECTOR ( 'NONE', #1671, 1000.000000000000000 ) ;
#1650 = ORIENTED_EDGE ( 'NONE', *, *, #839, .T. ) ;
#1651 = AXIS2_PLACEMENT_3D ( 'NONE', #2679, #3313, #3238 ) ;
#1652 = LINE ( 'NONE', #983, #6384 ) ;
#1653 = SURFACE_STYLE_USAGE ( .BOTH. , #2904 ) ;
#1654 = EDGE_CURVE ( 'NONE', #5825, #3167, #2536, .T. ) ;
#1655 = DIRECTION ( 'NONE',  ( -0.0000000000000000000, -0.0000000000000000000, -1.000000000000000000 ) ) ;
#1656 = COLOUR_RGB ( '',1.000000000000000000, 1.000000000000000000, 1.000000000000000000 ) ;
#1657 =( GEOMETRIC_REPRESENTATION_CONTEXT ( 3 ) GLOBAL_UNCERTAINTY_ASSIGNED_CONTEXT ( ( #2123 ) ) GLOBAL_UNIT_ASSIGNED_CONTEXT ( ( #7440, #5225, #2900 ) ) REPRESENTATION_CONTEXT ( 'NONE', 'WORKASPACE' ) );
#1658 = DIRECTION ( 'NONE',  ( 1.000000000000000000, 0.0000000000000000000, 0.0000000000000000000 ) ) ;
#1659 = CARTESIAN_POINT ( 'NONE',  ( -1.429594623791681229, 0.2750000000000000222, -0.009999999999999953371 ) ) ;
#1660 = VERTEX_POINT ( 'NONE', #3018 ) ;
#1661 = FACE_OUTER_BOUND ( 'NONE', #6484, .T. ) ;
#1662 = CARTESIAN_POINT ( 'NONE',  ( -0.3272529815310418755, -0.07924420172545508512, -0.5989999999999998659 ) ) ;
#1663 =( NAMED_UNIT ( * ) PLANE_ANGLE_UNIT ( ) SI_UNIT ( $, .RADIAN. ) );
#1664 = CARTESIAN_POINT ( 'NONE',  ( 0.4007480660274107542, -0.05506680140724379280, 0.5989999999999999769 ) ) ;
#1665 = EDGE_CURVE ( 'NONE', #3112, #5490, #1347, .T. ) ;
#1666 = CARTESIAN_POINT ( 'NONE',  ( -0.2995078487507968346, 0.1175397680402132661, -0.5989999999999999769 ) ) ;
#1667 = DIRECTION ( 'NONE',  ( 1.000000000000000000, 0.0000000000000000000, 0.0000000000000000000 ) ) ;
#1668 = VERTEX_POINT ( 'NONE', #2994 ) ;
#1669 = CARTESIAN_POINT ( 'NONE',  ( -0.8324871361935458625, 1.015288465802815843, 0.5999999999999999778 ) ) ;
#1670 = COLOUR_RGB ( '',0.2509803921568627416, 0.2509803921568627416, 0.2509803921568627416 ) ;
#1671 = DIRECTION ( 'NONE',  ( -1.000000000000000000, 0.0000000000000000000, 1.224646799147352961E-16 ) ) ;
#1672 = CARTESIAN_POINT ( 'NONE',  ( -0.3003893316558140514, -0.05670066604441548197, -0.5999999999999998668 ) ) ;
#1673 = VECTOR ( 'NONE', #938, 1000.000000000000000 ) ;
#1674 = CARTESIAN_POINT ( 'NONE',  ( -1.439556570772598798, 0.2750000000000000222, -0.009128442572523459697 ) ) ;
#1675 =( LENGTH_UNIT ( ) NAMED_UNIT ( * ) SI_UNIT ( .MILLI., .METRE. ) );
#1676 = SURFACE_STYLE_FILL_AREA ( #1010 ) ;
#1677 = FILL_AREA_STYLE ('',( #6811 ) ) ;
#1678 = CARTESIAN_POINT ( 'NONE',  ( -0.06447915990732011604, 0.1789558763398149122, -0.5989999999999999769 ) ) ;
#1679 = DIRECTION ( 'NONE',  ( 0.0000000000000000000, 1.000000000000000000, 0.0000000000000000000 ) ) ;
#1680 = UNCERTAINTY_MEASURE_WITH_UNIT (LENGTH_MEASURE( 1.000000000000000082E-05 ), #7472, 'distance_accuracy_value', 'NONE');
#1681 = MECHANICAL_DESIGN_GEOMETRIC_PRESENTATION_REPRESENTATION (  '', ( #3742 ), #6298 ) ;
#1682 = STYLED_ITEM ( 'NONE', ( #7245 ), #7408 ) ;
#1683 = CARTESIAN_POINT ( 'NONE',  ( 0.3279674862869053076, 0.1389807243019586525, -0.5999999999999997558 ) ) ;
#1684 = EDGE_CURVE ( 'NONE', #4969, #5825, #5913, .T. ) ;
#1685 = CARTESIAN_POINT ( 'NONE',  ( -0.2622778166797042343, 0.1735873716250540544, -0.5999999999999993117 ) ) ;
#1686 = CARTESIAN_POINT ( 'NONE',  ( 0.3416094643836954381, 0.009717126279608296127, 0.5999999999999999778 ) ) ;
#1687 = ORIENTED_EDGE ( 'NONE', *, *, #5987, .F. ) ;
#1688 = STYLED_ITEM ( 'NONE', ( #2000 ), #5068 ) ;
#1689 = B_SPLINE_CURVE_WITH_KNOTS ( 'NONE', 3,
 ( #3159, #6674, #6158, #4413, #1380, #7282, #6747 ),
 .UNSPECIFIED., .F., .F.,
 ( 4, 1, 1, 1, 4 ),
 ( 0.0000000000000000000, 0.3005411131585106754, 0.5677471464835996962, 0.8000336137369820078, 0.9999999999999998890 ),
 .UNSPECIFIED. ) ;
#1690 = CARTESIAN_POINT ( 'NONE',  ( 1.032390010713868378, 0.2750000000000000222, 0.1499999999999999944 ) ) ;
#1691 =( NAMED_UNIT ( * ) PLANE_ANGLE_UNIT ( ) SI_UNIT ( $, .RADIAN. ) );
#1692 = CARTESIAN_POINT ( 'NONE',  ( -0.3312629049294128492, 0.04539940183474062280, -0.5990000000000000879 ) ) ;
#1693 = VECTOR ( 'NONE', #4591, 1000.000000000000000 ) ;
#1694 = ORIENTED_EDGE ( 'NONE', *, *, #5627, .T. ) ;
#1695 = MECHANICAL_DESIGN_GEOMETRIC_PRESENTATION_REPRESENTATION (  '', ( #1297 ), #2101 ) ;
#1696 = CARTESIAN_POINT ( 'NONE',  ( 0.3099772178032255687, -0.1901496666277113778, 0.5989999999999999769 ) ) ;
#1697 = FILL_AREA_STYLE_COLOUR ( '', #5021 ) ;
#1698 = PLANE ( 'NONE',  #1933 ) ;
#1699 = PRESENTATION_STYLE_ASSIGNMENT (( #1008 ) ) ;
#1700 = EDGE_CURVE ( 'NONE', #3028, #3961, #887, .T. ) ;
#1701 = VERTEX_POINT ( 'NONE', #3818 ) ;
#1702 = MECHANICAL_DESIGN_GEOMETRIC_PRESENTATION_REPRESENTATION (  '', ( #1217 ), #533 ) ;
#1703 = ORIENTED_EDGE ( 'NONE', *, *, #1934, .T. ) ;
#1704 =( LENGTH_UNIT ( ) NAMED_UNIT ( * ) SI_UNIT ( .MILLI., .METRE. ) );
#1705 = PRESENTATION_LAYER_ASSIGNMENT (  '', '', ( #5020 ) ) ;
#1706 = CARTESIAN_POINT ( 'NONE',  ( -0.5238430321488817265, 0.1305439623166722019, -0.5989999999999999769 ) ) ;
#1707 = LINE ( 'NONE', #4066, #4931 ) ;
#1708 = CARTESIAN_POINT ( 'NONE',  ( 0.1833863660781328009, -0.08709161593990968897, -0.5989999999999997549 ) ) ;
#1709 = CARTESIAN_POINT ( 'NONE',  ( -0.2610540259877699443, -0.1154585945495556210, -0.5989999999999999769 ) ) ;
#1710 = CARTESIAN_POINT ( 'NONE',  ( -0.2149936416146371876, 0.1789558763398149122, -0.5989999999999999769 ) ) ;
#1711 = CARTESIAN_POINT ( 'NONE',  ( -0.3314487958329083717, 0.02725651023008043156, -0.5989999999999999769 ) ) ;
#1712 = MECHANICAL_DESIGN_GEOMETRIC_PRESENTATION_REPRESENTATION (  '', ( #1855 ), #7010 ) ;
#1713 = MECHANICAL_DESIGN_GEOMETRIC_PRESENTATION_REPRESENTATION (  '', ( #6220 ), #2122 ) ;
#1714 = DIRECTION ( 'NONE',  ( -0.0000000000000000000, -0.0000000000000000000, -1.000000000000000000 ) ) ;
#1715 = SURFACE_STYLE_USAGE ( .BOTH. , #5822 ) ;
#1716 = COLOUR_RGB ( '',1.000000000000000000, 1.000000000000000000, 1.000000000000000000 ) ;
#1717 = COLOUR_RGB ( '',1.000000000000000000, 1.000000000000000000, 1.000000000000000000 ) ;
#1718 = ORIENTED_EDGE ( 'NONE', *, *, #5662, .T. ) ;
#1719 = VECTOR ( 'NONE', #3801, 1000.000000000000000 ) ;
#1720 = SURFACE_STYLE_USAGE ( .BOTH. , #7602 ) ;
#1721 = CARTESIAN_POINT ( 'NONE',  ( 1.299984549164874492, -0.7499845491648746698, -0.2274678216215719750 ) ) ;
#1722 = CARTESIAN_POINT ( 'NONE',  ( 0.3686664405238391784, -0.1291497270025513677, 0.5989999999999999769 ) ) ;
#1723 = UNCERTAINTY_MEASURE_WITH_UNIT (LENGTH_MEASURE( 1.000000000000000082E-05 ), #2797, 'distance_accuracy_value', 'NONE');
#1724 = CARTESIAN_POINT ( 'NONE',  ( 0.3159985592666401666, 0.05863082117716668373, 0.5989999999999999769 ) ) ;
#1725 = MECHANICAL_DESIGN_GEOMETRIC_PRESENTATION_REPRESENTATION (  '', ( #6877 ), #409 ) ;
#1726 = ORIENTED_EDGE ( 'NONE', *, *, #2147, .T. ) ;
#1727 = DIRECTION ( 'NONE',  ( -0.0000000000000000000, 0.0000000000000000000, -1.000000000000000000 ) ) ;
#1728 = EDGE_CURVE ( 'NONE', #3961, #3972, #1689, .T. ) ;
#1729 = FILL_AREA_STYLE_COLOUR ( '', #6454 ) ;
#1730 = CARTESIAN_POINT ( 'NONE',  ( -0.3136518933949372090, 0.1013894812913345711, -0.5989999999999998659 ) ) ;
#1731 = VECTOR ( 'NONE', #6135, 1000.000000000000000 ) ;
#1732 = FILL_AREA_STYLE ('',( #6960 ) ) ;
#1733 = ORIENTED_EDGE ( 'NONE', *, *, #1654, .T. ) ;
#1734 = CIRCLE ( 'NONE', #960, 0.02999999999999997113 ) ;
#1735 = CARTESIAN_POINT ( 'NONE',  ( 0.3317762079611288328, 0.01200789825754761120, 0.5989999999999999769 ) ) ;
#1736 = ADVANCED_FACE ( 'NONE', ( #3732 ), #7326, .T. ) ;
#1737 = B_SPLINE_CURVE_WITH_KNOTS ( 'NONE', 3,
 ( #1334, #4913, #3650, #1908, #2477, #5337, #5527, #722, #774, #2500, #5928, #6605, #134, #798, #3109, #1968, #4320, #1364, #4823 ),
 .UNSPECIFIED., .F., .F.,
 ( 4, 1, 1, 1, 1, 1, 1, 1, 1, 1, 1, 1, 1, 1, 1, 1, 4 ),
 ( 0.0000000000000000000, 0.06783324845577357043, 0.1326555365079042093, 0.1950508840508277109, 0.2555829330687771628, 0.3147998341472899031, 0.3736004728263745966, 0.4325455953267435816, 0.4924306292835655130, 0.5526712559629695098, 0.6125130441881164733, 0.6726102503570065005, 0.7338383693139459707, 0.7965942385677740045, 0.8614497992905733037, 0.9291989423509054991, 1.000000000000000000 ),
 .UNSPECIFIED. ) ;
#1738 = EDGE_LOOP ( 'NONE', ( #765, #1326, #7313, #4183 ) ) ;
#1739 = CARTESIAN_POINT ( 'NONE',  ( 0.3193976893472186274, -0.03308209692631772225, -0.5989999999999999769 ) ) ;
#1740 = ADVANCED_FACE ( 'NONE', ( #251 ), #6895, .T. ) ;
#1741 = VECTOR ( 'NONE', #5752, 1000.000000000000000 ) ;
#1742 =( NAMED_UNIT ( * ) SI_UNIT ( $, .STERADIAN. ) SOLID_ANGLE_UNIT ( ) );
#1743 = ORIENTED_EDGE ( 'NONE', *, *, #1955, .F. ) ;
#1744 = CARTESIAN_POINT ( 'NONE',  ( 1.299984549164874492, 0.7499845491648751139, 0.2274678216215720306 ) ) ;
#1745 = FACE_OUTER_BOUND ( 'NONE', #4484, .T. ) ;
#1746 = PRESENTATION_LAYER_ASSIGNMENT (  '', '', ( #1788 ) ) ;
#1747 =( NAMED_UNIT ( * ) PLANE_ANGLE_UNIT ( ) SI_UNIT ( $, .RADIAN. ) );
#1748 = COLOUR_RGB ( '',1.000000000000000000, 1.000000000000000000, 1.000000000000000000 ) ;
#1749 = CYLINDRICAL_SURFACE ( 'NONE', #3123, 0.009999999999999809389 ) ;
#1750 = ORIENTED_EDGE ( 'NONE', *, *, #3555, .T. ) ;
#1751 = ORIENTED_EDGE ( 'NONE', *, *, #3340, .F. ) ;
#1752 = CARTESIAN_POINT ( 'NONE',  ( -0.05716208673658842998, 0.04724855926664416061, -0.5989999999999999769 ) ) ;
#1753 = CARTESIAN_POINT ( 'NONE',  ( -1.032390010713868378, 0.2750000000000000222, 0.0000000000000000000 ) ) ;
#1754 = FILL_AREA_STYLE ('',( #1118 ) ) ;
#1755 = ORIENTED_EDGE ( 'NONE', *, *, #5634, .T. ) ;
#1756 = ORIENTED_EDGE ( 'NONE', *, *, #1405, .T. ) ;
#1757 = FILL_AREA_STYLE_COLOUR ( '', #3617 ) ;
#1758 = EDGE_CURVE ( 'NONE', #2792, #3533, #2001, .T. ) ;
#1759 = FILL_AREA_STYLE ('',( #3430 ) ) ;
#1760 = AXIS2_PLACEMENT_3D ( 'NONE', #3352, #435, #1509 ) ;
#1761 = CARTESIAN_POINT ( 'NONE',  ( -0.2995078487507968346, 0.1175397680402132661, -0.6000000000000000888 ) ) ;
#1762 = FACE_OUTER_BOUND ( 'NONE', #3303, .T. ) ;
#1763 =( LENGTH_UNIT ( ) NAMED_UNIT ( * ) SI_UNIT ( .MILLI., .METRE. ) );
#1764 = DIRECTION ( 'NONE',  ( -1.000000000000000000, 0.0000000000000000000, 0.0000000000000000000 ) ) ;
#1765 =( NAMED_UNIT ( * ) SI_UNIT ( $, .STERADIAN. ) SOLID_ANGLE_UNIT ( ) );
#1766 = CARTESIAN_POINT ( 'NONE',  ( 1.349999999999999867, 0.2749999999999999667, -6.177600564011469419E-18 ) ) ;
#1767 = EDGE_CURVE ( 'NONE', #2333, #7305, #1521, .T. ) ;
#1768 = CARTESIAN_POINT ( 'NONE',  ( -0.3717962330780518188, 0.03272874219347342989, -0.5999999999999999778 ) ) ;
#1769 = SURFACE_STYLE_FILL_AREA ( #4678 ) ;
#1770 = FILL_AREA_STYLE ('',( #1184 ) ) ;
#1771 = CARTESIAN_POINT ( 'NONE',  ( -0.3315523306390275038, 0.03187127268127831065, -0.5989999999999999769 ) ) ;
#1772 = ORIENTED_EDGE ( 'NONE', *, *, #3647, .T. ) ;
#1773 = ORIENTED_EDGE ( 'NONE', *, *, #5746, .F. ) ;
#1774 = VECTOR ( 'NONE', #6413, 1000.000000000000000 ) ;
#1775 = VERTEX_POINT ( 'NONE', #4304 ) ;
#1776 = AXIS2_PLACEMENT_3D ( 'NONE', #4943, #2093, #6781 ) ;
#1777 = CARTESIAN_POINT ( 'NONE',  ( 0.2836853376504275825, -0.1892673066425592521, 0.5989999999999997549 ) ) ;
#1778 = CARTESIAN_POINT ( 'NONE',  ( 0.04893547423902126770, 0.04724855926664416061, -0.5999999999999999778 ) ) ;
#1779 = FILL_AREA_STYLE_COLOUR ( '', #6635 ) ;
#1780 = CARTESIAN_POINT ( 'NONE',  ( -0.06447915990732011604, 0.1789558763398149122, -0.5999999999999999778 ) ) ;
#1781 = UNCERTAINTY_MEASURE_WITH_UNIT (LENGTH_MEASURE( 1.000000000000000082E-05 ), #3461, 'distance_accuracy_value', 'NONE');
#1782 = DIRECTION ( 'NONE',  ( 0.0000000000000000000, 1.000000000000000000, 0.0000000000000000000 ) ) ;
#1783 = CARTESIAN_POINT ( 'NONE',  ( -0.5315713855170760560, 0.1213339251203026936, -0.5999999999999999778 ) ) ;
#1784 = ORIENTED_EDGE ( 'NONE', *, *, #5155, .F. ) ;
#1785 = CARTESIAN_POINT ( 'NONE',  ( -0.2911186412983092220, 0.1242149980772714463, -0.5989999999999997549 ) ) ;
#1786 = CARTESIAN_POINT ( 'NONE',  ( -0.2289032005073166343, -0.1207366136688922814, -0.5989999999999999769 ) ) ;
#1787 = DIRECTION ( 'NONE',  ( 0.0000000000000000000, -0.9961946980917455452, 0.08715574274765836016 ) ) ;
#1788 = STYLED_ITEM ( 'NONE', ( #2202 ), #5459 ) ;
#1789 = B_SPLINE_CURVE_WITH_KNOTS ( 'NONE', 3,
 ( #1950, #3092, #5507, #2530, #3119, #7220, #2547, #7241, #4295, #6099, #4923, #1401, #3153, #4898, #7273, #783, #3731, #224, #4332 ),
 .UNSPECIFIED., .F., .F.,
 ( 4, 1, 1, 1, 1, 1, 1, 1, 1, 1, 1, 1, 1, 1, 1, 1, 4 ),
 ( 0.0000000000000000000, 0.06460397028839205691, 0.1267024139629470969, 0.1867568140356180573, 0.2455056873654373750, 0.3036520244499752996, 0.3615030739706252549, 0.4202402229284672441, 0.4800333407766963489, 0.5406781347755159617, 0.6011918063807816237, 0.6623335024774423818, 0.7247395102972317149, 0.7894677361728865694, 0.8565048600438305293, 0.9263120958391900528, 1.000000000000000000 ),
 .UNSPECIFIED. ) ;
#1790 = COLOUR_RGB ( '',1.000000000000000000, 1.000000000000000000, 1.000000000000000000 ) ;
#1791 = CARTESIAN_POINT ( 'NONE',  ( -0.2610540259877699443, -0.1154585945495556210, -0.5999999999999999778 ) ) ;
#1792 = CARTESIAN_POINT ( 'NONE',  ( 0.2220361059691060568, 0.1496001828310948023, -0.5989999999999999769 ) ) ;
#1793 = CARTESIAN_POINT ( 'NONE',  ( -0.2148221477121982081, 0.1460290470715222277, -0.5989999999999999769 ) ) ;
#1794 = LINE ( 'NONE', #780, #2719 ) ;
#1795 = CARTESIAN_POINT ( 'NONE',  ( 0.3975006515609765256, -0.08982822476801366474, 0.5989999999999999769 ) ) ;
#1796 = ORIENTED_EDGE ( 'NONE', *, *, #3996, .F. ) ;
#1797 =( GEOMETRIC_REPRESENTATION_CONTEXT ( 3 ) GLOBAL_UNCERTAINTY_ASSIGNED_CONTEXT ( ( #607 ) ) GLOBAL_UNIT_ASSIGNED_CONTEXT ( ( #6852, #1578, #3327 ) ) REPRESENTATION_CONTEXT ( 'NONE', 'WORKASPACE' ) );
#1798 = ORIENTED_EDGE ( 'NONE', *, *, #6206, .T. ) ;
#1799 = CARTESIAN_POINT ( 'NONE',  ( 0.5501549864341431784, 0.1789558763398149122, -0.5989999999999999769 ) ) ;
#1800 = DIRECTION ( 'NONE',  ( -1.000000000000000000, 0.0000000000000000000, 0.0000000000000000000 ) ) ;
#1801 = EDGE_CURVE ( 'NONE', #50, #5730, #4833, .T. ) ;
#1802 =( GEOMETRIC_REPRESENTATION_CONTEXT ( 3 ) GLOBAL_UNCERTAINTY_ASSIGNED_CONTEXT ( ( #5310 ) ) GLOBAL_UNIT_ASSIGNED_CONTEXT ( ( #5754, #4509, #4477 ) ) REPRESENTATION_CONTEXT ( 'NONE', 'WORKASPACE' ) );
#1803 = COLOUR_RGB ( '',1.000000000000000000, 1.000000000000000000, 1.000000000000000000 ) ;
#1804 =( LENGTH_UNIT ( ) NAMED_UNIT ( * ) SI_UNIT ( .MILLI., .METRE. ) );
#1805 = VECTOR ( 'NONE', #3248, 1000.000000000000000 ) ;
#1806 = LINE ( 'NONE', #3445, #65 ) ;
#1807 = DIRECTION ( 'NONE',  ( 0.0000000000000000000, 1.000000000000000000, 0.0000000000000000000 ) ) ;
#1808 = CARTESIAN_POINT ( 'NONE',  ( -1.349999999999999867, -0.7999999999999998224, 0.0000000000000000000 ) ) ;
#1809 = DIRECTION ( 'NONE',  ( -0.0000000000000000000, -1.000000000000000000, -0.0000000000000000000 ) ) ;
#1810 = CARTESIAN_POINT ( 'NONE',  ( 0.2769405943268481995, -0.07952419422583427433, -0.5989999999999997549 ) ) ;
#1811 = CARTESIAN_POINT ( 'NONE',  ( 0.2527627394621428936, 0.1452279401580202911, -0.6000000000000000888 ) ) ;
#1812 = COLOUR_RGB ( '',1.000000000000000000, 1.000000000000000000, 1.000000000000000000 ) ;
#1813 = ORIENTED_EDGE ( 'NONE', *, *, #884, .F. ) ;
#1814 = CARTESIAN_POINT ( 'NONE',  ( 0.005785144632493820216, 0.1708259431283862262, 0.5989999999999999769 ) ) ;
#1815 = FACE_OUTER_BOUND ( 'NONE', #5593, .T. ) ;
#1816 = UNCERTAINTY_MEASURE_WITH_UNIT (LENGTH_MEASURE( 1.000000000000000082E-05 ), #676, 'distance_accuracy_value', 'NONE');
#1817 = VECTOR ( 'NONE', #6106, 1000.000000000000000 ) ;
#1818 = EDGE_LOOP ( 'NONE', ( #4494, #4567, #6418, #415 ) ) ;
#1819 = PLANE ( 'NONE',  #3885 ) ;
#1820 = DIRECTION ( 'NONE',  ( -1.000000000000000000, 0.0000000000000000000, 0.0000000000000000000 ) ) ;
#1821 = CARTESIAN_POINT ( 'NONE',  ( -0.2176846439534261823, -0.08801958171685562993, -0.5989999999999999769 ) ) ;
#1822 = MECHANICAL_DESIGN_GEOMETRIC_PRESENTATION_REPRESENTATION (  '', ( #935 ), #1580 ) ;
#1823 = FACE_OUTER_BOUND ( 'NONE', #1029, .T. ) ;
#1824 = SURFACE_STYLE_FILL_AREA ( #6702 ) ;
#1825 = EDGE_CURVE ( 'NONE', #5873, #2907, #7243, .T. ) ;
#1826 = EDGE_LOOP ( 'NONE', ( #5741, #6475, #6659, #3278 ) ) ;
#1827 = SURFACE_SIDE_STYLE ('',( #162 ) ) ;
#1828 = VECTOR ( 'NONE', #3506, 1000.000000000000000 ) ;
#1829 = PRESENTATION_LAYER_ASSIGNMENT (  '', '', ( #5499 ) ) ;
#1830 = CARTESIAN_POINT ( 'NONE',  ( -0.3070809132786876394, 0.1099468963208857925, -0.5999999999999998668 ) ) ;
#1831 = DIRECTION ( 'NONE',  ( 0.0000000000000000000, 1.000000000000000000, 0.0000000000000000000 ) ) ;
#1832 = VERTEX_POINT ( 'NONE', #2788 ) ;
#1833 = COLOUR_RGB ( '',1.000000000000000000, 1.000000000000000000, 1.000000000000000000 ) ;
#1834 = ORIENTED_EDGE ( 'NONE', *, *, #1844, .F. ) ;
#1835 = CARTESIAN_POINT ( 'NONE',  ( 0.3235491209038997562, -0.02265379510335819094, -0.5989999999999999769 ) ) ;
#1836 =( LENGTH_UNIT ( ) NAMED_UNIT ( * ) SI_UNIT ( .MILLI., .METRE. ) );
#1837 = SURFACE_STYLE_FILL_AREA ( #1732 ) ;
#1838 = VECTOR ( 'NONE', #5799, 1000.000000000000000 ) ;
#1839 = CARTESIAN_POINT ( 'NONE',  ( -0.2899992319985615352, -0.1048902123466513431, -0.5999999999999999778 ) ) ;
#1840 = CARTESIAN_POINT ( 'NONE',  ( -1.646612987842787978, -0.2750000000000000222, -0.5400000000000000355 ) ) ;
#1841 = LINE ( 'NONE', #6048, #287 ) ;
#1842 =( GEOMETRIC_REPRESENTATION_CONTEXT ( 3 ) GLOBAL_UNCERTAINTY_ASSIGNED_CONTEXT ( ( #1439 ) ) GLOBAL_UNIT_ASSIGNED_CONTEXT ( ( #5411, #4200, #47 ) ) REPRESENTATION_CONTEXT ( 'NONE', 'WORKASPACE' ) );
#1843 = ORIENTED_EDGE ( 'NONE', *, *, #3333, .T. ) ;
#1844 = EDGE_CURVE ( 'NONE', #7445, #2413, #3277, .T. ) ;
#1845 = MECHANICAL_DESIGN_GEOMETRIC_PRESENTATION_REPRESENTATION (  '', ( #7374 ), #3033 ) ;
#1846 = EDGE_LOOP ( 'NONE', ( #3775, #4001, #2144, #1197 ) ) ;
#1847 = ORIENTED_EDGE ( 'NONE', *, *, #6185, .F. ) ;
#1848 = LINE ( 'NONE', #4115, #4168 ) ;
#1849 = PLANE ( 'NONE',  #976 ) ;
#1850 = CARTESIAN_POINT ( 'NONE',  ( 0.5501549864341431784, 0.1789558763398149122, -0.5999999999999999778 ) ) ;
#1851 = B_SPLINE_SURFACE_WITH_KNOTS ( 'NONE', 3, 1, ( 
 ( #3090, #4424 ),
 ( #875, #2710 ),
 ( #5034, #2049 ),
 ( #6843, #951 ),
 ( #1506, #3192 ),
 ( #6254, #3782 ),
 ( #7365, #3828 ),
 ( #5614, #3223 ),
 ( #2133, #2628 ),
 ( #6734, #1482 ),
 ( #7315, #5589 ) ),
 .UNSPECIFIED., .F., .F., .F.,
 ( 4, 1, 1, 1, 1, 1, 1, 1, 4 ),
 ( 2, 2 ),
 ( 0.0000000000000000000, 0.1252796967356261115, 0.2494199707420509948, 0.3733567994928191913, 0.4966812787822861841, 0.6202029157439823415, 0.7450863201614561504, 0.8712691950190973866, 1.000000000000000000 ),
 ( 0.0000000000000000000, 1.000000000000000000 ),
 .UNSPECIFIED. ) ;
#1852 = COLOUR_RGB ( '',1.000000000000000000, 1.000000000000000000, 1.000000000000000000 ) ;
#1853 = ORIENTED_EDGE ( 'NONE', *, *, #1356, .T. ) ;
#1854 = ORIENTED_EDGE ( 'NONE', *, *, #1154, .F. ) ;
#1855 = STYLED_ITEM ( 'NONE', ( #4374 ), #1962 ) ;
#1856 = CARTESIAN_POINT ( 'NONE',  ( 0.2412385829462460607, -0.1815644580506599326, 0.5999999999999998668 ) ) ;
#1857 =( NAMED_UNIT ( * ) SI_UNIT ( $, .STERADIAN. ) SOLID_ANGLE_UNIT ( ) );
#1858 = STYLED_ITEM ( 'NONE', ( #1865 ), #4294 ) ;
#1859 = CARTESIAN_POINT ( 'NONE',  ( -0.8324871361935458625, -0.7200168666639227277, 0.5999999999999999778 ) ) ;
#1860 = ORIENTED_EDGE ( 'NONE', *, *, #5238, .T. ) ;
#1861 = VECTOR ( 'NONE', #3341, 1000.000000000000227 ) ;
#1862 = CARTESIAN_POINT ( 'NONE',  ( -1.270016866663922439, -0.7200168666639227277, 0.5699999999999999512 ) ) ;
#1863 = FILL_AREA_STYLE_COLOUR ( '', #928 ) ;
#1864 = CARTESIAN_POINT ( 'NONE',  ( 0.2505212098789602049, -0.1842181549615752867, 0.5989999999999999769 ) ) ;
#1865 = PRESENTATION_STYLE_ASSIGNMENT (( #220 ) ) ;
#1866 = FILL_AREA_STYLE ('',( #1342 ) ) ;
#1867 = DIRECTION ( 'NONE',  ( -1.000000000000000000, 0.0000000000000000000, 0.0000000000000000000 ) ) ;
#1868 = CARTESIAN_POINT ( 'NONE',  ( -0.3937474525902470157, -0.1210441236601850767, -0.5989999999999999769 ) ) ;
#1869 = SURFACE_STYLE_FILL_AREA ( #2067 ) ;
#1870 = CARTESIAN_POINT ( 'NONE',  ( 0.1477159620438993348, 0.1304802665837173359, -0.5989999999999999769 ) ) ;
#1871 = ORIENTED_EDGE ( 'NONE', *, *, #2170, .F. ) ;
#1872 = ORIENTED_EDGE ( 'NONE', *, *, #6447, .F. ) ;
#1873 = CARTESIAN_POINT ( 'NONE',  ( 0.1501039990970955418, 0.1716935259120037638, -0.5989999999999999769 ) ) ;
#1874 = UNCERTAINTY_MEASURE_WITH_UNIT (LENGTH_MEASURE( 1.000000000000000082E-05 ), #7619, 'distance_accuracy_value', 'NONE');
#1875 = STYLED_ITEM ( 'NONE', ( #5094 ), #3164 ) ;
#1876 = CARTESIAN_POINT ( 'NONE',  ( 0.3537570449820728324, -0.1376424719752947501, 0.5989999999999999769 ) ) ;
#1877 = EDGE_CURVE ( 'NONE', #4142, #3321, #6527, .T. ) ;
#1878 = VERTEX_POINT ( 'NONE', #6881 ) ;
#1879 = ORIENTED_EDGE ( 'NONE', *, *, #4342, .T. ) ;
#1880 = FACE_OUTER_BOUND ( 'NONE', #2066, .T. ) ;
#1881 = CARTESIAN_POINT ( 'NONE',  ( -0.2265028233567441263, -0.08782896306396943686, -0.5989999999999999769 ) ) ;
#1882 =( NAMED_UNIT ( * ) SI_UNIT ( $, .STERADIAN. ) SOLID_ANGLE_UNIT ( ) );
#1883 = DIRECTION ( 'NONE',  ( -0.0000000000000000000, -0.0000000000000000000, -1.000000000000000000 ) ) ;
#1884 = ORIENTED_EDGE ( 'NONE', *, *, #5549, .T. ) ;
#1885 =( NAMED_UNIT ( * ) PLANE_ANGLE_UNIT ( ) SI_UNIT ( $, .RADIAN. ) );
#1886 = CARTESIAN_POINT ( 'NONE',  ( -0.3714423257215458407, 0.04880034244156434414, -0.5999999999999996447 ) ) ;
#1887 = DIRECTION ( 'NONE',  ( 0.0000000000000000000, -0.9961946980917454342, -0.08715574274765894303 ) ) ;
#1888 = ORIENTED_EDGE ( 'NONE', *, *, #5946, .T. ) ;
#1889 = SURFACE_SIDE_STYLE ('',( #6116 ) ) ;
#1890 =( GEOMETRIC_REPRESENTATION_CONTEXT ( 3 ) GLOBAL_UNCERTAINTY_ASSIGNED_CONTEXT ( ( #3379 ) ) GLOBAL_UNIT_ASSIGNED_CONTEXT ( ( #851, #5700, #6143 ) ) REPRESENTATION_CONTEXT ( 'NONE', 'WORKASPACE' ) );
#1891 = PLANE ( 'NONE',  #808 ) ;
#1892 = CARTESIAN_POINT ( 'NONE',  ( 0.3303365797281164751, 0.03941210477191798428, -0.5989999999999999769 ) ) ;
#1893 = CARTESIAN_POINT ( 'NONE',  ( 0.1501039990970955418, 0.1716935259120037638, -0.5999999999999999778 ) ) ;
#1894 = VECTOR ( 'NONE', #4466, 1000.000000000000000 ) ;
#1895 = SPHERICAL_SURFACE ( 'NONE', #1431, 0.02999999999999999889 ) ;
#1896 = CYLINDRICAL_SURFACE ( 'NONE', #1112, 0.03000000000000002665 ) ;
#1897 = CARTESIAN_POINT ( 'NONE',  ( 0.4542366599930446336, -0.07473300908154037470, 0.5999999999999992006 ) ) ;
#1898 = CARTESIAN_POINT ( 'NONE',  ( 0.3604519628695218025, 0.05443785460097468054, 0.6000000000000000888 ) ) ;
#1899 = EDGE_CURVE ( 'NONE', #2473, #7288, #4938, .T. ) ;
#1900 = PRESENTATION_LAYER_ASSIGNMENT (  '', '', ( #1494 ) ) ;
#1901 = SURFACE_SIDE_STYLE ('',( #1336 ) ) ;
#1902 = ORIENTED_EDGE ( 'NONE', *, *, #6560, .F. ) ;
#1903 = LINE ( 'NONE', #4369, #3382 ) ;
#1904 = COLOUR_RGB ( '',1.000000000000000000, 1.000000000000000000, 1.000000000000000000 ) ;
#1905 = SURFACE_SIDE_STYLE ('',( #1555 ) ) ;
#1906 = EDGE_CURVE ( 'NONE', #5436, #1308, #342, .T. ) ;
#1907 = CARTESIAN_POINT ( 'NONE',  ( 0.3821844844002075248, -0.1765500934438544167, 0.5999999999999998668 ) ) ;
#1908 = CARTESIAN_POINT ( 'NONE',  ( 0.2605314291758150103, -0.1224488086927306152, -0.5999999999999999778 ) ) ;
#1909 = ADVANCED_FACE ( 'NONE', ( #5615 ), #7459, .F. ) ;
#1910 = CARTESIAN_POINT ( 'NONE',  ( 0.5501549864341431784, 0.1789558763398149122, -0.5999999999999999778 ) ) ;
#1911 = COLOUR_RGB ( '',0.5019607843137254832, 0.5019607843137254832, 0.5019607843137254832 ) ;
#1912 = CARTESIAN_POINT ( 'NONE',  ( 0.3306427913121919859, 0.02575465682761977210, -0.5989999999999999769 ) ) ;
#1913 = FILL_AREA_STYLE_COLOUR ( '', #6479 ) ;
#1914 = ORIENTED_EDGE ( 'NONE', *, *, #5266, .F. ) ;
#1915 = DIRECTION ( 'NONE',  ( -1.000000000000000000, 0.0000000000000000000, 0.0000000000000000000 ) ) ;
#1916 = DIRECTION ( 'NONE',  ( -0.0000000000000000000, -0.0000000000000000000, -1.000000000000000000 ) ) ;
#1917 = UNCERTAINTY_MEASURE_WITH_UNIT (LENGTH_MEASURE( 1.000000000000000082E-05 ), #5356, 'distance_accuracy_value', 'NONE');
#1918 = CARTESIAN_POINT ( 'NONE',  ( 0.3230438359412183824, 0.07678381935822237159, -0.6000000000000000888 ) ) ;
#1919 = ADVANCED_FACE ( 'NONE', ( #6245 ), #3358, .T. ) ;
#1920 = DIRECTION ( 'NONE',  ( 0.0000000000000000000, -1.000000000000000000, 0.0000000000000000000 ) ) ;
#1921 = DIRECTION ( 'NONE',  ( -0.0000000000000000000, -0.0000000000000000000, -1.000000000000000000 ) ) ;
#1922 = ORIENTED_EDGE ( 'NONE', *, *, #2085, .F. ) ;
#1923 = VECTOR ( 'NONE', #757, 1000.000000000000000 ) ;
#1924 = DIRECTION ( 'NONE',  ( -0.9961946980917455452, 0.0000000000000000000, 0.08715574274765830465 ) ) ;
#1925 =( NAMED_UNIT ( * ) PLANE_ANGLE_UNIT ( ) SI_UNIT ( $, .RADIAN. ) );
#1926 = ORIENTED_EDGE ( 'NONE', *, *, #4967, .T. ) ;
#1927 = COLOUR_RGB ( '',1.000000000000000000, 1.000000000000000000, 1.000000000000000000 ) ;
#1928 = VERTEX_POINT ( 'NONE', #6824 ) ;
#1929 = LINE ( 'NONE', #2885, #2862 ) ;
#1930 = ORIENTED_EDGE ( 'NONE', *, *, #3840, .T. ) ;
#1931 = LINE ( 'NONE', #3564, #4307 ) ;
#1932 = CARTESIAN_POINT ( 'NONE',  ( 0.2717325567814053988, -0.1880575504213573279, 0.5989999999999998659 ) ) ;
#1933 = AXIS2_PLACEMENT_3D ( 'NONE', #4174, #7066, #2973 ) ;
#1934 = EDGE_CURVE ( 'NONE', #2340, #2950, #3088, .T. ) ;
#1935 = ORIENTED_EDGE ( 'NONE', *, *, #4780, .F. ) ;
#1936 = LINE ( 'NONE', #7334, #1004 ) ;
#1937 = ORIENTED_EDGE ( 'NONE', *, *, #4820, .T. ) ;
#1938 = CARTESIAN_POINT ( 'NONE',  ( 0.2456536906161726208, -0.1243593743704132504, -0.5989999999999999769 ) ) ;
#1939 = EDGE_CURVE ( 'NONE', #4611, #2340, #1252, .T. ) ;
#1940 = AXIS2_PLACEMENT_3D ( 'NONE', #4281, #2208, #6333 ) ;
#1941 = SURFACE_STYLE_USAGE ( .BOTH. , #748 ) ;
#1942 =( NAMED_UNIT ( * ) SI_UNIT ( $, .STERADIAN. ) SOLID_ANGLE_UNIT ( ) );
#1943 = FILL_AREA_STYLE ('',( #136 ) ) ;
#1944 = VERTEX_POINT ( 'NONE', #6326 ) ;
#1945 = CARTESIAN_POINT ( 'NONE',  ( 0.3615967496124821712, -0.03692139231998339127, -0.5999999999999997558 ) ) ;
#1946 = SURFACE_STYLE_USAGE ( .BOTH. , #2482 ) ;
#1947 = B_SPLINE_SURFACE_WITH_KNOTS ( 'NONE', 3, 1, ( 
 ( #3284, #6194 ),
 ( #923, #5607 ),
 ( #2155, #396 ),
 ( #7357, #5116 ),
 ( #4420, #5581 ),
 ( #5086, #2042 ),
 ( #5693, #336 ),
 ( #5054, #6863 ),
 ( #3876, #892 ),
 ( #5668, #7433 ),
 ( #366, #4473 ) ),
 .UNSPECIFIED., .F., .F., .F.,
 ( 4, 1, 1, 1, 1, 1, 1, 1, 4 ),
 ( 2, 2 ),
 ( 0.0000000000000000000, 0.1124483899088007527, 0.2265276752126775817, 0.3444019493260279674, 0.4658649724874581732, 0.5916594493521163400, 0.7221684870248873400, 0.8586063875549263535, 1.000000000000000000 ),
 ( 0.0000000000000000000, 1.000000000000000000 ),
 .UNSPECIFIED. ) ;
#1948 = CARTESIAN_POINT ( 'NONE',  ( 0.3305388969683585310, 0.03038848411046526921, -0.5999999999999998668 ) ) ;
#1949 = PRESENTATION_STYLE_ASSIGNMENT (( #4806 ) ) ;
#1950 = CARTESIAN_POINT ( 'NONE',  ( 0.2179712974097529898, 0.1496875836568880846, -0.5999999999999999778 ) ) ;
#1951 = DIRECTION ( 'NONE',  ( -0.08682659386424777803, 0.08682659386424777803, 0.9924325091389669673 ) ) ;
#1952 = CARTESIAN_POINT ( 'NONE',  ( -0.3658041971656182390, 0.07896677015178715786, -0.5999999999999999778 ) ) ;
#1953 = MECHANICAL_DESIGN_GEOMETRIC_PRESENTATION_REPRESENTATION (  '', ( #4956 ), #6050 ) ;
#1954 =( NAMED_UNIT ( * ) SI_UNIT ( $, .STERADIAN. ) SOLID_ANGLE_UNIT ( ) );
#1955 = EDGE_CURVE ( 'NONE', #1668, #7042, #7533, .T. ) ;
#1956 = ADVANCED_FACE ( 'NONE', ( #5240 ), #2698, .T. ) ;
#1957 = VECTOR ( 'NONE', #6297, 1000.000000000000000 ) ;
#1958 = FILL_AREA_STYLE_COLOUR ( '', #5711 ) ;
#1959 = LINE ( 'NONE', #2358, #2587 ) ;
#1960 = MECHANICAL_DESIGN_GEOMETRIC_PRESENTATION_REPRESENTATION (  '', ( #1554 ), #2752 ) ;
#1961 = CARTESIAN_POINT ( 'NONE',  ( 0.4052246390294594880, -0.1630608030530724117, 0.5989999999999997549 ) ) ;
#1962 = ADVANCED_FACE ( 'NONE', ( #2729 ), #3439, .T. ) ;
#1963 = LINE ( 'NONE', #916, #2266 ) ;
#1964 =( NAMED_UNIT ( * ) PLANE_ANGLE_UNIT ( ) SI_UNIT ( $, .RADIAN. ) );
#1965 = AXIS2_PLACEMENT_3D ( 'NONE', #3998, #6930, #4592 ) ;
#1966 = DIRECTION ( 'NONE',  ( 0.0000000000000000000, -1.000000000000000000, 0.0000000000000000000 ) ) ;
#1967 = ORIENTED_EDGE ( 'NONE', *, *, #2726, .T. ) ;
#1968 = CARTESIAN_POINT ( 'NONE',  ( 0.3687077006857065187, -0.008299042712476920741, -0.5999999999999998668 ) ) ;
#1969 = STYLED_ITEM ( 'NONE', ( #5942 ), #4323 ) ;
#1970 =( NAMED_UNIT ( * ) SI_UNIT ( $, .STERADIAN. ) SOLID_ANGLE_UNIT ( ) );
#1971 = CARTESIAN_POINT ( 'NONE',  ( 0.2353811796702200421, 0.01188741126944048432, 0.5989999999999999769 ) ) ;
#1972 = DIRECTION ( 'NONE',  ( -1.000000000000000000, 0.0000000000000000000, 1.224646799147352961E-16 ) ) ;
#1973 = FILL_AREA_STYLE_COLOUR ( '', #2431 ) ;
#1974 =( LENGTH_UNIT ( ) NAMED_UNIT ( * ) SI_UNIT ( .MILLI., .METRE. ) );
#1975 = VERTEX_POINT ( 'NONE', #4032 ) ;
#1976 = CARTESIAN_POINT ( 'NONE',  ( 0.2179712974097529898, 0.1496875836568880846, -0.5999999999999999778 ) ) ;
#1977 = DIRECTION ( 'NONE',  ( -0.0000000000000000000, -0.0000000000000000000, -1.000000000000000000 ) ) ;
#1978 = UNCERTAINTY_MEASURE_WITH_UNIT (LENGTH_MEASURE( 1.000000000000000082E-05 ), #578, 'distance_accuracy_value', 'NONE');
#1979 = FACE_OUTER_BOUND ( 'NONE', #542, .T. ) ;
#1981 = ORIENTED_EDGE ( 'NONE', *, *, #4240, .F. ) ;
#1980 = CARTESIAN_POINT ( 'NONE',  ( -0.2119067513707348360, -0.1210441236601850767, -0.5989999999999999769 ) ) ;
#1982 = ORIENTED_EDGE ( 'NONE', *, *, #5077, .F. ) ;
#1983 = MECHANICAL_DESIGN_GEOMETRIC_PRESENTATION_REPRESENTATION (  '', ( #151 ), #6078 ) ;
#1984 = EDGE_CURVE ( 'NONE', #3766, #4154, #333, .T. ) ;
#1985 = EDGE_CURVE ( 'NONE', #822, #3539, #3635, .T. ) ;
#1986 = CARTESIAN_POINT ( 'NONE',  ( 0.3411707568960163917, -0.1881813810403307474, 0.5989999999999998659 ) ) ;
#1987 = VECTOR ( 'NONE', #3117, 1000.000000000000000 ) ;
#1988 = DIRECTION ( 'NONE',  ( 0.0000000000000000000, 0.0000000000000000000, -1.000000000000000000 ) ) ;
#1989 = CARTESIAN_POINT ( 'NONE',  ( 0.4080313628011490446, 0.03484191967347366470, 0.5989999999999998659 ) ) ;
#1990 = CARTESIAN_POINT ( 'NONE',  ( 0.1477159620438993348, -0.07256851390408752822, -0.5999999999999999778 ) ) ;
#1991 = CARTESIAN_POINT ( 'NONE',  ( 0.05944368121785965908, 0.1708259431283862262, 0.5999999999999999778 ) ) ;
#1992 = CARTESIAN_POINT ( 'NONE',  ( 0.3813089863388495204, -0.1180594562190209473, 0.5989999999999999769 ) ) ;
#1993 =( NAMED_UNIT ( * ) PLANE_ANGLE_UNIT ( ) SI_UNIT ( $, .RADIAN. ) );
#1994 = DIRECTION ( 'NONE',  ( -0.0000000000000000000, -0.0000000000000000000, -1.000000000000000000 ) ) ;
#1995 = MECHANICAL_DESIGN_GEOMETRIC_PRESENTATION_REPRESENTATION (  '', ( #3660 ), #4072 ) ;
#1996 = SURFACE_SIDE_STYLE ('',( #866 ) ) ;
#1997 = B_SPLINE_SURFACE_WITH_KNOTS ( 'NONE', 3, 1, ( 
 ( #489, #7563 ),
 ( #4025, #511 ),
 ( #5291, #4129 ),
 ( #5950, #1242 ),
 ( #6472, #4160 ),
 ( #3511, #2411 ),
 ( #6516, #6536 ),
 ( #1730, #633 ),
 ( #2995, #1830 ),
 ( #7051, #1761 ),
 ( #1785, #612 ),
 ( #2976, #7096 ),
 ( #4729, #2367 ),
 ( #5386, #5903 ),
 ( #5889, #4746 ),
 ( #2342, #4701 ),
 ( #5360, #1203 ),
 ( #7071, #7115 ),
 ( #2957, #4109 ) ),
 .UNSPECIFIED., .F., .F., .F.,
 ( 4, 1, 1, 1, 1, 1, 1, 1, 1, 1, 1, 1, 1, 1, 1, 1, 4 ),
 ( 2, 2 ),
 ( 0.0000000000000000000, 0.07430379644281587259, 0.1443936103644179458, 0.2104994961032797818, 0.2735426065034681220, 0.3338247445790735179, 0.3925296724085027278, 0.4500874545995853238, 0.5078206115557879485, 0.5654649127768465178, 0.6231487223336197312, 0.6812971927909353687, 0.7409134981565808076, 0.8018557521958579182, 0.8652412377209434124, 0.9309416570467443641, 1.000000000000000000 ),
 ( 0.0000000000000000000, 1.000000000000000000 ),
 .UNSPECIFIED. ) ;
#1998 = CARTESIAN_POINT ( 'NONE',  ( 1.850000000000000089, -0.2750000000000000222, -0.5500000000000000444 ) ) ;
#1999 = PRESENTATION_LAYER_ASSIGNMENT (  '', '', ( #670 ) ) ;
#2000 = PRESENTATION_STYLE_ASSIGNMENT (( #321 ) ) ;
#2001 = LINE ( 'NONE', #4964, #3093 ) ;
#2002 = CARTESIAN_POINT ( 'NONE',  ( 0.2139512245210665742, -0.09163448863566066305, -0.5989999999999998659 ) ) ;
#2003 = PRESENTATION_STYLE_ASSIGNMENT (( #3936 ) ) ;
#2004 = LINE ( 'NONE', #2121, #1176 ) ;
#2005 = CARTESIAN_POINT ( 'NONE',  ( 0.1477159620438993348, -0.1054953431723802126, -0.5999999999999999778 ) ) ;
#2006 = CARTESIAN_POINT ( 'NONE',  ( 1.429594623791681229, -0.2750000000000000222, -0.009999999999999953371 ) ) ;
#2007 =( NAMED_UNIT ( * ) PLANE_ANGLE_UNIT ( ) SI_UNIT ( $, .RADIAN. ) );
#2008 = LINE ( 'NONE', #703, #3568 ) ;
#2009 = CARTESIAN_POINT ( 'NONE',  ( -0.2119067513707348360, -0.1210441236601850767, -0.5989999999999999769 ) ) ;
#2010 = CARTESIAN_POINT ( 'NONE',  ( 0.3736456001241422742, 0.05102894193554238789, 0.5989999999999999769 ) ) ;
#2011 = ORIENTED_EDGE ( 'NONE', *, *, #657, .T. ) ;
#2012 = COLOUR_RGB ( '',1.000000000000000000, 1.000000000000000000, 1.000000000000000000 ) ;
#2013 = SURFACE_STYLE_FILL_AREA ( #4593 ) ;
#2014 = CARTESIAN_POINT ( 'NONE',  ( 0.3684677933189526300, 0.05725922387598228469, -0.6000000000000000888 ) ) ;
#2015 = CARTESIAN_POINT ( 'NONE',  ( -0.4662893733219542480, -0.03689778219677045806, -0.5989999999999999769 ) ) ;
#2016 =( NAMED_UNIT ( * ) PLANE_ANGLE_UNIT ( ) SI_UNIT ( $, .RADIAN. ) );
#2017 = ADVANCED_FACE ( 'NONE', ( #699 ), #6938, .F. ) ;
#2018 =( BOUNDED_CURVE ( )  B_SPLINE_CURVE ( 3, ( #6002, #4811, #643, #7195 ),
 .UNSPECIFIED., .F., .F. ) 
 B_SPLINE_CURVE_WITH_KNOTS ( ( 4, 4 ),
 ( 5.501585242055395675, 7.064785372303751920 ),
 .UNSPECIFIED. ) 
 CURVE ( )  GEOMETRIC_REPRESENTATION_ITEM ( )  RATIONAL_B_SPLINE_CURVE ( ( 1.000000000000000000, 0.8065248903853428075, 0.8065248903853428075, 1.000000000000000000 ) ) 
 REPRESENTATION_ITEM ( '' )  );
#2019 = PRESENTATION_STYLE_ASSIGNMENT (( #5898 ) ) ;
#2020 = FILL_AREA_STYLE_COLOUR ( '', #4713 ) ;
#2021 = CARTESIAN_POINT ( 'NONE',  ( 0.3496094785894774959, -0.06227438101437762080, -0.5989999999999997549 ) ) ;
#2022 = DIRECTION ( 'NONE',  ( 0.0000000000000000000, -0.0000000000000000000, -1.000000000000000000 ) ) ;
#2023 = VECTOR ( 'NONE', #2755, 1000.000000000000000 ) ;
#2024 = LINE ( 'NONE', #4076, #3211 ) ;
#2025 = CARTESIAN_POINT ( 'NONE',  ( -0.5249585786112231922, 0.1361986555538391430, -0.5989999999999997549 ) ) ;
#2026 = ORIENTED_EDGE ( 'NONE', *, *, #5419, .F. ) ;
#2027 = MECHANICAL_DESIGN_GEOMETRIC_PRESENTATION_REPRESENTATION (  '', ( #6528 ), #1140 ) ;
#2028 = CYLINDRICAL_SURFACE ( 'NONE', #1466, 0.03000000000000002665 ) ;
#2029 = ORIENTED_EDGE ( 'NONE', *, *, #1767, .T. ) ;
#2030 = EDGE_CURVE ( 'NONE', #2822, #5449, #5413, .T. ) ;
#2031 = FILL_AREA_STYLE_COLOUR ( '', #6886 ) ;
#2032 = PRESENTATION_STYLE_ASSIGNMENT (( #4525 ) ) ;
#2033 = CYLINDRICAL_SURFACE ( 'NONE', #3373, 0.02999999999999997113 ) ;
#2034 = CARTESIAN_POINT ( 'NONE',  ( 0.3159985592666401666, 0.05863082117716668373, 0.5999999999999998668 ) ) ;
#2035 = ORIENTED_EDGE ( 'NONE', *, *, #1095, .F. ) ;
#2036 = CARTESIAN_POINT ( 'NONE',  ( 0.1501039990970955418, 0.1716935259120037638, -0.5989999999999999769 ) ) ;
#2037 = CARTESIAN_POINT ( 'NONE',  ( 0.4246691249778027366, -0.1455827720483489907, 0.5999999999999992006 ) ) ;
#2038 = APPLICATION_PROTOCOL_DEFINITION ( 'draft international standard', 'automotive_design', 1998, #4968 ) ;
#2039 = DIRECTION ( 'NONE',  ( 0.0000000000000000000, -3.614007241618351532E-15, -1.000000000000000000 ) ) ;
#2040 = MECHANICAL_DESIGN_GEOMETRIC_PRESENTATION_REPRESENTATION (  '', ( #2254 ), #2977 ) ;
#2041 = SURFACE_STYLE_USAGE ( .BOTH. , #3745 ) ;
#2042 = CARTESIAN_POINT ( 'NONE',  ( 0.1849134043141905936, -0.1200292375370936998, -0.5999999999999999778 ) ) ;
#2043 = EDGE_LOOP ( 'NONE', ( #7354, #3397, #583, #7012, #4419, #7297, #4876, #5409, #3612, #3597, #1813, #5665 ) ) ;
#2044 = PRODUCT_DEFINITION_SHAPE ( 'NONE', 'NONE',  #2559 ) ;
#2045 = PRESENTATION_LAYER_ASSIGNMENT (  '', '', ( #6249 ) ) ;
#2046 = CARTESIAN_POINT ( 'NONE',  ( 0.2557796608237884461, -0.1382769979811308003, 0.5999999999999999778 ) ) ;
#2047 = DIRECTION ( 'NONE',  ( -1.570097583997497834E-13, -2.844589491631831991E-13, -1.000000000000000000 ) ) ;
#2048 = SURFACE_SIDE_STYLE ('',( #5753 ) ) ;
#2049 = CARTESIAN_POINT ( 'NONE',  ( 0.1556840788940303255, 0.1351103426960056642, -0.5999999999999999778 ) ) ;
#2050 = ORIENTED_EDGE ( 'NONE', *, *, #7613, .T. ) ;
#2051 = EDGE_LOOP ( 'NONE', ( #3447, #2860, #7311, #458 ) ) ;
#2052 = DIRECTION ( 'NONE',  ( -0.08682659386424776415, -0.08682659386424779191, 0.9924325091389670783 ) ) ;
#2053 = CARTESIAN_POINT ( 'NONE',  ( 0.2416545215076107422, 0.1477458219277014151, -0.5989999999999999769 ) ) ;
#2054 = LINE ( 'NONE', #2112, #1673 ) ;
#2055 = PRESENTATION_LAYER_ASSIGNMENT (  '', '', ( #7084 ) ) ;
#2056 = CARTESIAN_POINT ( 'NONE',  ( -0.07179623307805192700, -0.08811729439189239232, -0.5989999999999999769 ) ) ;
#2057 = PLANE ( 'NONE',  #3807 ) ;
#2058 = EDGE_CURVE ( 'NONE', #3857, #4330, #1707, .T. ) ;
#2059 = CARTESIAN_POINT ( 'NONE',  ( 0.4176676453331017447, 0.02742002580772539416, 0.5989999999999999769 ) ) ;
#2060 =( GEOMETRIC_REPRESENTATION_CONTEXT ( 3 ) GLOBAL_UNCERTAINTY_ASSIGNED_CONTEXT ( ( #3338 ) ) GLOBAL_UNIT_ASSIGNED_CONTEXT ( ( #2203, #1691, #5743 ) ) REPRESENTATION_CONTEXT ( 'NONE', 'WORKASPACE' ) );
#2061 = ADVANCED_FACE ( 'NONE', ( #2291, #697, #3260 ), #3495, .T. ) ;
#2062 = FILL_AREA_STYLE_COLOUR ( '', #2836 ) ;
#2063 = CIRCLE ( 'NONE', #386, 0.009999999999999809389 ) ;
#2064 = CARTESIAN_POINT ( 'NONE',  ( -0.3141644645830423133, -0.03926608382136855674, -0.5989999999999999769 ) ) ;
#2065 = EDGE_CURVE ( 'NONE', #3805, #1928, #7571, .T. ) ;
#2066 = EDGE_LOOP ( 'NONE', ( #2571, #668, #6709 ) ) ;
#2067 = FILL_AREA_STYLE ('',( #1413 ) ) ;
#2068 = DIRECTION ( 'NONE',  ( -1.000000000000000000, 0.0000000000000000000, -0.0000000000000000000 ) ) ;
#2069 = CARTESIAN_POINT ( 'NONE',  ( -1.350000000000000311, 0.8000000000000002665, 0.0000000000000000000 ) ) ;
#2070 = CARTESIAN_POINT ( 'NONE',  ( 0.3043343704461793364, -0.1461960526540108107, 0.5989999999999998659 ) ) ;
#2071 = CARTESIAN_POINT ( 'NONE',  ( 0.2789200879150437462, 0.1719633046845269464, -0.5989999999999998659 ) ) ;
#2072 = CARTESIAN_POINT ( 'NONE',  ( -1.299902707606674923, -0.7200168666639226167, 0.5726146722824297930 ) ) ;
#2073 = CARTESIAN_POINT ( 'NONE',  ( -0.5071620867365884688, 0.1789558763398149122, -0.5989999999999999769 ) ) ;
#2074 = CARTESIAN_POINT ( 'NONE',  ( -0.5259692513707348027, 0.1423705104861563986, -0.5999999999999999778 ) ) ;
#2075 = LINE ( 'NONE', #322, #3709 ) ;
#2076 = ORIENTED_EDGE ( 'NONE', *, *, #153, .T. ) ;
#2077 = DIRECTION ( 'NONE',  ( -2.710505431213761085E-16, 1.000000000000000000, -1.250666253888989580E-33 ) ) ;
#2078 = ORIENTED_EDGE ( 'NONE', *, *, #6190, .F. ) ;
#2079 = CARTESIAN_POINT ( 'NONE',  ( 0.2801962308713759620, 0.01458618447885839074, 0.5999999999999998668 ) ) ;
#2080 = CARTESIAN_POINT ( 'NONE',  ( 0.3464028409607911585, 0.05683435090977928539, 0.5999999999999997558 ) ) ;
#2081 = AXIS2_PLACEMENT_3D ( 'NONE', #7089, #627, #2381 ) ;
#2082 = VECTOR ( 'NONE', #4928, 1000.000000000000000 ) ;
#2083 =( NAMED_UNIT ( * ) PLANE_ANGLE_UNIT ( ) SI_UNIT ( $, .RADIAN. ) );
#2084 = MECHANICAL_DESIGN_GEOMETRIC_PRESENTATION_REPRESENTATION (  '', ( #1682 ), #7511 ) ;
#2085 = EDGE_CURVE ( 'NONE', #3752, #3954, #2625, .T. ) ;
#2086 = FILL_AREA_STYLE_COLOUR ( '', #3611 ) ;
#2087 = AXIS2_PLACEMENT_3D ( 'NONE', #5532, #7188, #2022 ) ;
#2088 = ADVANCED_FACE ( 'NONE', ( #6239 ), #2965, .T. ) ;
#2089 = COLOUR_RGB ( '',1.000000000000000000, 1.000000000000000000, 1.000000000000000000 ) ;
#2090 = PLANE ( 'NONE',  #1651 ) ;
#2091 = VERTEX_POINT ( 'NONE', #470 ) ;
#2092 = CARTESIAN_POINT ( 'NONE',  ( -1.320114159057247827, 0.8000000000000002665, 0.0000000000000000000 ) ) ;
#2093 = DIRECTION ( 'NONE',  ( -0.0000000000000000000, -1.000000000000000000, -0.0000000000000000000 ) ) ;
#2094 = FILL_AREA_STYLE ('',( #2624 ) ) ;
#2095 = LINE ( 'NONE', #1603, #4027 ) ;
#2096 = SURFACE_SIDE_STYLE ('',( #1287 ) ) ;
#2097 = DIRECTION ( 'NONE',  ( 0.0000000000000000000, -0.0000000000000000000, -1.000000000000000000 ) ) ;
#2098 = ORIENTED_EDGE ( 'NONE', *, *, #5783, .F. ) ;
#2099 = LINE ( 'NONE', #1990, #5049 ) ;
#2100 = LINE ( 'NONE', #519, #6993 ) ;
#2101 =( GEOMETRIC_REPRESENTATION_CONTEXT ( 3 ) GLOBAL_UNCERTAINTY_ASSIGNED_CONTEXT ( ( #7301 ) ) GLOBAL_UNIT_ASSIGNED_CONTEXT ( ( #4860, #1395, #801 ) ) REPRESENTATION_CONTEXT ( 'NONE', 'WORKASPACE' ) );
#2102 = SURFACE_STYLE_USAGE ( .BOTH. , #853 ) ;
#2103 = EDGE_CURVE ( 'NONE', #6973, #3766, #2351, .T. ) ;
#2104 = PLANE ( 'NONE',  #2534 ) ;
#2105 = MECHANICAL_DESIGN_GEOMETRIC_PRESENTATION_REPRESENTATION (  '', ( #4756 ), #7274 ) ;
#2106 = CARTESIAN_POINT ( 'NONE',  ( -1.299902707606674923, -0.7200168666639225057, -0.5726146722824297930 ) ) ;
#2107 = PRESENTATION_STYLE_ASSIGNMENT (( #4029 ) ) ;
#2108 = ADVANCED_FACE ( 'NONE', ( #2452 ), #7325, .T. ) ;
#2109 = VERTEX_POINT ( 'NONE', #2443 ) ;
#2110 = VECTOR ( 'NONE', #2743, 1000.000000000000000 ) ;
#2111 = FACE_OUTER_BOUND ( 'NONE', #4058, .T. ) ;
#2112 = CARTESIAN_POINT ( 'NONE',  ( -0.06447915990732011604, 0.1789558763398149122, -0.5989999999999999769 ) ) ;
#2113 = DIRECTION ( 'NONE',  ( -0.0000000000000000000, 0.0000000000000000000, -1.000000000000000000 ) ) ;
#2114 = PRESENTATION_LAYER_ASSIGNMENT (  '', '', ( #3386 ) ) ;
#2115 = FACE_OUTER_BOUND ( 'NONE', #1296, .T. ) ;
#2116 = FILL_AREA_STYLE_COLOUR ( '', #7235 ) ;
#2117 = CARTESIAN_POINT ( 'NONE',  ( -0.3314487958329083717, 0.02725651023008043156, -0.5989999999999999769 ) ) ;
#2118 = ORIENTED_EDGE ( 'NONE', *, *, #6396, .T. ) ;
#2119 = AXIS2_PLACEMENT_3D ( 'NONE', #4635, #5768, #4578 ) ;
#2120 = SURFACE_STYLE_USAGE ( .BOTH. , #3212 ) ;
#2121 = CARTESIAN_POINT ( 'NONE',  ( -1.320339464150455777, -0.8002253050932081058, -0.002575248999449003626 ) ) ;
#2122 =( GEOMETRIC_REPRESENTATION_CONTEXT ( 3 ) GLOBAL_UNCERTAINTY_ASSIGNED_CONTEXT ( ( #781 ) ) GLOBAL_UNIT_ASSIGNED_CONTEXT ( ( #6753, #768, #4884 ) ) REPRESENTATION_CONTEXT ( 'NONE', 'WORKASPACE' ) );
#2123 = UNCERTAINTY_MEASURE_WITH_UNIT (LENGTH_MEASURE( 1.000000000000000082E-05 ), #7440, 'distance_accuracy_value', 'NONE');
#2124 = FACE_OUTER_BOUND ( 'NONE', #5214, .T. ) ;
#2125 = ORIENTED_EDGE ( 'NONE', *, *, #791, .T. ) ;
#2126 = CARTESIAN_POINT ( 'NONE',  ( 0.1505309792763961096, -0.1070491180733480902, -0.5989999999999999769 ) ) ;
#2127 = VECTOR ( 'NONE', #7054, 1000.000000000000227 ) ;
#2128 = CARTESIAN_POINT ( 'NONE',  ( 0.2343620919430138283, 0.1822410325076344317, -0.6000000000000000888 ) ) ;
#2129 = CARTESIAN_POINT ( 'NONE',  ( 0.2764526419561812998, -0.1434662312280615415, 0.5989999999999999769 ) ) ;
#2130 = FILL_AREA_STYLE ('',( #2684 ) ) ;
#2131 = ORIENTED_EDGE ( 'NONE', *, *, #2962, .F. ) ;
#2132 = SURFACE_SIDE_STYLE ('',( #3772 ) ) ;
#2133 = CARTESIAN_POINT ( 'NONE',  ( 0.2085370372106034598, 0.1495449444419015839, -0.5989999999999998659 ) ) ;
#2134 = PRESENTATION_STYLE_ASSIGNMENT (( #3259 ) ) ;
#2135 = VERTEX_POINT ( 'NONE', #4139 ) ;
#2136 = CARTESIAN_POINT ( 'NONE',  ( 0.3906082371876148929, -0.02378635000347199824, 0.6000000000000000888 ) ) ;
#2137 = ORIENTED_EDGE ( 'NONE', *, *, #4616, .T. ) ;
#2138 = ADVANCED_FACE ( 'NONE', ( #2922 ), #4464, .T. ) ;
#2139 = LINE ( 'NONE', #429, #7371 ) ;
#2140 = DIRECTION ( 'NONE',  ( 0.0000000000000000000, 0.0000000000000000000, 1.000000000000000000 ) ) ;
#2141 = CARTESIAN_POINT ( 'NONE',  ( -0.3716764827099196533, 0.03816683216476869644, -0.5989999999999999769 ) ) ;
#2142 = MECHANICAL_DESIGN_GEOMETRIC_PRESENTATION_REPRESENTATION (  '', ( #6234 ), #5154 ) ;
#2143 = ORIENTED_EDGE ( 'NONE', *, *, #2517, .F. ) ;
#2144 = ORIENTED_EDGE ( 'NONE', *, *, #6661, .T. ) ;
#2145 = SURFACE_STYLE_FILL_AREA ( #2422 ) ;
#2146 =( NAMED_UNIT ( * ) PLANE_ANGLE_UNIT ( ) SI_UNIT ( $, .RADIAN. ) );
#2147 = EDGE_CURVE ( 'NONE', #1944, #6812, #5330, .T. ) ;
#2148 = DIRECTION ( 'NONE',  ( 1.000000000000000000, 0.0000000000000000000, -0.0000000000000000000 ) ) ;
#2149 = CARTESIAN_POINT ( 'NONE',  ( -0.2265028233567441263, -0.08782896306396943686, -0.5989999999999999769 ) ) ;
#2150 = COLOUR_RGB ( '',1.000000000000000000, 1.000000000000000000, 1.000000000000000000 ) ;
#2151 = SURFACE_STYLE_USAGE ( .BOTH. , #3844 ) ;
#2152 = ORIENTED_EDGE ( 'NONE', *, *, #1728, .T. ) ;
#2153 = ORIENTED_EDGE ( 'NONE', *, *, #2271, .T. ) ;
#2154 = CARTESIAN_POINT ( 'NONE',  ( 0.05944368121785965908, 0.1708259431283862262, 0.5989999999999999769 ) ) ;
#2155 = CARTESIAN_POINT ( 'NONE',  ( 0.1562018413481278400, -0.1101792030519371524, -0.5989999999999998659 ) ) ;
#2156 = B_SPLINE_SURFACE_WITH_KNOTS ( 'NONE', 3, 1, ( 
 ( #1912, #6017 ),
 ( #3067, #4826 ),
 ( #1264, #3678 ),
 ( #2437, #2459 ),
 ( #5410, #4245 ),
 ( #1835, #6611 ),
 ( #5434, #4859 ),
 ( #7186, #6585 ),
 ( #1244, #727 ),
 ( #6662, #3652 ),
 ( #3047, #138 ),
 ( #3089, #7158 ),
 ( #4225, #4181 ),
 ( #6042, #1316 ),
 ( #681, #6637 ),
 ( #6065, #90 ),
 ( #5455, #160 ),
 ( #3021, #4765 ),
 ( #7214, #5388 ) ),
 .UNSPECIFIED., .F., .F., .F.,
 ( 4, 1, 1, 1, 1, 1, 1, 1, 1, 1, 1, 1, 1, 1, 1, 1, 4 ),
 ( 2, 2 ),
 ( 0.0000000000000000000, 0.07377411937406347375, 0.1440791147260412630, 0.2113485183089114094, 0.2760768857398837040, 0.3385209158196765267, 0.3998851166931335355, 0.4602540674652130792, 0.5205889643912476883, 0.5802076845630441682, 0.6386329085525458416, 0.6963645494905238431, 0.7540017746600127246, 0.8128056813744978237, 0.8727544255255602623, 0.9351819969782669828, 1.000000000000000000 ),
 ( 0.0000000000000000000, 1.000000000000000000 ),
 .UNSPECIFIED. ) ;
#2157 = EDGE_LOOP ( 'NONE', ( #1533, #4751, #3078, #742 ) ) ;
#2158 = ORIENTED_EDGE ( 'NONE', *, *, #106, .F. ) ;
#2159 = AXIS2_PLACEMENT_3D ( 'NONE', #4380, #2113, #910 ) ;
#2160 = CARTESIAN_POINT ( 'NONE',  ( 0.2183142852146310320, 0.1826144129251807413, -0.5989999999999999769 ) ) ;
#2161 = CARTESIAN_POINT ( 'NONE',  ( 0.3306427913121919859, 0.02575465682761977210, -0.5999999999999999778 ) ) ;
#2162 = PRESENTATION_LAYER_ASSIGNMENT (  '', '', ( #1063 ) ) ;
#2163 = DIRECTION ( 'NONE',  ( -1.000000000000000000, -0.0000000000000000000, -0.0000000000000000000 ) ) ;
#2164 = CARTESIAN_POINT ( 'NONE',  ( -0.3195289176306165824, -0.02930029517402816391, -0.5999999999999997558 ) ) ;
#2165 = CARTESIAN_POINT ( 'NONE',  ( 0.1477159620438993348, 0.1707241690227417341, -0.5999999999999999778 ) ) ;
#2166 = CARTESIAN_POINT ( 'NONE',  ( 0.2921667622269011333, 0.01468012696962548401, 0.5999999999999998668 ) ) ;
#2167 =( NAMED_UNIT ( * ) PLANE_ANGLE_UNIT ( ) SI_UNIT ( $, .RADIAN. ) );
#2168 = VECTOR ( 'NONE', #6140, 1000.000000000000114 ) ;
#2169 =( NAMED_UNIT ( * ) SI_UNIT ( $, .STERADIAN. ) SOLID_ANGLE_UNIT ( ) );
#2170 = EDGE_CURVE ( 'NONE', #210, #6797, #613, .T. ) ;
#2171 =( LENGTH_UNIT ( ) NAMED_UNIT ( * ) SI_UNIT ( .MILLI., .METRE. ) );
#2172 = LINE ( 'NONE', #7603, #1421 ) ;
#2173 = ORIENTED_EDGE ( 'NONE', *, *, #5886, .T. ) ;
#2174 = UNCERTAINTY_MEASURE_WITH_UNIT (LENGTH_MEASURE( 1.000000000000000082E-05 ), #4387, 'distance_accuracy_value', 'NONE');
#2175 = CARTESIAN_POINT ( 'NONE',  ( 0.005785144632493820216, -0.1852716178472235964, 0.5999999999999999778 ) ) ;
#2176 = CARTESIAN_POINT ( 'NONE',  ( -0.2831458036244962617, -0.07054893002181988892, -0.5999999999999998668 ) ) ;
#2177 = DIRECTION ( 'NONE',  ( 1.000000000000000000, 0.0000000000000000000, 0.0000000000000000000 ) ) ;
#2178 = EDGE_CURVE ( 'NONE', #6835, #5691, #1794, .T. ) ;
#2179 = PLANE ( 'NONE',  #4624 ) ;
#2180 = COLOUR_RGB ( '',0.2509803921568627416, 0.2509803921568627416, 0.2509803921568627416 ) ;
#2181 = VERTEX_POINT ( 'NONE', #6642 ) ;
#2182 = CYLINDRICAL_SURFACE ( 'NONE', #1776, 0.01000000000000000368 ) ;
#2183 =( LENGTH_UNIT ( ) NAMED_UNIT ( * ) SI_UNIT ( .MILLI., .METRE. ) );
#2184 = CARTESIAN_POINT ( 'NONE',  ( 0.3468938489865918684, 0.1153577835596763940, -0.6000000000000000888 ) ) ;
#2185 = DIRECTION ( 'NONE',  ( -0.08682659386424776415, 0.08682659386424779191, -0.9924325091389669673 ) ) ;
#2186 = CARTESIAN_POINT ( 'NONE',  ( -0.2621333595395821670, 0.1390752990386697474, -0.5999999999999997558 ) ) ;
#2187 =( NAMED_UNIT ( * ) SI_UNIT ( $, .STERADIAN. ) SOLID_ANGLE_UNIT ( ) );
#2188 = DIRECTION ( 'NONE',  ( -0.0000000000000000000, -1.000000000000000000, -0.0000000000000000000 ) ) ;
#2189 = PRESENTATION_LAYER_ASSIGNMENT (  '', '', ( #6391 ) ) ;
#2190 = CARTESIAN_POINT ( 'NONE',  ( 0.4009070958520060679, -0.06400637394478454756, 0.5989999999999999769 ) ) ;
#2191 = CARTESIAN_POINT ( 'NONE',  ( -0.5292226015184552379, 0.1299788468044631440, -0.5989999999999999769 ) ) ;
#2192 = CARTESIAN_POINT ( 'NONE',  ( 1.349999999999999867, 0.8000000000000002665, 0.0000000000000000000 ) ) ;
#2193 = CARTESIAN_POINT ( 'NONE',  ( -0.2471590637767539511, 0.1767624725676976705, -0.5990000000000003100 ) ) ;
#2194 = CARTESIAN_POINT ( 'NONE',  ( -0.3609375052654643645, -0.03011310130390576142, -0.5999999999999998668 ) ) ;
#2195 = CARTESIAN_POINT ( 'NONE',  ( -0.5071620867365884688, 0.1789558763398149122, -0.5989999999999999769 ) ) ;
#2196 = CARTESIAN_POINT ( 'NONE',  ( 0.4545656324373718582, -0.06072893492039429381, 0.5989999999999999769 ) ) ;
#2197 = MECHANICAL_DESIGN_GEOMETRIC_PRESENTATION_REPRESENTATION (  '', ( #985 ), #2721 ) ;
#2198 = FACE_OUTER_BOUND ( 'NONE', #3666, .T. ) ;
#2199 = B_SPLINE_CURVE_WITH_KNOTS ( 'NONE', 3,
 ( #835, #6177, #854, #2053, #274, #6126, #4922, #5014, #1400, #1465, #5537, #4373, #5619, #3784, #5592, #2576, #197, #6713, #3118 ),
 .UNSPECIFIED., .F., .F.,
 ( 4, 1, 1, 1, 1, 1, 1, 1, 1, 1, 1, 1, 1, 1, 1, 1, 4 ),
 ( 0.0000000000000000000, 0.06460397028839205691, 0.1267024139629470969, 0.1867568140356180573, 0.2455056873654373750, 0.3036520244499752996, 0.3615030739706252549, 0.4202402229284672441, 0.4800333407766963489, 0.5406781347755159617, 0.6011918063807816237, 0.6623335024774423818, 0.7247395102972317149, 0.7894677361728865694, 0.8565048600438305293, 0.9263120958391900528, 1.000000000000000000 ),
 .UNSPECIFIED. ) ;
#2200 = VECTOR ( 'NONE', #6796, 1000.000000000000114 ) ;
#2201 = LINE ( 'NONE', #3879, #2932 ) ;
#2202 = PRESENTATION_STYLE_ASSIGNMENT (( #5072 ) ) ;
#2203 =( LENGTH_UNIT ( ) NAMED_UNIT ( * ) SI_UNIT ( .MILLI., .METRE. ) );
#2204 = SURFACE_STYLE_USAGE ( .BOTH. , #5138 ) ;
#2205 = DIRECTION ( 'NONE',  ( -1.000000000000000000, 0.0000000000000000000, 0.0000000000000000000 ) ) ;
#2206 = AXIS2_PLACEMENT_3D ( 'NONE', #6543, #5365, #1887 ) ;
#2207 = CARTESIAN_POINT ( 'NONE',  ( 0.3614585193205986924, -0.1337358044111734146, 0.5999999999999997558 ) ) ;
#2208 = DIRECTION ( 'NONE',  ( -1.000000000000000000, 0.0000000000000000000, -0.0000000000000000000 ) ) ;
#2209 = FILL_AREA_STYLE_COLOUR ( '', #7447 ) ;
#2210 = CIRCLE ( 'NONE', #7640, 0.03000000000000003011 ) ;
#2211 = ORIENTED_EDGE ( 'NONE', *, *, #1700, .F. ) ;
#2212 = SURFACE_STYLE_USAGE ( .BOTH. , #5694 ) ;
#2213 = CARTESIAN_POINT ( 'NONE',  ( -0.3315523306390275038, 0.03187127268127831065, -0.5999999999999999778 ) ) ;
#2214 = FILL_AREA_STYLE_COLOUR ( '', #4873 ) ;
#2215 = CARTESIAN_POINT ( 'NONE',  ( -0.2733269197462125932, -0.07596560956470924109, -0.6000000000000000888 ) ) ;
#2216 = LINE ( 'NONE', #869, #5907 ) ;
#2217 =( GEOMETRIC_REPRESENTATION_CONTEXT ( 3 ) GLOBAL_UNCERTAINTY_ASSIGNED_CONTEXT ( ( #689 ) ) GLOBAL_UNIT_ASSIGNED_CONTEXT ( ( #2317, #5835, #7048 ) ) REPRESENTATION_CONTEXT ( 'NONE', 'WORKASPACE' ) );
#2218 = ORIENTED_EDGE ( 'NONE', *, *, #6442, .T. ) ;
#2219 = FACE_OUTER_BOUND ( 'NONE', #4421, .T. ) ;
#2220 =( LENGTH_UNIT ( ) NAMED_UNIT ( * ) SI_UNIT ( .MILLI., .METRE. ) );
#2221 = EDGE_CURVE ( 'NONE', #7259, #2868, #7517, .T. ) ;
#2222 = FILL_AREA_STYLE_COLOUR ( '', #2951 ) ;
#2223 = SURFACE_STYLE_USAGE ( .BOTH. , #4570 ) ;
#2224 = MECHANICAL_DESIGN_GEOMETRIC_PRESENTATION_REPRESENTATION (  '', ( #863 ), #1013 ) ;
#2225 =( NAMED_UNIT ( * ) SI_UNIT ( $, .STERADIAN. ) SOLID_ANGLE_UNIT ( ) );
#2226 = ORIENTED_EDGE ( 'NONE', *, *, #517, .T. ) ;
#2227 = CARTESIAN_POINT ( 'NONE',  ( -0.3714375762381471602, 0.01595550255402538448, -0.5999999999999998668 ) ) ;
#2228 = ADVANCED_FACE ( 'NONE', ( #4561 ), #1891, .T. ) ;
#2229 = CARTESIAN_POINT ( 'NONE',  ( 0.2353106469156230063, -0.1304971846299832205, 0.5989999999999999769 ) ) ;
#2230 = VERTEX_POINT ( 'NONE', #7218 ) ;
#2231 =( GEOMETRIC_REPRESENTATION_CONTEXT ( 3 ) GLOBAL_UNCERTAINTY_ASSIGNED_CONTEXT ( ( #5682 ) ) GLOBAL_UNIT_ASSIGNED_CONTEXT ( ( #7329, #4999, #6775 ) ) REPRESENTATION_CONTEXT ( 'NONE', 'WORKASPACE' ) );
#2232 = PRESENTATION_STYLE_ASSIGNMENT (( #3137 ) ) ;
#2233 = ORIENTED_EDGE ( 'NONE', *, *, #902, .T. ) ;
#2234 = CARTESIAN_POINT ( 'NONE',  ( -1.429594623791681229, -0.2750000000000000222, -0.009999999999999953371 ) ) ;
#2235 = UNCERTAINTY_MEASURE_WITH_UNIT (LENGTH_MEASURE( 1.000000000000000082E-05 ), #3191, 'distance_accuracy_value', 'NONE');
#2236 = DIRECTION ( 'NONE',  ( 0.0000000000000000000, 1.000000000000000000, 0.0000000000000000000 ) ) ;
#2237 = VERTEX_POINT ( 'NONE', #3151 ) ;
#2238 = MECHANICAL_DESIGN_GEOMETRIC_PRESENTATION_REPRESENTATION (  '', ( #5427 ), #3000 ) ;
#2239 = COLOUR_RGB ( '',0.5019607843137254832, 0.2509803921568627416, 0.0000000000000000000 ) ;
#2240 =( NAMED_UNIT ( * ) PLANE_ANGLE_UNIT ( ) SI_UNIT ( $, .RADIAN. ) );
#2241 = PRESENTATION_STYLE_ASSIGNMENT (( #3601 ) ) ;
#2242 = DIRECTION ( 'NONE',  ( 0.0000000000000000000, -0.0000000000000000000, -1.000000000000000000 ) ) ;
#2243 = CARTESIAN_POINT ( 'NONE',  ( 0.3083871001955534319, -0.05187175467273453383, -0.6000000000000000888 ) ) ;
#2244 = CARTESIAN_POINT ( 'NONE',  ( -0.1303328184439055681, -0.1210441236601850767, -0.5989999999999999769 ) ) ;
#2245 = PRESENTATION_STYLE_ASSIGNMENT (( #3171 ) ) ;
#2246 = FILL_AREA_STYLE_COLOUR ( '', #1656 ) ;
#2247 = VERTEX_POINT ( 'NONE', #143 ) ;
#2248 = VECTOR ( 'NONE', #5415, 1000.000000000000000 ) ;
#2249 = CARTESIAN_POINT ( 'NONE',  ( 0.3858860059891081606, -0.01732812511042854803, 0.5999999999999999778 ) ) ;
#2250 = FILL_AREA_STYLE_COLOUR ( '', #5351 ) ;
#2251 = LINE ( 'NONE', #6263, #3875 ) ;
#2252 =( NAMED_UNIT ( * ) SI_UNIT ( $, .STERADIAN. ) SOLID_ANGLE_UNIT ( ) );
#2253 = AXIS2_PLACEMENT_3D ( 'NONE', #499, #3390, #6859 ) ;
#2254 = STYLED_ITEM ( 'NONE', ( #3922 ), #37 ) ;
#2255 = FILL_AREA_STYLE ('',( #2830 ) ) ;
#2256 = EDGE_CURVE ( 'NONE', #7484, #761, #5406, .T. ) ;
#2257 =( LENGTH_UNIT ( ) NAMED_UNIT ( * ) SI_UNIT ( .MILLI., .METRE. ) );
#2258 = PRESENTATION_STYLE_ASSIGNMENT (( #2469 ) ) ;
#2259 = CARTESIAN_POINT ( 'NONE',  ( 0.3054028685377172536, -0.1901152728101741796, 0.5989999999999999769 ) ) ;
#2260 = MECHANICAL_DESIGN_GEOMETRIC_PRESENTATION_REPRESENTATION (  '', ( #5499 ), #5404 ) ;
#2261 = B_SPLINE_CURVE_WITH_KNOTS ( 'NONE', 3,
 ( #5212, #5848, #1664, #7008, #7543, #1131, #2326, #6424, #6961, #5237, #3462, #4085, #495, #1156, #1735, #2284, #4706, #7617, #575 ),
 .UNSPECIFIED., .F., .F.,
 ( 4, 1, 1, 1, 1, 1, 1, 1, 1, 1, 1, 1, 1, 1, 1, 1, 4 ),
 ( 0.0000000000000000000, 0.06204543997304065583, 0.1210579365068108343, 0.1775350814536523769, 0.2329646459074619091, 0.2868047855484850972, 0.3413061798232352451, 0.3966377428488097601, 0.4535361505204169030, 0.5123459651778302648, 0.5722552520454521341, 0.6350484639409014198, 0.7001231044015285843, 0.7691164277558689699, 0.8418324469924199915, 0.9187081123360688606, 1.000000000000000000 ),
 .UNSPECIFIED. ) ;
#2262 = ORIENTED_EDGE ( 'NONE', *, *, #4992, .T. ) ;
#2263 = FILL_AREA_STYLE ('',( #2888 ) ) ;
#2264 = CARTESIAN_POINT ( 'NONE',  ( 0.3865275021070826988, -0.1116750730527832219, 0.5999999999999998668 ) ) ;
#2265 = CARTESIAN_POINT ( 'NONE',  ( -1.049872501134293756, 0.7276980124117917725, 0.5989999999999999769 ) ) ;
#2266 = VECTOR ( 'NONE', #2556, 1000.000000000000000 ) ;
#2267 = AXIS2_PLACEMENT_3D ( 'NONE', #4432, #5542, #882 ) ;
#2268 = ORIENTED_EDGE ( 'NONE', *, *, #4486, .F. ) ;
#2269 = CARTESIAN_POINT ( 'NONE',  ( 0.3015426302563325445, -0.06014676244680182415, -0.5999999999999998668 ) ) ;
#2270 = CARTESIAN_POINT ( 'NONE',  ( -0.1303328184439055681, 0.1789558763398149122, -0.5989999999999999769 ) ) ;
#2271 = EDGE_CURVE ( 'NONE', #1467, #3972, #7317, .T. ) ;
#2272 = MECHANICAL_DESIGN_GEOMETRIC_PRESENTATION_REPRESENTATION (  '', ( #2406 ), #6597 ) ;
#2273 = DIRECTION ( 'NONE',  ( -0.0000000000000000000, -1.000000000000000000, -0.0000000000000000000 ) ) ;
#2274 = ADVANCED_FACE ( 'NONE', ( #5697 ), #6046, .T. ) ;
#2275 = DIRECTION ( 'NONE',  ( 1.355252715606880543E-16, 1.000000000000000000, 0.0000000000000000000 ) ) ;
#2276 =( LENGTH_UNIT ( ) NAMED_UNIT ( * ) SI_UNIT ( .MILLI., .METRE. ) );
#2277 = SURFACE_STYLE_FILL_AREA ( #7069 ) ;
#2278 = ORIENTED_EDGE ( 'NONE', *, *, #7402, .F. ) ;
#2279 = DIRECTION ( 'NONE',  ( -0.0000000000000000000, -0.0000000000000000000, -1.000000000000000000 ) ) ;
#2280 = CARTESIAN_POINT ( 'NONE',  ( -0.5249585786112231922, 0.1361986555538391430, -0.5989999999999997549 ) ) ;
#2281 = FILL_AREA_STYLE ('',( #1071 ) ) ;
#2282 = UNCERTAINTY_MEASURE_WITH_UNIT (LENGTH_MEASURE( 1.000000000000000082E-05 ), #3434, 'distance_accuracy_value', 'NONE');
#2283 = CARTESIAN_POINT ( 'NONE',  ( -0.3272529815310418755, -0.07924420172545508512, -0.5999999999999998668 ) ) ;
#2284 = CARTESIAN_POINT ( 'NONE',  ( 0.3212204108761723687, 0.01355340070474980729, 0.5989999999999998659 ) ) ;
#2285 = STYLED_ITEM ( 'NONE', ( #3465 ), #2017 ) ;
#2286 = LINE ( 'NONE', #1508, #6426 ) ;
#2287 = MECHANICAL_DESIGN_GEOMETRIC_PRESENTATION_REPRESENTATION (  '', ( #1858 ), #2761 ) ;
#2288 = ORIENTED_EDGE ( 'NONE', *, *, #4907, .F. ) ;
#2289 = DIRECTION ( 'NONE',  ( 1.000000000000000000, 0.0000000000000000000, 0.0000000000000000000 ) ) ;
#2290 = ORIENTED_EDGE ( 'NONE', *, *, #4194, .F. ) ;
#2291 = FACE_OUTER_BOUND ( 'NONE', #7490, .T. ) ;
#2292 = FACE_OUTER_BOUND ( 'NONE', #6230, .T. ) ;
#2293 = CARTESIAN_POINT ( 'NONE',  ( -0.5269410501512226119, 0.1423705104861564263, -0.5989999999999999769 ) ) ;
#2294 = CARTESIAN_POINT ( 'NONE',  ( -1.270016866663923105, 0.7200168666639229498, -0.5999999999999999778 ) ) ;
#2295 = DIRECTION ( 'NONE',  ( -1.000000000000000000, 0.0000000000000000000, 0.0000000000000000000 ) ) ;
#2296 =( NAMED_UNIT ( * ) SI_UNIT ( $, .STERADIAN. ) SOLID_ANGLE_UNIT ( ) );
#2297 = MECHANICAL_DESIGN_GEOMETRIC_PRESENTATION_REPRESENTATION (  '', ( #2515 ), #7248 ) ;
#2298 = CARTESIAN_POINT ( 'NONE',  ( 0.3411707568960163917, -0.1881813810403307474, 0.5999999999999990896 ) ) ;
#2299 = EDGE_CURVE ( 'NONE', #4205, #1878, #1062, .T. ) ;
#2300 = CARTESIAN_POINT ( 'NONE',  ( -0.05716208673658842998, 0.01432172999835149528, -0.5989999999999999769 ) ) ;
#2301 = VERTEX_POINT ( 'NONE', #833 ) ;
#2302 = DIRECTION ( 'NONE',  ( -0.08682659386424781967, 0.08682659386424779191, 0.9924325091389669673 ) ) ;
#2303 = CARTESIAN_POINT ( 'NONE',  ( -0.2904712950034497032, 0.1637223146426217413, -0.5989999999999999769 ) ) ;
#2304 = DIRECTION ( 'NONE',  ( 0.0000000000000000000, 0.0000000000000000000, -1.000000000000000000 ) ) ;
#2305 = CARTESIAN_POINT ( 'NONE',  ( -0.1064099773187257153, 0.1708259431283862262, 0.5989999999999999769 ) ) ;
#2306 = FILL_AREA_STYLE ('',( #5893 ) ) ;
#2307 = SURFACE_STYLE_FILL_AREA ( #7451 ) ;
#2308 = FILL_AREA_STYLE ('',( #6806 ) ) ;
#2309 = ORIENTED_EDGE ( 'NONE', *, *, #4258, .F. ) ;
#2310 =( GEOMETRIC_REPRESENTATION_CONTEXT ( 3 ) GLOBAL_UNCERTAINTY_ASSIGNED_CONTEXT ( ( #2282 ) ) GLOBAL_UNIT_ASSIGNED_CONTEXT ( ( #3434, #2886, #4030 ) ) REPRESENTATION_CONTEXT ( 'NONE', 'WORKASPACE' ) );
#2311 = COLOUR_RGB ( '',1.000000000000000000, 1.000000000000000000, 1.000000000000000000 ) ;
#2312 = CARTESIAN_POINT ( 'NONE',  ( -0.5292226015184552379, 0.1299788468044631440, -0.5989999999999999769 ) ) ;
#2313 = CARTESIAN_POINT ( 'NONE',  ( 1.850000000000000089, 0.2750000000000000222, -0.5500000000000000444 ) ) ;
#2314 = EDGE_LOOP ( 'NONE', ( #393, #2818, #4503, #5101, #502, #7606 ) ) ;
#2315 = VECTOR ( 'NONE', #6767, 1000.000000000000000 ) ;
#2316 = DIRECTION ( 'NONE',  ( -0.0000000000000000000, -1.000000000000000000, -0.0000000000000000000 ) ) ;
#2317 =( LENGTH_UNIT ( ) NAMED_UNIT ( * ) SI_UNIT ( .MILLI., .METRE. ) );
#2318 = VECTOR ( 'NONE', #1000, 1000.000000000000000 ) ;
#2319 = LINE ( 'NONE', #6182, #5998 ) ;
#2320 = EDGE_CURVE ( 'NONE', #4900, #7256, #5202, .T. ) ;
#2321 = FILL_AREA_STYLE_COLOUR ( '', #7435 ) ;
#2322 = MECHANICAL_DESIGN_GEOMETRIC_PRESENTATION_REPRESENTATION (  '', ( #1494 ), #7427 ) ;
#2323 = PLANE ( 'NONE',  #2612 ) ;
#2324 = ORIENTED_EDGE ( 'NONE', *, *, #6596, .T. ) ;
#2325 = CARTESIAN_POINT ( 'NONE',  ( -0.3157372625612860362, 0.1487007205453771408, -0.5999999999999996447 ) ) ;
#2326 = CARTESIAN_POINT ( 'NONE',  ( 0.3906082371876148929, -0.02378635000347199824, 0.5989999999999999769 ) ) ;
#2327 = EDGE_CURVE ( 'NONE', #1106, #2792, #5591, .T. ) ;
#2328 = FILL_AREA_STYLE ('',( #4488 ) ) ;
#2329 = FACE_OUTER_BOUND ( 'NONE', #42, .T. ) ;
#2330 = DIRECTION ( 'NONE',  ( 0.0000000000000000000, 0.0000000000000000000, -1.000000000000000000 ) ) ;
#2331 = PLANE ( 'NONE',  #4673 ) ;
#2332 = DIRECTION ( 'NONE',  ( -1.000000000000000000, 0.0000000000000000000, 0.0000000000000000000 ) ) ;
#2333 = VERTEX_POINT ( 'NONE', #876 ) ;
#2334 = CARTESIAN_POINT ( 'NONE',  ( 1.349999999999999867, 0.8000000000000002665, 0.0000000000000000000 ) ) ;
#2335 =( GEOMETRIC_REPRESENTATION_CONTEXT ( 3 ) GLOBAL_UNCERTAINTY_ASSIGNED_CONTEXT ( ( #5992 ) ) GLOBAL_UNIT_ASSIGNED_CONTEXT ( ( #1166, #7583, #4098 ) ) REPRESENTATION_CONTEXT ( 'NONE', 'WORKASPACE' ) );
#2336 = DIRECTION ( 'NONE',  ( -0.0000000000000000000, -0.0000000000000000000, 1.000000000000000000 ) ) ;
#2337 = CARTESIAN_POINT ( 'NONE',  ( 0.3909754078441628478, -0.1048528277862409847, 0.5989999999999997549 ) ) ;
#2338 = ADVANCED_FACE ( 'NONE', ( #1608 ), #3602, .T. ) ;
#2339 = SURFACE_STYLE_USAGE ( .BOTH. , #4106 ) ;
#2340 = VERTEX_POINT ( 'NONE', #3783 ) ;
#2341 = CARTESIAN_POINT ( 'NONE',  ( -0.5292226015184552379, 0.1299788468044631440, -0.5999999999999999778 ) ) ;
#2342 = CARTESIAN_POINT ( 'NONE',  ( -0.2396278854759994470, 0.1444333453897458097, -0.5989999999999998659 ) ) ;
#2343 = SURFACE_STYLE_USAGE ( .BOTH. , #2806 ) ;
#2344 = MECHANICAL_DESIGN_GEOMETRIC_PRESENTATION_REPRESENTATION (  '', ( #6677 ), #7612 ) ;
#2345 =( GEOMETRIC_REPRESENTATION_CONTEXT ( 3 ) GLOBAL_UNCERTAINTY_ASSIGNED_CONTEXT ( ( #4562 ) ) GLOBAL_UNIT_ASSIGNED_CONTEXT ( ( #1417, #241, #3852 ) ) REPRESENTATION_CONTEXT ( 'NONE', 'WORKASPACE' ) );
#2346 = CARTESIAN_POINT ( 'NONE',  ( 1.270016866663922439, -0.7200168666639225057, 0.5699999999999999512 ) ) ;
#2347 = EDGE_CURVE ( 'NONE', #2792, #6345, #2075, .T. ) ;
#2348 = CARTESIAN_POINT ( 'NONE',  ( 1.299902707606674923, 0.7475068018844457374, -0.5726146722824297930 ) ) ;
#2349 = VERTEX_POINT ( 'NONE', #5590 ) ;
#2350 = AXIS2_PLACEMENT_3D ( 'NONE', #6904, #906, #2690 ) ;
#2351 = B_SPLINE_CURVE_WITH_KNOTS ( 'NONE', 3,
 ( #1768, #4186, #7642, #2936, #4768, #1246, #7058, #6568, #600, #5936, #3520, #5391, #1839, #3563, #1791, #5976, #7078, #4710, #4752 ),
 .UNSPECIFIED., .F., .F.,
 ( 4, 1, 1, 1, 1, 1, 1, 1, 1, 1, 1, 1, 1, 1, 1, 1, 4 ),
 ( 0.0000000000000000000, 0.06806869584499398995, 0.1334274328189550829, 0.1961460338131565395, 0.2570485924493127738, 0.3168826631591620813, 0.3761872086663216042, 0.4359603353635461698, 0.4965352368627262702, 0.5574653434807333996, 0.6176868634101471134, 0.6779436406969063800, 0.7388052848060405742, 0.8009493367665843078, 0.8648146674702267278, 0.9310247810786573819, 1.000000000000000000 ),
 .UNSPECIFIED. ) ;
#2352 = CARTESIAN_POINT ( 'NONE',  ( 0.2285707267423864042, -0.09167650155209325358, -0.5989999999999999769 ) ) ;
#2353 =( NAMED_UNIT ( * ) SI_UNIT ( $, .STERADIAN. ) SOLID_ANGLE_UNIT ( ) );
#2354 = FILL_AREA_STYLE_COLOUR ( '', #7540 ) ;
#2355 = FACE_OUTER_BOUND ( 'NONE', #1610, .T. ) ;
#2356 = AXIS2_PLACEMENT_3D ( 'NONE', #6894, #5147, #1034 ) ;
#2357 = DIRECTION ( 'NONE',  ( 0.0000000000000000000, 0.0000000000000000000, 1.000000000000000000 ) ) ;
#2358 = CARTESIAN_POINT ( 'NONE',  ( -1.350000000000000089, -0.2749999999999999667, -2.529874516690410310E-17 ) ) ;
#2359 =( LENGTH_UNIT ( ) NAMED_UNIT ( * ) SI_UNIT ( .MILLI., .METRE. ) );
#2360 = EDGE_CURVE ( 'NONE', #4191, #3023, #606, .T. ) ;
#2361 = ORIENTED_EDGE ( 'NONE', *, *, #6496, .F. ) ;
#2362 = MECHANICAL_DESIGN_GEOMETRIC_PRESENTATION_REPRESENTATION (  '', ( #4962 ), #6954 ) ;
#2363 = PRESENTATION_STYLE_ASSIGNMENT (( #6168 ) ) ;
#2364 = UNCERTAINTY_MEASURE_WITH_UNIT (LENGTH_MEASURE( 1.000000000000000082E-05 ), #4805, 'distance_accuracy_value', 'NONE');
#2365 = AXIS2_PLACEMENT_3D ( 'NONE', #890, #865, #2646 ) ;
#2366 = SURFACE_SIDE_STYLE ('',( #4948 ) ) ;
#2367 = CARTESIAN_POINT ( 'NONE',  ( -0.2724324891046430164, 0.1350220212279465148, -0.5999999999999999778 ) ) ;
#2368 = SURFACE_STYLE_FILL_AREA ( #2507 ) ;
#2369 = CARTESIAN_POINT ( 'NONE',  ( 0.3964964498487773548, -0.1210441236601850767, -0.5989999999999999769 ) ) ;
#2370 = CARTESIAN_POINT ( 'NONE',  ( -1.350000000000000311, 0.8000000000000002665, 0.0000000000000000000 ) ) ;
#2371 = CARTESIAN_POINT ( 'NONE',  ( -0.2767096547888477365, 0.1692558220061700924, -0.5990000000000003100 ) ) ;
#2372 = MECHANICAL_DESIGN_GEOMETRIC_PRESENTATION_REPRESENTATION (  '', ( #1453 ), #3437 ) ;
#2373 = ADVANCED_FACE ( 'NONE', ( #5126 ), #5024, .T. ) ;
#2374 = STYLED_ITEM ( 'NONE', ( #4399 ), #4429 ) ;
#2375 = ADVANCED_FACE ( 'NONE', ( #1979 ), #1269, .T. ) ;
#2376 = CARTESIAN_POINT ( 'NONE',  ( 0.3821844844002075248, -0.1765500934438544167, 0.5999999999999990896 ) ) ;
#2377 =( NAMED_UNIT ( * ) PLANE_ANGLE_UNIT ( ) SI_UNIT ( $, .RADIAN. ) );
#2378 = CARTESIAN_POINT ( 'NONE',  ( 0.04893547423902126770, 0.04724855926664416061, -0.5989999999999999769 ) ) ;
#2379 = B_SPLINE_SURFACE_WITH_KNOTS ( 'NONE', 3, 1, ( 
 ( #6401, #5162 ),
 ( #1604, #5188 ),
 ( #5765, #2227 ),
 ( #982, #5235 ),
 ( #6958, #1629 ),
 ( #2808, #2194 ),
 ( #7541, #4004 ),
 ( #6321, #3384 ),
 ( #4599, #1073 ),
 ( #1662, #2283 ),
 ( #2852, #6983 ),
 ( #3432, #595 ),
 ( #7118, #1153 ),
 ( #7099, #7034 ),
 ( #1709, #7591 ),
 ( #3488, #635 ),
 ( #1786, #2978 ),
 ( #1129, #6540 ),
 ( #46, #7615 ) ),
 .UNSPECIFIED., .F., .F., .F.,
 ( 4, 1, 1, 1, 1, 1, 1, 1, 1, 1, 1, 1, 1, 1, 1, 1, 4 ),
 ( 2, 2 ),
 ( 0.0000000000000000000, 0.06806869584499398995, 0.1334274328189550829, 0.1961460338131565395, 0.2570485924493127738, 0.3168826631591620813, 0.3761872086663216042, 0.4359603353635461698, 0.4965352368627262702, 0.5574653434807333996, 0.6176868634101471134, 0.6779436406969063800, 0.7388052848060405742, 0.8009493367665843078, 0.8648146674702267278, 0.9310247810786573819, 1.000000000000000000 ),
 ( 0.0000000000000000000, 1.000000000000000000 ),
 .UNSPECIFIED. ) ;
#2380 = CARTESIAN_POINT ( 'NONE',  ( 0.2277391509579775597, -0.1757934782394190987, 0.5989999999999999769 ) ) ;
#2381 = DIRECTION ( 'NONE',  ( 0.0000000000000000000, -0.0000000000000000000, -1.000000000000000000 ) ) ;
#2382 = CARTESIAN_POINT ( 'NONE',  ( 1.320114159057247383, -0.7999999999999998224, 0.0000000000000000000 ) ) ;
#2383 =( GEOMETRIC_REPRESENTATION_CONTEXT ( 3 ) GLOBAL_UNCERTAINTY_ASSIGNED_CONTEXT ( ( #6385 ) ) GLOBAL_UNIT_ASSIGNED_CONTEXT ( ( #7522, #3901, #1525 ) ) REPRESENTATION_CONTEXT ( 'NONE', 'WORKASPACE' ) );
#2384 = EDGE_CURVE ( 'NONE', #1701, #4697, #3623, .T. ) ;
#2385 = STYLED_ITEM ( 'NONE', ( #6149 ), #7454 ) ;
#2386 = ORIENTED_EDGE ( 'NONE', *, *, #655, .F. ) ;
#2387 = VECTOR ( 'NONE', #1658, 1000.000000000000000 ) ;
#2388 = EDGE_CURVE ( 'NONE', #5056, #1310, #2286, .T. ) ;
#2389 =( NAMED_UNIT ( * ) PLANE_ANGLE_UNIT ( ) SI_UNIT ( $, .RADIAN. ) );
#2390 = PLANE ( 'NONE',  #5263 ) ;
#2391 = DIRECTION ( 'NONE',  ( 0.0000000000000000000, -0.0000000000000000000, 1.000000000000000000 ) ) ;
#2392 = DIRECTION ( 'NONE',  ( -0.0000000000000000000, -0.0000000000000000000, -1.000000000000000000 ) ) ;
#2393 = DIRECTION ( 'NONE',  ( 1.355252715606880543E-16, 1.000000000000000000, 6.253331269444947898E-34 ) ) ;
#2394 = EDGE_LOOP ( 'NONE', ( #1703, #2035, #4949, #4241 ) ) ;
#2395 = LINE ( 'NONE', #303, #4297 ) ;
#2396 = FILL_AREA_STYLE_COLOUR ( '', #3383 ) ;
#2397 = CYLINDRICAL_SURFACE ( 'NONE', #759, 0.1599999999999999756 ) ;
#2398 = B_SPLINE_CURVE_WITH_KNOTS ( 'NONE', 3,
 ( #6344, #975, #455, #6366, #6924, #5123, #7500, #4565, #481, #5728, #4589 ),
 .UNSPECIFIED., .F., .F.,
 ( 4, 1, 1, 1, 1, 1, 1, 1, 4 ),
 ( 0.0000000000000000000, 0.1309358380231055718, 0.2594327946845365052, 0.3854061982065377645, 0.5098206671632204978, 0.6333687008232706805, 0.7554461200736285464, 0.8775267625327227705, 1.000000000000000000 ),
 .UNSPECIFIED. ) ;
#2399 = CARTESIAN_POINT ( 'NONE',  ( -1.270016866663922661, -0.7200168666639226167, 0.5699999999999999512 ) ) ;
#2400 = CARTESIAN_POINT ( 'NONE',  ( 0.2220361059691060568, 0.1496001828310948023, -0.5999999999999999778 ) ) ;
#2401 = ORIENTED_EDGE ( 'NONE', *, *, #6848, .T. ) ;
#2402 = PRESENTATION_LAYER_ASSIGNMENT (  '', '', ( #6594 ) ) ;
#2403 = LINE ( 'NONE', #4141, #5358 ) ;
#2404 = UNCERTAINTY_MEASURE_WITH_UNIT (LENGTH_MEASURE( 1.000000000000000082E-05 ), #6237, 'distance_accuracy_value', 'NONE');
#2405 = FILL_AREA_STYLE_COLOUR ( '', #2311 ) ;
#2406 = STYLED_ITEM ( 'NONE', ( #526 ), #2061 ) ;
#2407 = VERTEX_POINT ( 'NONE', #2739 ) ;
#2408 = VECTOR ( 'NONE', #1883, 1000.000000000000000 ) ;
#2409 =( NAMED_UNIT ( * ) SI_UNIT ( $, .STERADIAN. ) SOLID_ANGLE_UNIT ( ) );
#2410 = MECHANICAL_DESIGN_GEOMETRIC_PRESENTATION_REPRESENTATION (  '', ( #7225 ), #5470 ) ;
#2411 = CARTESIAN_POINT ( 'NONE',  ( -0.3237416019530189870, 0.08162942077833591770, -0.5999999999999999778 ) ) ;
#2412 = FACE_OUTER_BOUND ( 'NONE', #7128, .T. ) ;
#2413 = VERTEX_POINT ( 'NONE', #952 ) ;
#2414 = CARTESIAN_POINT ( 'NONE',  ( 1.032390010713868378, -0.2750000000000000222, 0.0000000000000000000 ) ) ;
#2415 = VERTEX_POINT ( 'NONE', #5095 ) ;
#2416 = ORIENTED_EDGE ( 'NONE', *, *, #1238, .T. ) ;
#2417 = SURFACE_SIDE_STYLE ('',( #1769 ) ) ;
#2418 = CARTESIAN_POINT ( 'NONE',  ( -0.3714423257215458407, 0.04880034244156434414, -0.5989999999999999769 ) ) ;
#2419 = CARTESIAN_POINT ( 'NONE',  ( 0.4496288367660111196, -0.02192674555648381485, 0.5999999999999997558 ) ) ;
#2420 = CARTESIAN_POINT ( 'NONE',  ( 0.3083871001955534319, -0.05187175467273453383, -0.5989999999999999769 ) ) ;
#2421 = CARTESIAN_POINT ( 'NONE',  ( 0.3306427913121919859, 0.02575465682761977210, -0.5999999999999999778 ) ) ;
#2422 = FILL_AREA_STYLE ('',( #5348 ) ) ;
#2423 = CARTESIAN_POINT ( 'NONE',  ( 0.04893547423902126770, 0.04724855926664416061, -0.5989999999999999769 ) ) ;
#2424 = EDGE_LOOP ( 'NONE', ( #4927, #3128, #5381, #900 ) ) ;
#2425 = ORIENTED_EDGE ( 'NONE', *, *, #4721, .F. ) ;
#2426 = COLOUR_RGB ( '',1.000000000000000000, 1.000000000000000000, 1.000000000000000000 ) ;
#2427 =( GEOMETRIC_REPRESENTATION_CONTEXT ( 3 ) GLOBAL_UNCERTAINTY_ASSIGNED_CONTEXT ( ( #4619 ) ) GLOBAL_UNIT_ASSIGNED_CONTEXT ( ( #5860, #530, #4643 ) ) REPRESENTATION_CONTEXT ( 'NONE', 'WORKASPACE' ) );
#2428 =( LENGTH_UNIT ( ) NAMED_UNIT ( * ) SI_UNIT ( .MILLI., .METRE. ) );
#2429 =( NAMED_UNIT ( * ) SI_UNIT ( $, .STERADIAN. ) SOLID_ANGLE_UNIT ( ) );
#2430 = EDGE_CURVE ( 'NONE', #5691, #5362, #4812, .T. ) ;
#2431 = COLOUR_RGB ( '',1.000000000000000000, 1.000000000000000000, 1.000000000000000000 ) ;
#2432 = VECTOR ( 'NONE', #4935, 1000.000000000000000 ) ;
#2433 = CARTESIAN_POINT ( 'NONE',  ( -0.5273570589519405161, 0.1400642982948582527, -0.5999999999999999778 ) ) ;
#2434 = ORIENTED_EDGE ( 'NONE', *, *, #628, .F. ) ;
#2435 = CARTESIAN_POINT ( 'NONE',  ( 1.270016866663922661, 0.7200168666639229498, -0.5999999999999999778 ) ) ;
#2436 = SURFACE_SIDE_STYLE ('',( #4476 ) ) ;
#2437 = CARTESIAN_POINT ( 'NONE',  ( 0.3289981966861952878, 0.0002985308039202950558, -0.5989999999999998659 ) ) ;
#2438 =( NAMED_UNIT ( * ) PLANE_ANGLE_UNIT ( ) SI_UNIT ( $, .RADIAN. ) );
#2439 = FILL_AREA_STYLE ('',( #2396 ) ) ;
#2440 = STYLED_ITEM ( 'NONE', ( #3822 ), #5357 ) ;
#2441 = FACE_OUTER_BOUND ( 'NONE', #1636, .T. ) ;
#2442 = VERTEX_POINT ( 'NONE', #6871 ) ;
#2443 = CARTESIAN_POINT ( 'NONE',  ( 1.636651040861870854, -0.2750000000000000222, -0.5408715574274765014 ) ) ;
#2444 = ORIENTED_EDGE ( 'NONE', *, *, #884, .T. ) ;
#2445 = VECTOR ( 'NONE', #3858, 1000.000000000000000 ) ;
#2446 = ORIENTED_EDGE ( 'NONE', *, *, #7178, .T. ) ;
#2447 = UNCERTAINTY_MEASURE_WITH_UNIT (LENGTH_MEASURE( 1.000000000000000082E-05 ), #5720, 'distance_accuracy_value', 'NONE');
#2448 = STYLED_ITEM ( 'NONE', ( #2232 ), #6632 ) ;
#2449 = FILL_AREA_STYLE_COLOUR ( '', #3880 ) ;
#2450 = EDGE_CURVE ( 'NONE', #4542, #1660, #6037, .T. ) ;
#2451 = MECHANICAL_DESIGN_GEOMETRIC_PRESENTATION_REPRESENTATION (  '', ( #4722 ), #1657 ) ;
#2452 = FACE_OUTER_BOUND ( 'NONE', #2928, .T. ) ;
#2453 = SURFACE_STYLE_FILL_AREA ( #840 ) ;
#2454 = EDGE_CURVE ( 'NONE', #2407, #4187, #2916, .T. ) ;
#2455 = FILL_AREA_STYLE_COLOUR ( '', #3016 ) ;
#2456 = CARTESIAN_POINT ( 'NONE',  ( 0.2921667622269011333, 0.01468012696962548401, 0.5999999999999998668 ) ) ;
#2457 = LINE ( 'NONE', #1396, #441 ) ;
#2458 = VECTOR ( 'NONE', #1030, 1000.000000000000000 ) ;
#2459 = CARTESIAN_POINT ( 'NONE',  ( 0.3289981966861952878, 0.0002985308039202950558, -0.5999999999999996447 ) ) ;
#2460 =( NAMED_UNIT ( * ) SI_UNIT ( $, .STERADIAN. ) SOLID_ANGLE_UNIT ( ) );
#2461 = CARTESIAN_POINT ( 'NONE',  ( 0.2505212098789602049, -0.1842181549615752867, 0.5999999999999999778 ) ) ;
#2462 = FILL_AREA_STYLE ('',( #3004 ) ) ;
#2463 = ORIENTED_EDGE ( 'NONE', *, *, #958, .T. ) ;
#2464 = DIRECTION ( 'NONE',  ( 0.0000000000000000000, 7.228014483236703064E-15, 1.000000000000000000 ) ) ;
#2465 = FACE_OUTER_BOUND ( 'NONE', #5442, .T. ) ;
#2466 = LINE ( 'NONE', #4111, #4760 ) ;
#2467 = SURFACE_SIDE_STYLE ('',( #6350 ) ) ;
#2468 = ORIENTED_EDGE ( 'NONE', *, *, #4054, .F. ) ;
#2469 = SURFACE_STYLE_USAGE ( .BOTH. , #6530 ) ;
#2470 = MECHANICAL_DESIGN_GEOMETRIC_PRESENTATION_REPRESENTATION (  '', ( #6031 ), #2880 ) ;
#2471 = EDGE_CURVE ( 'NONE', #202, #2601, #1323, .T. ) ;
#2472 = EDGE_CURVE ( 'NONE', #6160, #4448, #1601, .T. ) ;
#2473 = VERTEX_POINT ( 'NONE', #7631 ) ;
#2474 = VERTEX_POINT ( 'NONE', #3427 ) ;
#2475 = PRESENTATION_LAYER_ASSIGNMENT (  '', '', ( #1688 ) ) ;
#2476 = CARTESIAN_POINT ( 'NONE',  ( 1.270016866663922439, -0.7200168666639226167, -0.5699999999999999512 ) ) ;
#2477 = CARTESIAN_POINT ( 'NONE',  ( 0.2746063122098372777, -0.1192590542237073198, -0.6000000000000003109 ) ) ;
#2478 = LINE ( 'NONE', #7415, #1741 ) ;
#2479 = ORIENTED_EDGE ( 'NONE', *, *, #5262, .T. ) ;
#2480 = DIRECTION ( 'NONE',  ( 0.0000000000000000000, 1.000000000000000000, 0.0000000000000000000 ) ) ;
#2481 = CARTESIAN_POINT ( 'NONE',  ( 0.2605314291758150103, -0.1224488086927306152, -0.5999999999999999778 ) ) ;
#2482 = SURFACE_SIDE_STYLE ('',( #3103 ) ) ;
#2483 = CIRCLE ( 'NONE', #6994, 0.02999999999999997113 ) ;
#2484 = UNCERTAINTY_MEASURE_WITH_UNIT (LENGTH_MEASURE( 1.000000000000000082E-05 ), #2257, 'distance_accuracy_value', 'NONE');
#2485 =( NAMED_UNIT ( * ) PLANE_ANGLE_UNIT ( ) SI_UNIT ( $, .RADIAN. ) );
#2486 = FACE_OUTER_BOUND ( 'NONE', #2543, .T. ) ;
#2487 = VERTEX_POINT ( 'NONE', #1120 ) ;
#2488 = STYLED_ITEM ( 'NONE', ( #739 ), #6145 ) ;
#2489 = EDGE_CURVE ( 'NONE', #6274, #4445, #1158, .T. ) ;
#2490 = COLOUR_RGB ( '',1.000000000000000000, 1.000000000000000000, 1.000000000000000000 ) ;
#2491 = PRESENTATION_LAYER_ASSIGNMENT (  '', '', ( #5178 ) ) ;
#2492 = CARTESIAN_POINT ( 'NONE',  ( -0.1705767208829299386, -0.08811729439189239232, -0.5989999999999999769 ) ) ;
#2493 = MECHANICAL_DESIGN_GEOMETRIC_PRESENTATION_REPRESENTATION (  '', ( #7095 ), #3039 ) ;
#2494 = CARTESIAN_POINT ( 'NONE',  ( 0.2983156324373719137, 0.01472838215277644941, 0.5999999999999999778 ) ) ;
#2495 = LINE ( 'NONE', #1177, #834 ) ;
#2496 = LINE ( 'NONE', #664, #478 ) ;
#2497 = ADVANCED_FACE ( 'NONE', ( #5881 ), #3510, .T. ) ;
#2498 = ORIENTED_EDGE ( 'NONE', *, *, #5598, .T. ) ;
#2499 = CARTESIAN_POINT ( 'NONE',  ( 0.3556714171110845757, -0.1853516953311011572, 0.6000000000000000888 ) ) ;
#2500 = CARTESIAN_POINT ( 'NONE',  ( 0.3328507490020746751, -0.08427541857796910785, -0.5999999999999999778 ) ) ;
#2501 = VERTEX_POINT ( 'NONE', #588 ) ;
#2502 = VECTOR ( 'NONE', #2205, 1000.000000000000000 ) ;
#2503 = CARTESIAN_POINT ( 'NONE',  ( 1.270016866663922661, 0.7200168666639229498, -0.5699999999999999512 ) ) ;
#2504 = CARTESIAN_POINT ( 'NONE',  ( 0.3707929292036752367, 0.01786013785027045636, -0.5989999999999999769 ) ) ;
#2505 = FILL_AREA_STYLE_COLOUR ( '', #3560 ) ;
#2506 = ORIENTED_EDGE ( 'NONE', *, *, #1151, .T. ) ;
#2507 = FILL_AREA_STYLE ('',( #1294 ) ) ;
#2508 = ADVANCED_FACE ( 'NONE', ( #508 ), #7029, .T. ) ;
#2509 = CARTESIAN_POINT ( 'NONE',  ( 0.2994290064643817528, 0.1162754067885646975, -0.6000000000000001998 ) ) ;
#2510 = DIRECTION ( 'NONE',  ( 0.0000000000000000000, 1.000000000000000000, 0.0000000000000000000 ) ) ;
#2511 = ORIENTED_EDGE ( 'NONE', *, *, #4337, .T. ) ;
#2512 = CARTESIAN_POINT ( 'NONE',  ( -1.487221836148109100, -0.2750000000000000222, -0.5539449188396247115 ) ) ;
#2513 = ORIENTED_EDGE ( 'NONE', *, *, #5512, .F. ) ;
#2514 =( NAMED_UNIT ( * ) PLANE_ANGLE_UNIT ( ) SI_UNIT ( $, .RADIAN. ) );
#2515 = STYLED_ITEM ( 'NONE', ( #3234 ), #3180 ) ;
#2516 = CARTESIAN_POINT ( 'NONE',  ( 0.4541949792618403259, -0.04721784327160095940, 0.5999999999999998668 ) ) ;
#2517 = EDGE_CURVE ( 'NONE', #7086, #4554, #4257, .T. ) ;
#2518 = CARTESIAN_POINT ( 'NONE',  ( 0.2505212098789602049, -0.1842181549615752867, 0.5989999999999999769 ) ) ;
#2519 = DIRECTION ( 'NONE',  ( -0.9961946980917454342, 0.0000000000000000000, -0.08715574274765894303 ) ) ;
#2520 =( BOUNDED_CURVE ( )  B_SPLINE_CURVE ( 3, ( #7310, #1479, #1459, #6196 ),
 .UNSPECIFIED., .F., .F. ) 
 B_SPLINE_CURVE_WITH_KNOTS ( ( 4, 4 ),
 ( 5.501585242055416991, 7.064785372303751920 ),
 .UNSPECIFIED. ) 
 CURVE ( )  GEOMETRIC_REPRESENTATION_ITEM ( )  RATIONAL_B_SPLINE_CURVE ( ( 1.000000000000000000, 0.8065248903853478035, 0.8065248903853478035, 1.000000000000000000 ) ) 
 REPRESENTATION_ITEM ( '' )  );
#2521 = ORIENTED_EDGE ( 'NONE', *, *, #1906, .F. ) ;
#2522 = ADVANCED_FACE ( 'NONE', ( #2441 ), #5902, .T. ) ;
#2523 =( LENGTH_UNIT ( ) NAMED_UNIT ( * ) SI_UNIT ( .MILLI., .METRE. ) );
#2524 = DIRECTION ( 'NONE',  ( 0.0000000000000000000, 1.000000000000000000, 0.0000000000000000000 ) ) ;
#2525 =( NAMED_UNIT ( * ) SI_UNIT ( $, .STERADIAN. ) SOLID_ANGLE_UNIT ( ) );
#2526 = DIRECTION ( 'NONE',  ( 0.0000000000000000000, -1.000000000000000000, 0.0000000000000000000 ) ) ;
#2527 = PRESENTATION_LAYER_ASSIGNMENT (  '', '', ( #4451 ) ) ;
#2528 = FILL_AREA_STYLE ('',( #6097 ) ) ;
#2529 = ADVANCED_FACE ( 'NONE', ( #5220 ), #6415, .T. ) ;
#2530 = CARTESIAN_POINT ( 'NONE',  ( 0.2416545215076107422, 0.1477458219277014151, -0.6000000000000000888 ) ) ;
#2531 = FACE_OUTER_BOUND ( 'NONE', #3978, .T. ) ;
#2532 = CARTESIAN_POINT ( 'NONE',  ( 0.2080166281730857492, 0.1825405965750940829, -0.5989999999999998659 ) ) ;
#2533 = EDGE_CURVE ( 'NONE', #3163, #1214, #1235, .T. ) ;
#2534 = AXIS2_PLACEMENT_3D ( 'NONE', #978, #3860, #2140 ) ;
#2535 = CARTESIAN_POINT ( 'NONE',  ( 0.3258459697961020307, -0.1898735511732244086, 0.5989999999999999769 ) ) ;
#2536 = LINE ( 'NONE', #3599, #793 ) ;
#2537 = CARTESIAN_POINT ( 'NONE',  ( -0.5902223001512224565, -0.03689778219677045806, -0.5999999999999999778 ) ) ;
#2538 = CARTESIAN_POINT ( 'NONE',  ( 1.646612987842787978, 0.2750000000000000222, -0.5400000000000000355 ) ) ;
#2539 = EDGE_CURVE ( 'NONE', #6634, #2874, #4916, .T. ) ;
#2540 = CARTESIAN_POINT ( 'NONE',  ( 0.4544544718415796658, -0.06546094592652781929, 0.5999999999999998668 ) ) ;
#2541 = SURFACE_STYLE_USAGE ( .BOTH. , #7291 ) ;
#2542 = CARTESIAN_POINT ( 'NONE',  ( 0.3707929292036752367, 0.01786013785027045636, -0.6000000000000000888 ) ) ;
#2543 = EDGE_LOOP ( 'NONE', ( #820, #4748, #2987, #6599, #2386 ) ) ;
#2544 = DIRECTION ( 'NONE',  ( -0.0000000000000000000, -0.0000000000000000000, 1.000000000000000000 ) ) ;
#2545 = DIRECTION ( 'NONE',  ( -0.08682659386424836090, 0.08682659386424836090, -0.9924325091389670783 ) ) ;
#2546 = DIRECTION ( 'NONE',  ( -1.000000000000000000, 0.0000000000000000000, -0.0000000000000000000 ) ) ;
#2547 = CARTESIAN_POINT ( 'NONE',  ( 0.2732189179977693172, 0.1367866158707935764, -0.6000000000000000888 ) ) ;
#2548 =( GEOMETRIC_REPRESENTATION_CONTEXT ( 3 ) GLOBAL_UNCERTAINTY_ASSIGNED_CONTEXT ( ( #3799 ) ) GLOBAL_UNIT_ASSIGNED_CONTEXT ( ( #3064, #17, #7181 ) ) REPRESENTATION_CONTEXT ( 'NONE', 'WORKASPACE' ) );
#2549 = COLOUR_RGB ( '',0.2509803921568627416, 0.2509803921568627416, 0.2509803921568627416 ) ;
#2550 = ORIENTED_EDGE ( 'NONE', *, *, #1939, .T. ) ;
#2551 = CIRCLE ( 'NONE', #5079, 0.02999999999999997113 ) ;
#2552 = ORIENTED_EDGE ( 'NONE', *, *, #5384, .T. ) ;
#2553 = FILL_AREA_STYLE ('',( #4338 ) ) ;
#2554 = CARTESIAN_POINT ( 'NONE',  ( 0.3178994949140394599, -0.1460002054815614514, 0.5989999999999999769 ) ) ;
#2555 = VECTOR ( 'NONE', #609, 1000.000000000000000 ) ;
#2556 = DIRECTION ( 'NONE',  ( -0.0000000000000000000, -1.000000000000000000, -0.0000000000000000000 ) ) ;
#2557 = STYLED_ITEM ( 'NONE', ( #6162 ), #4202 ) ;
#2558 = VERTEX_POINT ( 'NONE', #1991 ) ;
#2559 = PRODUCT_DEFINITION ( 'δ֪', '', #6406, #1053 ) ;
#2560 = SURFACE_STYLE_FILL_AREA ( #2094 ) ;
#2561 = ORIENTED_EDGE ( 'NONE', *, *, #2178, .T. ) ;
#2562 = CARTESIAN_POINT ( 'NONE',  ( 1.349999999999999645, -0.2749999999999999667, 3.870023314625071733E-17 ) ) ;
#2563 = CARTESIAN_POINT ( 'NONE',  ( 0.3604519628695218025, 0.05443785460097468054, 0.5989999999999999769 ) ) ;
#2564 = AXIS2_PLACEMENT_3D ( 'NONE', #6751, #3213, #6800 ) ;
#2565 = DIRECTION ( 'NONE',  ( 0.0000000000000000000, 0.0000000000000000000, -1.000000000000000000 ) ) ;
#2566 = VECTOR ( 'NONE', #2163, 1000.000000000000000 ) ;
#2567 = LINE ( 'NONE', #195, #7024 ) ;
#2568 = CARTESIAN_POINT ( 'NONE',  ( 0.04893547423902126770, 0.01432172999835149528, -0.5989999999999999769 ) ) ;
#2569 = DIRECTION ( 'NONE',  ( 0.0000000000000000000, 1.000000000000000000, 0.0000000000000000000 ) ) ;
#2570 = UNCERTAINTY_MEASURE_WITH_UNIT (LENGTH_MEASURE( 1.000000000000000082E-05 ), #6901, 'distance_accuracy_value', 'NONE');
#2571 = ORIENTED_EDGE ( 'NONE', *, *, #514, .F. ) ;
#2572 = CARTESIAN_POINT ( 'NONE',  ( 0.2148056584969262328, 0.1496397214779864593, -0.5999999999999998668 ) ) ;
#2573 = VECTOR ( 'NONE', #1335, 1000.000000000000000 ) ;
#2574 =( NAMED_UNIT ( * ) SI_UNIT ( $, .STERADIAN. ) SOLID_ANGLE_UNIT ( ) );
#2575 = FILL_AREA_STYLE_COLOUR ( '', #2617 ) ;
#2576 = CARTESIAN_POINT ( 'NONE',  ( 0.3289114349233800416, 0.05259303779766402037, -0.5989999999999999769 ) ) ;
#2577 = PRESENTATION_LAYER_ASSIGNMENT (  '', '', ( #4405 ) ) ;
#2578 = FACE_OUTER_BOUND ( 'NONE', #6882, .T. ) ;
#2579 = CARTESIAN_POINT ( 'NONE',  ( 0.1765168519495669830, 0.2147283821527764813, 0.5989999999999999769 ) ) ;
#2580 = EDGE_CURVE ( 'NONE', #4705, #6274, #6685, .T. ) ;
#2581 = DIRECTION ( 'NONE',  ( -1.000000000000000000, 7.255624324323616620E-15, 0.0000000000000000000 ) ) ;
#2582 = MECHANICAL_DESIGN_GEOMETRIC_PRESENTATION_REPRESENTATION (  '', ( #4842 ), #2060 ) ;
#2583 = ORIENTED_EDGE ( 'NONE', *, *, #2784, .F. ) ;
#2584 =( NAMED_UNIT ( * ) PLANE_ANGLE_UNIT ( ) SI_UNIT ( $, .RADIAN. ) );
#2585 = ORIENTED_EDGE ( 'NONE', *, *, #5084, .F. ) ;
#2586 = EDGE_LOOP ( 'NONE', ( #603, #3759, #3585, #953 ) ) ;
#2587 = VECTOR ( 'NONE', #5250, 1000.000000000000000 ) ;
#2588 = STYLED_ITEM ( 'NONE', ( #206 ), #480 ) ;
#2589 = VECTOR ( 'NONE', #1590, 999.9999999999998863 ) ;
#2590 = DIRECTION ( 'NONE',  ( 1.000000000000000000, 0.0000000000000000000, 0.0000000000000000000 ) ) ;
#2591 = CARTESIAN_POINT ( 'NONE',  ( -0.05716208673658842998, 0.01432172999835149528, -0.5999999999999999778 ) ) ;
#2592 = AXIS2_PLACEMENT_3D ( 'NONE', #912, #3306, #5046 ) ;
#2593 = ORIENTED_EDGE ( 'NONE', *, *, #2846, .F. ) ;
#2594 = CARTESIAN_POINT ( 'NONE',  ( 0.3651327357979159971, 0.07309742251254086609, -0.5989999999999998659 ) ) ;
#2595 = CARTESIAN_POINT ( 'NONE',  ( 0.2179712974097529898, 0.1496875836568880846, -0.5989999999999999769 ) ) ;
#2596 = FILL_AREA_STYLE ('',( #2020 ) ) ;
#2597 = CARTESIAN_POINT ( 'NONE',  ( -0.2131643733219542591, -0.08811729439189239232, -0.5999999999999999778 ) ) ;
#2598 = VECTOR ( 'NONE', #4125, 1000.000000000000000 ) ;
#2599 = ORIENTED_EDGE ( 'NONE', *, *, #6522, .F. ) ;
#2600 = CARTESIAN_POINT ( 'NONE',  ( -0.5249585786112231922, 0.1361986555538391430, -0.5999999999999997558 ) ) ;
#2601 = VERTEX_POINT ( 'NONE', #2568 ) ;
#2602 = DIRECTION ( 'NONE',  ( -0.0000000000000000000, -0.0000000000000000000, -1.000000000000000000 ) ) ;
#2603 = FILL_AREA_STYLE_COLOUR ( '', #5602 ) ;
#2604 = ORIENTED_EDGE ( 'NONE', *, *, #18, .F. ) ;
#2606 = VERTEX_POINT ( 'NONE', #4284 ) ;
#2605 = CARTESIAN_POINT ( 'NONE',  ( 0.3212620924570195879, 0.05856286926306614876, 0.5999999999999997558 ) ) ;
#2607 = LINE ( 'NONE', #426, #3804 ) ;
#2608 = ORIENTED_EDGE ( 'NONE', *, *, #4597, .T. ) ;
#2609 = AXIS2_PLACEMENT_3D ( 'NONE', #6407, #6989, #5919 ) ;
#2610 = EDGE_CURVE ( 'NONE', #5813, #2822, #412, .T. ) ;
#2611 = CARTESIAN_POINT ( 'NONE',  ( 0.2148262270274847174, 0.1825894095944982365, -0.5989999999999999769 ) ) ;
#2612 = AXIS2_PLACEMENT_3D ( 'NONE', #1678, #1625, #5789 ) ;
#2613 = CARTESIAN_POINT ( 'NONE',  ( 0.4154215646809792939, -0.1547396156808345802, 0.5989999999999999769 ) ) ;
#2614 = EDGE_CURVE ( 'NONE', #1276, #3199, #5326, .T. ) ;
#2615 = FILL_AREA_STYLE ('',( #2086 ) ) ;
#2616 =( GEOMETRIC_REPRESENTATION_CONTEXT ( 3 ) GLOBAL_UNCERTAINTY_ASSIGNED_CONTEXT ( ( #4753 ) ) GLOBAL_UNIT_ASSIGNED_CONTEXT ( ( #2183, #4472, #4499 ) ) REPRESENTATION_CONTEXT ( 'NONE', 'WORKASPACE' ) );
#2617 = COLOUR_RGB ( '',1.000000000000000000, 1.000000000000000000, 1.000000000000000000 ) ;
#2618 = UNCERTAINTY_MEASURE_WITH_UNIT (LENGTH_MEASURE( 1.000000000000000082E-05 ), #3849, 'distance_accuracy_value', 'NONE');
#2619 = ORIENTED_EDGE ( 'NONE', *, *, #6185, .T. ) ;
#2620 = SURFACE_SIDE_STYLE ('',( #1551 ) ) ;
#2621 = SURFACE_STYLE_USAGE ( .BOTH. , #3217 ) ;
#2622 = FILL_AREA_STYLE_COLOUR ( '', #4836 ) ;
#2623 = CARTESIAN_POINT ( 'NONE',  ( 0.2661052448567717277, -0.1411447796363337615, 0.5989999999999998659 ) ) ;
#2624 = FILL_AREA_STYLE_COLOUR ( '', #4153 ) ;
#2625 = LINE ( 'NONE', #620, #1070 ) ;
#2626 = PRESENTATION_STYLE_ASSIGNMENT (( #307 ) ) ;
#2627 =( NAMED_UNIT ( * ) SI_UNIT ( $, .STERADIAN. ) SOLID_ANGLE_UNIT ( ) );
#2628 = CARTESIAN_POINT ( 'NONE',  ( 0.2085370372106034598, 0.1495449444419015839, -0.5999999999999998668 ) ) ;
#2629 = STYLED_ITEM ( 'NONE', ( #527 ), #5618 ) ;
#2630 =( LENGTH_UNIT ( ) NAMED_UNIT ( * ) SI_UNIT ( .MILLI., .METRE. ) );
#2631 = EDGE_CURVE ( 'NONE', #1832, #3036, #1737, .T. ) ;
#2632 = MECHANICAL_DESIGN_GEOMETRIC_PRESENTATION_REPRESENTATION (  '', ( #5178 ), #5567 ) ;
#2633 = CARTESIAN_POINT ( 'NONE',  ( 1.320339464150455777, 0.7703394641504560658, 0.005189921281878754830 ) ) ;
#2634 = LINE ( 'NONE', #1642, #1349 ) ;
#2635 = PRESENTATION_STYLE_ASSIGNMENT (( #4934 ) ) ;
#2636 = DIRECTION ( 'NONE',  ( -5.330734548809088951E-16, 0.0000000000000000000, 1.000000000000000000 ) ) ;
#2637 = CARTESIAN_POINT ( 'NONE',  ( -1.320339464150455777, -0.7703394641504557327, -0.005189921281878753095 ) ) ;
#2638 = EDGE_CURVE ( 'NONE', #6835, #990, #6874, .T. ) ;
#2639 = CARTESIAN_POINT ( 'NONE',  ( 0.4338898138558325845, 0.01005679747354898228, 0.5999999999999997558 ) ) ;
#2640 = DIRECTION ( 'NONE',  ( 0.0000000000000000000, 1.000000000000000000, 0.0000000000000000000 ) ) ;
#2641 = VERTEX_POINT ( 'NONE', #3086 ) ;
#2642 = VECTOR ( 'NONE', #3139, 1000.000000000000000 ) ;
#2643 = CYLINDRICAL_SURFACE ( 'NONE', #1639, 0.01000000000000000368 ) ;
#2644 = CARTESIAN_POINT ( 'NONE',  ( -0.3273656703433487358, -0.007057080339806756815, -0.5989999999999999769 ) ) ;
#2645 = MECHANICAL_DESIGN_GEOMETRIC_PRESENTATION_REPRESENTATION (  '', ( #4218 ), #639 ) ;
#2646 = DIRECTION ( 'NONE',  ( 0.0000000000000000000, 0.0000000000000000000, -1.000000000000000000 ) ) ;
#2647 =( NAMED_UNIT ( * ) PLANE_ANGLE_UNIT ( ) SI_UNIT ( $, .RADIAN. ) );
#2648 =( NAMED_UNIT ( * ) SI_UNIT ( $, .STERADIAN. ) SOLID_ANGLE_UNIT ( ) );
#2649 = FILL_AREA_STYLE_COLOUR ( '', #1202 ) ;
#2650 = ORIENTED_EDGE ( 'NONE', *, *, #694, .T. ) ;
#2651 = SURFACE_STYLE_FILL_AREA ( #1677 ) ;
#2652 = CARTESIAN_POINT ( 'NONE',  ( -0.2131643733219542591, -0.08811729439189239232, -0.5989999999999999769 ) ) ;
#2653 = SURFACE_STYLE_FILL_AREA ( #102 ) ;
#2654 = FILL_AREA_STYLE ('',( #6202 ) ) ;
#2655 = EDGE_LOOP ( 'NONE', ( #7391, #2938, #6724, #562, #7396, #2226, #5354, #6229, #2974, #4069, #859, #2747 ) ) ;
#2656 = LINE ( 'NONE', #3535, #2555 ) ;
#2657 = CARTESIAN_POINT ( 'NONE',  ( -0.5256194266289978545, 0.1402342427996901286, -0.5999999999999998668 ) ) ;
#2658 = ADVANCED_FACE ( 'NONE', ( #6959 ), #3817, .T. ) ;
#2659 = CARTESIAN_POINT ( 'NONE',  ( 0.3693267246406665705, -0.1814888341086672574, 0.5999999999999993117 ) ) ;
#2660 = VERTEX_POINT ( 'NONE', #6039 ) ;
#2661 = CARTESIAN_POINT ( 'NONE',  ( -0.07179623307805192700, -0.08811729439189239232, -0.5999999999999999778 ) ) ;
#2662 = CARTESIAN_POINT ( 'NONE',  ( 0.2252973397544451029, -0.1745246666277114056, 0.5989999999999999769 ) ) ;
#2663 = AXIS2_PLACEMENT_3D ( 'NONE', #549, #4143, #1137 ) ;
#2664 = LINE ( 'NONE', #2244, #2762 ) ;
#2665 = VERTEX_POINT ( 'NONE', #3824 ) ;
#2666 =( NAMED_UNIT ( * ) SI_UNIT ( $, .STERADIAN. ) SOLID_ANGLE_UNIT ( ) );
#2667 = EDGE_CURVE ( 'NONE', #3023, #2230, #4735, .T. ) ;
#2668 =( NAMED_UNIT ( * ) SI_UNIT ( $, .STERADIAN. ) SOLID_ANGLE_UNIT ( ) );
#2669 = LINE ( 'NONE', #2685, #2566 ) ;
#2670 = LINE ( 'NONE', #7092, #5184 ) ;
#2671 = CARTESIAN_POINT ( 'NONE',  ( 0.3604519628695218025, 0.05443785460097468054, 0.5999999999999999778 ) ) ;
#2672 = ORIENTED_EDGE ( 'NONE', *, *, #2320, .T. ) ;
#2673 = LINE ( 'NONE', #807, #3040 ) ;
#2674 = VERTEX_POINT ( 'NONE', #266 ) ;
#2675 = DIRECTION ( 'NONE',  ( 0.0000000000000000000, 0.9961946980917455452, -0.08715574274765837404 ) ) ;
#2676 = APPLICATION_CONTEXT ( 'automotive_design' ) ;
#2677 = UNCERTAINTY_MEASURE_WITH_UNIT (LENGTH_MEASURE( 1.000000000000000082E-05 ), #909, 'distance_accuracy_value', 'NONE');
#2678 = ORIENTED_EDGE ( 'NONE', *, *, #4569, .F. ) ;
#2679 = CARTESIAN_POINT ( 'NONE',  ( 1.646612987842787978, 0.2750000000000000222, -0.5400000000000000355 ) ) ;
#2680 = ORIENTED_EDGE ( 'NONE', *, *, #6828, .F. ) ;
#2681 = AXIS2_PLACEMENT_3D ( 'NONE', #5203, #2275, #506 ) ;
#2682 = DIRECTION ( 'NONE',  ( -0.0000000000000000000, -0.0000000000000000000, 1.000000000000000000 ) ) ;
#2683 = CARTESIAN_POINT ( 'NONE',  ( 0.3078430714617621522, -0.1462472276033211227, 0.5989999999999999769 ) ) ;
#2684 = FILL_AREA_STYLE_COLOUR ( '', #6275 ) ;
#2685 = CARTESIAN_POINT ( 'NONE',  ( -1.350000000000000311, 0.8000000000000002665, 0.0000000000000000000 ) ) ;
#2686 = DIRECTION ( 'NONE',  ( -0.0000000000000000000, -0.0000000000000000000, -1.000000000000000000 ) ) ;
#2687 = FILL_AREA_STYLE_COLOUR ( '', #76 ) ;
#2688 = VERTEX_POINT ( 'NONE', #5584 ) ;
#2689 = CARTESIAN_POINT ( 'NONE',  ( -1.850000000000000089, 0.2750000000000000222, -0.5500000000000000444 ) ) ;
#2690 = DIRECTION ( 'NONE',  ( -0.0000000000000000000, 0.0000000000000000000, 1.000000000000000000 ) ) ;
#2691 = ORIENTED_EDGE ( 'NONE', *, *, #4300, .F. ) ;
#2692 = CARTESIAN_POINT ( 'NONE',  ( 0.05944368121785965908, -0.1852716178472235964, 0.5999999999999999778 ) ) ;
#2693 = SURFACE_SIDE_STYLE ('',( #2453 ) ) ;
#2694 = EDGE_CURVE ( 'NONE', #4877, #2487, #3345, .T. ) ;
#2695 = ORIENTED_EDGE ( 'NONE', *, *, #2347, .F. ) ;
#2696 = DIRECTION ( 'NONE',  ( -1.355252715606880543E-16, -1.000000000000000000, -0.0000000000000000000 ) ) ;
#2697 = STYLED_ITEM ( 'NONE', ( #4063 ), #1486 ) ;
#2698 = PLANE ( 'NONE',  #2119 ) ;
#2699 = VECTOR ( 'NONE', #3162, 1000.000000000000000 ) ;
#2700 = EDGE_CURVE ( 'NONE', #6225, #5980, #4555, .T. ) ;
#2701 = VERTEX_POINT ( 'NONE', #871 ) ;
#2702 = FILL_AREA_STYLE_COLOUR ( '', #6499 ) ;
#2703 = ORIENTED_EDGE ( 'NONE', *, *, #3647, .F. ) ;
#2704 = CARTESIAN_POINT ( 'NONE',  ( -0.5902223001512224565, -0.03689778219677045806, -0.5999999999999999778 ) ) ;
#2705 = FILL_AREA_STYLE ('',( #5667 ) ) ;
#2706 = CARTESIAN_POINT ( 'NONE',  ( 0.2451144129251767445, 0.2147283821527764813, 0.5989999999999999769 ) ) ;
#2707 = ORIENTED_EDGE ( 'NONE', *, *, #4054, .T. ) ;
#2708 =( NAMED_UNIT ( * ) SI_UNIT ( $, .STERADIAN. ) SOLID_ANGLE_UNIT ( ) );
#2709 =( NAMED_UNIT ( * ) SI_UNIT ( $, .STERADIAN. ) SOLID_ANGLE_UNIT ( ) );
#2710 = CARTESIAN_POINT ( 'NONE',  ( 0.1503800777322270299, 0.1320283184811610333, -0.5999999999999999778 ) ) ;
#2711 = AXIS2_PLACEMENT_3D ( 'NONE', #3576, #3037, #4173 ) ;
#2712 = VECTOR ( 'NONE', #5831, 1000.000000000000000 ) ;
#2713 = SURFACE_STYLE_USAGE ( .BOTH. , #5702 ) ;
#2714 = ORIENTED_EDGE ( 'NONE', *, *, #889, .F. ) ;
#2715 = CARTESIAN_POINT ( 'NONE',  ( -0.3717962330780518188, 0.03272874219347342989, -0.5989999999999999769 ) ) ;
#2716 =( NAMED_UNIT ( * ) PLANE_ANGLE_UNIT ( ) SI_UNIT ( $, .RADIAN. ) );
#2717 = CARTESIAN_POINT ( 'NONE',  ( 0.2182785536580317820, -0.1245621181812736483, -0.5999999999999998668 ) ) ;
#2718 = SURFACE_STYLE_USAGE ( .BOTH. , #5685 ) ;
#2719 = VECTOR ( 'NONE', #6666, 1000.000000000000000 ) ;
#2720 = UNCERTAINTY_MEASURE_WITH_UNIT (LENGTH_MEASURE( 1.000000000000000082E-05 ), #4824, 'distance_accuracy_value', 'NONE');
#2721 =( GEOMETRIC_REPRESENTATION_CONTEXT ( 3 ) GLOBAL_UNCERTAINTY_ASSIGNED_CONTEXT ( ( #4096 ) ) GLOBAL_UNIT_ASSIGNED_CONTEXT ( ( #1470, #5045, #3842 ) ) REPRESENTATION_CONTEXT ( 'NONE', 'WORKASPACE' ) );
#2722 = DIRECTION ( 'NONE',  ( 1.000000000000000000, 0.0000000000000000000, 0.0000000000000000000 ) ) ;
#2723 = AXIS2_PLACEMENT_3D ( 'NONE', #4073, #6969, #2357 ) ;
#2724 = CARTESIAN_POINT ( 'NONE',  ( -0.2921788132000143201, -0.06410318425805007492, -0.5989999999999999769 ) ) ;
#2725 = FILL_AREA_STYLE ('',( #1611 ) ) ;
#2726 = EDGE_CURVE ( 'NONE', #237, #1266, #4177, .T. ) ;
#2727 = SURFACE_SIDE_STYLE ('',( #5109 ) ) ;
#2728 = PRESENTATION_LAYER_ASSIGNMENT (  '', '', ( #7353 ) ) ;
#2729 = FACE_OUTER_BOUND ( 'NONE', #1522, .T. ) ;
#2730 = LINE ( 'NONE', #6411, #7620 ) ;
#2731 = DIRECTION ( 'NONE',  ( 0.08715574274765516827, 0.0000000000000000000, -0.9961946980917458783 ) ) ;
#2732 = ORIENTED_EDGE ( 'NONE', *, *, #2930, .F. ) ;
#2733 = CARTESIAN_POINT ( 'NONE',  ( 0.2922994387447024334, 0.1657391277615032077, -0.6000000000000000888 ) ) ;
#2734 = CARTESIAN_POINT ( 'NONE',  ( 0.2361365994892247744, -0.09148150588456091525, -0.6000000000000000888 ) ) ;
#2735 = CARTESIAN_POINT ( 'NONE',  ( -0.3937474525902470157, -0.1210441236601850767, -0.5999999999999999778 ) ) ;
#2736 =( LENGTH_UNIT ( ) NAMED_UNIT ( * ) SI_UNIT ( .MILLI., .METRE. ) );
#2737 = CARTESIAN_POINT ( 'NONE',  ( -0.3377235964015533054, -0.06834173454502842637, -0.5990000000000000879 ) ) ;
#2738 = STYLED_ITEM ( 'NONE', ( #3405 ), #6273 ) ;
#2739 = CARTESIAN_POINT ( 'NONE',  ( 1.299902707606674701, -0.7200168666639226167, -0.5726146722824297930 ) ) ;
#2740 = ADVANCED_FACE ( 'NONE', ( #4906 ), #2182, .F. ) ;
#2741 = EDGE_CURVE ( 'NONE', #2907, #4142, #7494, .T. ) ;
#2742 = DIRECTION ( 'NONE',  ( -0.08715574274765516827, 0.0000000000000000000, 0.9961946980917458783 ) ) ;
#2743 = DIRECTION ( 'NONE',  ( 1.000000000000000000, -0.0000000000000000000, -0.0000000000000000000 ) ) ;
#2744 =( GEOMETRIC_REPRESENTATION_CONTEXT ( 3 ) GLOBAL_UNCERTAINTY_ASSIGNED_CONTEXT ( ( #6085 ) ) GLOBAL_UNIT_ASSIGNED_CONTEXT ( ( #4890, #218, #2627 ) ) REPRESENTATION_CONTEXT ( 'NONE', 'WORKASPACE' ) );
#2745 = CARTESIAN_POINT ( 'NONE',  ( 0.2626839085759011816, 0.01398331781048912231, 0.5999999999999999778 ) ) ;
#2746 = LINE ( 'NONE', #4672, #6159 ) ;
#2747 = ORIENTED_EDGE ( 'NONE', *, *, #3794, .F. ) ;
#2748 = CIRCLE ( 'NONE', #1760, 0.02999999999999997113 ) ;
#2749 = DIRECTION ( 'NONE',  ( -0.0000000000000000000, -0.0000000000000000000, -1.000000000000000000 ) ) ;
#2750 = ADVANCED_FACE ( 'NONE', ( #231, #602 ), #242, .F. ) ;
#2751 = CARTESIAN_POINT ( 'NONE',  ( -0.1705767208829299386, 0.1460290470715222277, -0.5989999999999999769 ) ) ;
#2752 =( GEOMETRIC_REPRESENTATION_CONTEXT ( 3 ) GLOBAL_UNCERTAINTY_ASSIGNED_CONTEXT ( ( #2364 ) ) GLOBAL_UNIT_ASSIGNED_CONTEXT ( ( #4805, #1885, #751 ) ) REPRESENTATION_CONTEXT ( 'NONE', 'WORKASPACE' ) );
#2753 = CARTESIAN_POINT ( 'NONE',  ( 0.4541949792618403259, -0.04721784327160095940, 0.5999999999999997558 ) ) ;
#2754 = FILL_AREA_STYLE ('',( #5108 ) ) ;
#2755 = DIRECTION ( 'NONE',  ( 0.0000000000000000000, 1.000000000000000000, 0.0000000000000000000 ) ) ;
#2756 = PLANE ( 'NONE',  #2253 ) ;
#2757 = ORIENTED_EDGE ( 'NONE', *, *, #3125, .F. ) ;
#2758 = SPHERICAL_SURFACE ( 'NONE', #2988, 0.02999999999999999889 ) ;
#2759 = AXIS2_PLACEMENT_3D ( 'NONE', #4933, #286, #1409 ) ;
#2760 = CARTESIAN_POINT ( 'NONE',  ( 0.4009070958520060679, -0.06400637394478454756, 0.5999999999999999778 ) ) ;
#2761 =( GEOMETRIC_REPRESENTATION_CONTEXT ( 3 ) GLOBAL_UNCERTAINTY_ASSIGNED_CONTEXT ( ( #7148 ) ) GLOBAL_UNIT_ASSIGNED_CONTEXT ( ( #6711, #4328, #1318 ) ) REPRESENTATION_CONTEXT ( 'NONE', 'WORKASPACE' ) );
#2762 = VECTOR ( 'NONE', #6363, 1000.000000000000000 ) ;
#2763 = ORIENTED_EDGE ( 'NONE', *, *, #6317, .T. ) ;
#2764 = SURFACE_SIDE_STYLE ('',( #5441 ) ) ;
#2765 = COLOUR_RGB ( '',0.5019607843137254832, 0.5019607843137254832, 0.5019607843137254832 ) ;
#2766 = CARTESIAN_POINT ( 'NONE',  ( 0.2647795155146180912, 0.1767144835439433959, -0.5990000000000000879 ) ) ;
#2767 = CIRCLE ( 'NONE', #2848, 0.01000000000000000368 ) ;
#2768 = VECTOR ( 'NONE', #796, 1000.000000000000000 ) ;
#2769 = CARTESIAN_POINT ( 'NONE',  ( -0.5474059891756128948, 0.1789558763398149122, -0.5989999999999999769 ) ) ;
#2770 =( NAMED_UNIT ( * ) PLANE_ANGLE_UNIT ( ) SI_UNIT ( $, .RADIAN. ) );
#2771 = ORIENTED_EDGE ( 'NONE', *, *, #3407, .T. ) ;
#2772 = CARTESIAN_POINT ( 'NONE',  ( -0.3714375762381471602, 0.01595550255402538448, -0.5989999999999998659 ) ) ;
#2773 = FILL_AREA_STYLE_COLOUR ( '', #4757 ) ;
#2774 = FACE_OUTER_BOUND ( 'NONE', #6276, .T. ) ;
#2775 = CARTESIAN_POINT ( 'NONE',  ( 0.4008532078482699434, -0.06097715776141362370, 0.5989999999999999769 ) ) ;
#2776 = CARTESIAN_POINT ( 'NONE',  ( 0.3964964498487773548, -0.1210441236601850767, -0.5999999999999999778 ) ) ;
#2777 = UNCERTAINTY_MEASURE_WITH_UNIT (LENGTH_MEASURE( 1.000000000000000082E-05 ), #269, 'distance_accuracy_value', 'NONE');
#2778 = LINE ( 'NONE', #5009, #4064 ) ;
#2779 = CARTESIAN_POINT ( 'NONE',  ( -0.2205052008345420866, 0.1788330287540401964, -0.5989999999999999769 ) ) ;
#2780 =( GEOMETRIC_REPRESENTATION_CONTEXT ( 3 ) GLOBAL_UNCERTAINTY_ASSIGNED_CONTEXT ( ( #6030 ) ) GLOBAL_UNIT_ASSIGNED_CONTEXT ( ( #3469, #5876, #7599 ) ) REPRESENTATION_CONTEXT ( 'NONE', 'WORKASPACE' ) );
#2781 = EDGE_CURVE ( 'NONE', #3046, #229, #7133, .T. ) ;
#2782 = VECTOR ( 'NONE', #1977, 1000.000000000000000 ) ;
#2783 =( NAMED_UNIT ( * ) PLANE_ANGLE_UNIT ( ) SI_UNIT ( $, .RADIAN. ) );
#2784 = EDGE_CURVE ( 'NONE', #4869, #2822, #5399, .T. ) ;
#2785 = CARTESIAN_POINT ( 'NONE',  ( -0.1705767208829299386, -0.08811729439189239232, -0.5990000000000680336 ) ) ;
#2786 = CIRCLE ( 'NONE', #7227, 0.02999999999999997113 ) ;
#2787 = B_SPLINE_CURVE_WITH_KNOTS ( 'NONE', 3,
 ( #942, #3334, #2149, #5794, #6858, #7456, #3926, #414, #4521, #520, #3435, #5872, #7568, #7009, #4086, #2935, #7639, #1711, #7544 ),
 .UNSPECIFIED., .F., .F.,
 ( 4, 1, 1, 1, 1, 1, 1, 1, 1, 1, 1, 1, 1, 1, 1, 1, 4 ),
 ( 0.0000000000000000000, 0.07082657255516286443, 0.1381690332798000409, 0.2024753315338425896, 0.2639737544135197234, 0.3233803205980374518, 0.3817976227131854028, 0.4393900745193892177, 0.4969027245459974318, 0.5546621696093699816, 0.6127418784921974115, 0.6715388363911721781, 0.7316557220901981351, 0.7942978116139530753, 0.8594822049793584551, 0.9276813254527899177, 1.000000000000000000 ),
 .UNSPECIFIED. ) ;
#2788 = CARTESIAN_POINT ( 'NONE',  ( 0.2302616937512164119, -0.1247026602455509336, -0.5999999999999999778 ) ) ;
#2789 = UNCERTAINTY_MEASURE_WITH_UNIT (LENGTH_MEASURE( 1.000000000000000082E-05 ), #1513, 'distance_accuracy_value', 'NONE');
#2790 = DIRECTION ( 'NONE',  ( 0.0000000000000000000, 0.0000000000000000000, -1.000000000000000000 ) ) ;
#2791 = FILL_AREA_STYLE_COLOUR ( '', #1670 ) ;
#2792 = VERTEX_POINT ( 'NONE', #5777 ) ;
#2793 =( NAMED_UNIT ( * ) PLANE_ANGLE_UNIT ( ) SI_UNIT ( $, .RADIAN. ) );
#2794 = LINE ( 'NONE', #2370, #1027 ) ;
#2795 = DIRECTION ( 'NONE',  ( 0.08682659386424780579, 0.08682659386424779191, -0.9924325091389669673 ) ) ;
#2796 = AXIS2_PLACEMENT_3D ( 'NONE', #2637, #812, #3178 ) ;
#2797 =( LENGTH_UNIT ( ) NAMED_UNIT ( * ) SI_UNIT ( .MILLI., .METRE. ) );
#2798 = CARTESIAN_POINT ( 'NONE',  ( -0.2724324891046430164, 0.1350220212279465148, -0.5999999999999999778 ) ) ;
#2799 =( GEOMETRIC_REPRESENTATION_CONTEXT ( 3 ) GLOBAL_UNCERTAINTY_ASSIGNED_CONTEXT ( ( #1402 ) ) GLOBAL_UNIT_ASSIGNED_CONTEXT ( ( #756, #6205, #3263 ) ) REPRESENTATION_CONTEXT ( 'NONE', 'WORKASPACE' ) );
#2800 =( NAMED_UNIT ( * ) PLANE_ANGLE_UNIT ( ) SI_UNIT ( $, .RADIAN. ) );
#2801 = CARTESIAN_POINT ( 'NONE',  ( -0.3717962330780518188, 0.03272874219347342989, -0.5989999999999999769 ) ) ;
#2802 = CARTESIAN_POINT ( 'NONE',  ( 0.4007480660274107542, -0.05506680140724379280, 0.5999999999999999778 ) ) ;
#2803 = ORIENTED_EDGE ( 'NONE', *, *, #1405, .F. ) ;
#2804 = CARTESIAN_POINT ( 'NONE',  ( -0.1064099773187257153, 0.1708259431283862262, 0.5989999999999999769 ) ) ;
#2805 = CARTESIAN_POINT ( 'NONE',  ( -0.5216208492813841913, 0.1227012885223313365, -0.5989999999999998659 ) ) ;
#2806 = SURFACE_SIDE_STYLE ('',( #6058 ) ) ;
#2807 = ADVANCED_FACE ( 'NONE', ( #5787 ), #6920, .T. ) ;
#2808 = CARTESIAN_POINT ( 'NONE',  ( -0.3609375052654643645, -0.03011310130390576142, -0.5989999999999998659 ) ) ;
#2809 = CARTESIAN_POINT ( 'NONE',  ( 1.270016866663922661, 0.7200168666639229498, -0.5699999999999999512 ) ) ;
#2810 = ORIENTED_EDGE ( 'NONE', *, *, #1906, .T. ) ;
#2811 = MECHANICAL_DESIGN_GEOMETRIC_PRESENTATION_REPRESENTATION (  '', ( #819 ), #4361 ) ;
#2812 = ORIENTED_EDGE ( 'NONE', *, *, #4840, .F. ) ;
#2813 =( NAMED_UNIT ( * ) PLANE_ANGLE_UNIT ( ) SI_UNIT ( $, .RADIAN. ) );
#2814 = FILL_AREA_STYLE_COLOUR ( '', #1113 ) ;
#2815 = ORIENTED_EDGE ( 'NONE', *, *, #3558, .F. ) ;
#2816 = PRESENTATION_STYLE_ASSIGNMENT (( #451 ) ) ;
#2817 = EDGE_LOOP ( 'NONE', ( #15, #936, #6738, #3690 ) ) ;
#2818 = ORIENTED_EDGE ( 'NONE', *, *, #3770, .T. ) ;
#2819 = FILL_AREA_STYLE ('',( #6866 ) ) ;
#2820 = CARTESIAN_POINT ( 'NONE',  ( 0.3078430714617621522, -0.1462472276033211227, 0.5999999999999999778 ) ) ;
#2821 = SURFACE_STYLE_FILL_AREA ( #3629 ) ;
#2822 = VERTEX_POINT ( 'NONE', #1595 ) ;
#2823 = CARTESIAN_POINT ( 'NONE',  ( -0.2393537903200950723, -0.08631522258008834936, -0.6000000000000000888 ) ) ;
#2824 = STYLED_ITEM ( 'NONE', ( #2258 ), #3034 ) ;
#2825 = CARTESIAN_POINT ( 'NONE',  ( 0.3993688028638024967, -0.04649693596290322556, 0.5999999999999998668 ) ) ;
#2826 = EDGE_CURVE ( 'NONE', #3711, #4608, #577, .T. ) ;
#2827 = CARTESIAN_POINT ( 'NONE',  ( -1.270016866663923105, 0.7200168666639229498, 0.5699999999999999512 ) ) ;
#2828 = CARTESIAN_POINT ( 'NONE',  ( 0.2034176599687627929, -0.09067209615100249587, -0.5999999999999997558 ) ) ;
#2829 = UNCERTAINTY_MEASURE_WITH_UNIT (LENGTH_MEASURE( 1.000000000000000082E-05 ), #7611, 'distance_accuracy_value', 'NONE');
#2830 = FILL_AREA_STYLE_COLOUR ( '', #1852 ) ;
#2831 = CARTESIAN_POINT ( 'NONE',  ( -0.2149936416146371876, 0.1789558763398149122, -0.5999999999999996447 ) ) ;
#2832 = CARTESIAN_POINT ( 'NONE',  ( 0.3507764857572652217, 0.006825131649425609549, 0.6000000000000000888 ) ) ;
#2833 = B_SPLINE_CURVE_WITH_KNOTS ( 'NONE', 3,
 ( #3387, #5709, #5078, #3355, #1020, #7487, #3956, #1606, #5766, #5136, #1515 ),
 .UNSPECIFIED., .F., .F.,
 ( 4, 1, 1, 1, 1, 1, 1, 1, 4 ),
 ( 0.0000000000000000000, 0.1451868664724697833, 0.2834426109197299426, 0.4165243659288289657, 0.5431811235350828548, 0.6651530826377138883, 0.7813602063127152997, 0.8927566556418089494, 1.000000000000000000 ),
 .UNSPECIFIED. ) ;
#2834 = VECTOR ( 'NONE', #5710, 1000.000000000000000 ) ;
#2835 = COLOUR_RGB ( '',1.000000000000000000, 1.000000000000000000, 1.000000000000000000 ) ;
#2836 = COLOUR_RGB ( '',0.5019607843137254832, 0.5019607843137254832, 0.5019607843137254832 ) ;
#2837 = MECHANICAL_DESIGN_GEOMETRIC_PRESENTATION_REPRESENTATION (  '', ( #7413 ), #6641 ) ;
#2838 = PRESENTATION_STYLE_ASSIGNMENT (( #2343 ) ) ;
#2839 = ORIENTED_EDGE ( 'NONE', *, *, #2256, .F. ) ;
#2840 = VECTOR ( 'NONE', #4689, 1000.000000000000000 ) ;
#2841 = CARTESIAN_POINT ( 'NONE',  ( 0.2676011681239527373, -0.08403496449025557591, -0.6000000000000000888 ) ) ;
#2842 = CARTESIAN_POINT ( 'NONE',  ( -0.2119067513707348360, -0.1210441236601850767, -0.5989999999999999769 ) ) ;
#2843 = LINE ( 'NONE', #758, #1090 ) ;
#2844 = MECHANICAL_DESIGN_GEOMETRIC_PRESENTATION_REPRESENTATION (  '', ( #3913 ), #5923 ) ;
#2845 = ORIENTED_EDGE ( 'NONE', *, *, #5468, .T. ) ;
#2846 = EDGE_CURVE ( 'NONE', #5398, #3346, #4000, .T. ) ;
#2847 = SURFACE_STYLE_USAGE ( .BOTH. , #7536 ) ;
#2848 = AXIS2_PLACEMENT_3D ( 'NONE', #5137, #6327, #2790 ) ;
#2849 = CARTESIAN_POINT ( 'NONE',  ( -0.5211674221024420461, 0.1213339251203026936, -0.5989999999999999769 ) ) ;
#2850 = CARTESIAN_POINT ( 'NONE',  ( 0.2139512245210665742, -0.09163448863566066305, -0.5989999999999998659 ) ) ;
#2851 = VERTEX_POINT ( 'NONE', #4475 ) ;
#2852 = CARTESIAN_POINT ( 'NONE',  ( -0.3156732360605929988, -0.08900187097003554870, -0.5990000000000000879 ) ) ;
#2853 = CARTESIAN_POINT ( 'NONE',  ( 0.3964964498487773548, -0.08811729439189239232, -0.5999999999999999778 ) ) ;
#2854 = VECTOR ( 'NONE', #6613, 1000.000000000000000 ) ;
#2855 = SURFACE_STYLE_USAGE ( .BOTH. , #6986 ) ;
#2856 = EDGE_CURVE ( 'NONE', #7377, #6225, #3621, .T. ) ;
#2857 = ORIENTED_EDGE ( 'NONE', *, *, #1984, .F. ) ;
#2858 =( NAMED_UNIT ( * ) SI_UNIT ( $, .STERADIAN. ) SOLID_ANGLE_UNIT ( ) );
#2859 = CARTESIAN_POINT ( 'NONE',  ( 0.5099110839951188634, 0.1789558763398149122, -0.5989999999999999769 ) ) ;
#2860 = ORIENTED_EDGE ( 'NONE', *, *, #3375, .F. ) ;
#2861 =( NAMED_UNIT ( * ) SI_UNIT ( $, .STERADIAN. ) SOLID_ANGLE_UNIT ( ) );
#2862 = VECTOR ( 'NONE', #7035, 1000.000000000000000 ) ;
#2863 = CARTESIAN_POINT ( 'NONE',  ( 0.3276178777387410701, -0.1450336671063865990, 0.6000000000000000888 ) ) ;
#2864 = CARTESIAN_POINT ( 'NONE',  ( -0.5281246663342384906, 0.1358089423982263844, -0.5989999999999998659 ) ) ;
#2865 = ORIENTED_EDGE ( 'NONE', *, *, #4911, .T. ) ;
#2866 = FILL_AREA_STYLE ('',( #2923 ) ) ;
#2867 = CARTESIAN_POINT ( 'NONE',  ( 0.4350534373154206769, 0.1708259431283862262, 0.5989999999999999769 ) ) ;
#2868 = VERTEX_POINT ( 'NONE', #369 ) ;
#2869 = FACE_OUTER_BOUND ( 'NONE', #1540, .T. ) ;
#2870 = UNCERTAINTY_MEASURE_WITH_UNIT (LENGTH_MEASURE( 1.000000000000000082E-05 ), #1086, 'distance_accuracy_value', 'NONE');
#2871 = CARTESIAN_POINT ( 'NONE',  ( 0.3099772178032255687, -0.1901496666277113778, 0.5989999999999999769 ) ) ;
#2872 = CARTESIAN_POINT ( 'NONE',  ( 0.3973673324704473098, -0.03838878860943743115, 0.5999999999999998668 ) ) ;
#2873 = ORIENTED_EDGE ( 'NONE', *, *, #3948, .T. ) ;
#2874 = VERTEX_POINT ( 'NONE', #2769 ) ;
#2875 = PRESENTATION_STYLE_ASSIGNMENT (( #1272 ) ) ;
#2876 =( NAMED_UNIT ( * ) PLANE_ANGLE_UNIT ( ) SI_UNIT ( $, .RADIAN. ) );
#2877 = CARTESIAN_POINT ( 'NONE',  ( 0.2301753885349328843, 0.01137472361619106150, 0.6000000000000000888 ) ) ;
#2878 = VECTOR ( 'NONE', #2524, 1000.000000000000000 ) ;
#2879 = CARTESIAN_POINT ( 'NONE',  ( 0.1560127744530264149, -0.07724167023672535992, -0.5989999999999999769 ) ) ;
#2880 =( GEOMETRIC_REPRESENTATION_CONTEXT ( 3 ) GLOBAL_UNCERTAINTY_ASSIGNED_CONTEXT ( ( #1917 ) ) GLOBAL_UNIT_ASSIGNED_CONTEXT ( ( #5356, #4121, #3010 ) ) REPRESENTATION_CONTEXT ( 'NONE', 'WORKASPACE' ) );
#2881 = EDGE_CURVE ( 'NONE', #1594, #2407, #5877, .T. ) ;
#2882 = PRESENTATION_LAYER_ASSIGNMENT (  '', '', ( #2385 ) ) ;
#2883 = FILL_AREA_STYLE_COLOUR ( '', #750 ) ;
#2884 = EDGE_CURVE ( 'NONE', #3116, #6160, #5483, .T. ) ;
#2885 = CARTESIAN_POINT ( 'NONE',  ( 1.349999999999999645, -0.2749999999999999667, -1.264937258345205155E-17 ) ) ;
#2886 =( NAMED_UNIT ( * ) PLANE_ANGLE_UNIT ( ) SI_UNIT ( $, .RADIAN. ) );
#2887 = VECTOR ( 'NONE', #1635, 1000.000000000000000 ) ;
#2888 = FILL_AREA_STYLE_COLOUR ( '', #2089 ) ;
#2889 = CARTESIAN_POINT ( 'NONE',  ( 0.2732189179977693172, 0.1367866158707935764, -0.6000000000000000888 ) ) ;
#2890 = FILL_AREA_STYLE ('',( #7575 ) ) ;
#2891 = ORIENTED_EDGE ( 'NONE', *, *, #6798, .F. ) ;
#2892 = CARTESIAN_POINT ( 'NONE',  ( -0.5269410501512226119, 0.1423705104861564263, -0.5989999999999999769 ) ) ;
#2893 =( GEOMETRIC_REPRESENTATION_CONTEXT ( 3 ) GLOBAL_UNCERTAINTY_ASSIGNED_CONTEXT ( ( #3889 ) ) GLOBAL_UNIT_ASSIGNED_CONTEXT ( ( #6708, #1993, #3172 ) ) REPRESENTATION_CONTEXT ( 'NONE', 'WORKASPACE' ) );
#2894 = DIRECTION ( 'NONE',  ( 1.000000000000000000, 0.0000000000000000000, 0.0000000000000000000 ) ) ;
#2895 = EDGE_LOOP ( 'NONE', ( #648, #1243, #3671, #3584 ) ) ;
#2896 = DIRECTION ( 'NONE',  ( -1.000000000000000000, 0.0000000000000000000, -5.330734548809087965E-16 ) ) ;
#2897 = CARTESIAN_POINT ( 'NONE',  ( 0.3813089863388495204, -0.1180594562190209473, 0.5989999999999999769 ) ) ;
#2898 = EDGE_CURVE ( 'NONE', #3233, #4425, #5956, .T. ) ;
#2899 =( GEOMETRIC_REPRESENTATION_CONTEXT ( 3 ) GLOBAL_UNCERTAINTY_ASSIGNED_CONTEXT ( ( #2926 ) ) GLOBAL_UNIT_ASSIGNED_CONTEXT ( ( #1974, #3704, #7191 ) ) REPRESENTATION_CONTEXT ( 'NONE', 'WORKASPACE' ) );
#2900 =( NAMED_UNIT ( * ) SI_UNIT ( $, .STERADIAN. ) SOLID_ANGLE_UNIT ( ) );
#2901 = CARTESIAN_POINT ( 'NONE',  ( -1.349999999999999867, -0.7200168666639226167, -0.5699999999999999512 ) ) ;
#2902 = CARTESIAN_POINT ( 'NONE',  ( 0.4009070958520060679, -0.06400637394478454756, 0.5999999999999999778 ) ) ;
#2903 = CARTESIAN_POINT ( 'NONE',  ( 0.4264385577181972198, 0.01923657392120006401, 0.6000000000000000888 ) ) ;
#2904 = SURFACE_SIDE_STYLE ('',( #3071 ) ) ;
#2905 =( GEOMETRIC_REPRESENTATION_CONTEXT ( 3 ) GLOBAL_UNCERTAINTY_ASSIGNED_CONTEXT ( ( #3477 ) ) GLOBAL_UNIT_ASSIGNED_CONTEXT ( ( #516, #2783, #3460 ) ) REPRESENTATION_CONTEXT ( 'NONE', 'WORKASPACE' ) );
#2906 = DIRECTION ( 'NONE',  ( 0.0000000000000000000, 0.0000000000000000000, 1.000000000000000000 ) ) ;
#2907 = VERTEX_POINT ( 'NONE', #5751 ) ;
#2908 = VECTOR ( 'NONE', #3347, 1000.000000000000000 ) ;
#2909 = EDGE_LOOP ( 'NONE', ( #6102, #5661, #5735, #4590, #3664 ) ) ;
#2910 = FILL_AREA_STYLE_COLOUR ( '', #6157 ) ;
#2911 = CARTESIAN_POINT ( 'NONE',  ( -0.6205767208829298109, -0.1210441236601850767, -0.5989999999999999769 ) ) ;
#2912 = DIRECTION ( 'NONE',  ( 0.08715574274765836016, -0.0000000000000000000, -0.9961946980917455452 ) ) ;
#2913 = DIRECTION ( 'NONE',  ( 0.08682659386424781967, -0.08682659386424779191, 0.9924325091389669673 ) ) ;
#2914 = DIRECTION ( 'NONE',  ( -1.000000000000000000, 0.0000000000000000000, 1.224646799147352961E-16 ) ) ;
#2915 = AXIS2_PLACEMENT_3D ( 'NONE', #1135, #3464, #5271 ) ;
#2916 = CIRCLE ( 'NONE', #5332, 0.03000000000000003011 ) ;
#2917 = ORIENTED_EDGE ( 'NONE', *, *, #1469, .T. ) ;
#2918 = AXIS2_PLACEMENT_3D ( 'NONE', #4315, #2068, #186 ) ;
#2919 = FILL_AREA_STYLE_COLOUR ( '', #3816 ) ;
#2920 = ORIENTED_EDGE ( 'NONE', *, *, #6034, .F. ) ;
#2921 = CARTESIAN_POINT ( 'NONE',  ( 0.2301753885349328566, 0.01137472361619105976, 0.5989999999999999769 ) ) ;
#2922 = FACE_OUTER_BOUND ( 'NONE', #5834, .T. ) ;
#2923 = FILL_AREA_STYLE_COLOUR ( '', #700 ) ;
#2924 = CARTESIAN_POINT ( 'NONE',  ( 0.3112496600616577735, -0.1461635494698473314, 0.5999999999999997558 ) ) ;
#2925 = CARTESIAN_POINT ( 'NONE',  ( 1.850000000000000089, 0.2750000000000000222, -0.5500000000000000444 ) ) ;
#2926 = UNCERTAINTY_MEASURE_WITH_UNIT (LENGTH_MEASURE( 1.000000000000000082E-05 ), #1974, 'distance_accuracy_value', 'NONE');
#2927 = PRESENTATION_LAYER_ASSIGNMENT (  '', '', ( #5705 ) ) ;
#2928 = EDGE_LOOP ( 'NONE', ( #2839, #6368, #3878 ) ) ;
#2929 = CARTESIAN_POINT ( 'NONE',  ( -0.06447915990732011604, 0.1460290470715222277, -0.5999999999999999778 ) ) ;
#2930 = EDGE_CURVE ( 'NONE', #2501, #2301, #2607, .T. ) ;
#2931 = PRESENTATION_STYLE_ASSIGNMENT (( #4747 ) ) ;
#2932 = VECTOR ( 'NONE', #4502, 1000.000000000000000 ) ;
#2933 = FILL_AREA_STYLE_COLOUR ( '', #3521 ) ;
#2934 = CARTESIAN_POINT ( 'NONE',  ( -0.2313118205209142852, 0.1785921591405809639, -0.5989999999999998659 ) ) ;
#2935 = CARTESIAN_POINT ( 'NONE',  ( -0.3298263535507660604, 0.005221428626624587468, -0.5989999999999999769 ) ) ;
#2936 = CARTESIAN_POINT ( 'NONE',  ( -0.3692668426485391509, -0.0002541559695930721129, -0.6000000000000001998 ) ) ;
#2937 =( NAMED_UNIT ( * ) SI_UNIT ( $, .STERADIAN. ) SOLID_ANGLE_UNIT ( ) );
#2938 = ORIENTED_EDGE ( 'NONE', *, *, #7402, .T. ) ;
#2939 = FACE_OUTER_BOUND ( 'NONE', #4716, .T. ) ;
#2940 = PRESENTATION_LAYER_ASSIGNMENT (  '', '', ( #1058 ) ) ;
#2941 = SURFACE_STYLE_USAGE ( .BOTH. , #1188 ) ;
#2942 = CARTESIAN_POINT ( 'NONE',  ( -0.8324871361935458625, 1.015288465802815843, 0.5989999999999999769 ) ) ;
#2943 = ORIENTED_EDGE ( 'NONE', *, *, #2103, .F. ) ;
#2944 = VECTOR ( 'NONE', #1295, 1000.000000000000000 ) ;
#2945 = SURFACE_STYLE_FILL_AREA ( #5715 ) ;
#2946 =( NAMED_UNIT ( * ) PLANE_ANGLE_UNIT ( ) SI_UNIT ( $, .RADIAN. ) );
#2947 = ADVANCED_FACE ( 'NONE', ( #1880 ), #3894, .T. ) ;
#2948 = CARTESIAN_POINT ( 'NONE',  ( 0.1477159620438993348, 0.1304802665837173359, -0.5999999999999999778 ) ) ;
#2949 = LINE ( 'NONE', #4536, #3111 ) ;
#2950 = VERTEX_POINT ( 'NONE', #7554 ) ;
#2951 = COLOUR_RGB ( '',1.000000000000000000, 1.000000000000000000, 1.000000000000000000 ) ;
#2952 = DIRECTION ( 'NONE',  ( 0.0000000000000000000, -1.000000000000000000, 0.0000000000000000000 ) ) ;
#2953 = EDGE_CURVE ( 'NONE', #7086, #7520, #2172, .T. ) ;
#2954 = CIRCLE ( 'NONE', #5681, 0.1599999999999999756 ) ;
#2955 = DIRECTION ( 'NONE',  ( 0.08715574274765516827, 0.0000000000000000000, 0.9961946980917458783 ) ) ;
#2956 = AXIS2_PLACEMENT_3D ( 'NONE', #6347, #5867, #3404 ) ;
#2957 = CARTESIAN_POINT ( 'NONE',  ( -0.2148221477121982081, 0.1460290470715222277, -0.5989999999999999769 ) ) ;
#2958 = ORIENTED_EDGE ( 'NONE', *, *, #3125, .T. ) ;
#2959 = VERTEX_POINT ( 'NONE', #3530 ) ;
#2960 = DIRECTION ( 'NONE',  ( 1.000000000000000000, 0.0000000000000000000, -5.330734548809088951E-16 ) ) ;
#2961 = SURFACE_STYLE_USAGE ( .BOTH. , #1293 ) ;
#2962 = EDGE_CURVE ( 'NONE', #1668, #6835, #5318, .T. ) ;
#2963 = CARTESIAN_POINT ( 'NONE',  ( 0.2252973397544451029, -0.1745246666277114056, 0.5989999999999999769 ) ) ;
#2964 = COLOUR_RGB ( '',0.2509803921568627416, 0.2509803921568627416, 0.2509803921568627416 ) ;
#2965 = PLANE ( 'NONE',  #3811 ) ;
#2966 =( NAMED_UNIT ( * ) PLANE_ANGLE_UNIT ( ) SI_UNIT ( $, .RADIAN. ) );
#2967 = CARTESIAN_POINT ( 'NONE',  ( -1.350000000000000089, 0.2749999999999999667, -1.235520112802293884E-17 ) ) ;
#2968 = ORIENTED_EDGE ( 'NONE', *, *, #4745, .F. ) ;
#2969 = LINE ( 'NONE', #4856, #1115 ) ;
#2970 = UNCERTAINTY_MEASURE_WITH_UNIT (LENGTH_MEASURE( 1.000000000000000082E-05 ), #6399, 'distance_accuracy_value', 'NONE');
#2971 = MECHANICAL_DESIGN_GEOMETRIC_PRESENTATION_REPRESENTATION (  '', ( #7443 ), #3350 ) ;
#2972 = CARTESIAN_POINT ( 'NONE',  ( 0.4544544718415796658, -0.06546094592652781929, 0.5989999999999998659 ) ) ;
#2973 = DIRECTION ( 'NONE',  ( 1.000000000000000000, 0.0000000000000000000, 0.0000000000000000000 ) ) ;
#2974 = ORIENTED_EDGE ( 'NONE', *, *, #6624, .F. ) ;
#2975 = CARTESIAN_POINT ( 'NONE',  ( 0.3556714171110845757, -0.1853516953311011572, 0.5999999999999993117 ) ) ;
#2976 = CARTESIAN_POINT ( 'NONE',  ( -0.2821195429627213480, 0.1300895291227066597, -0.5990000000000000879 ) ) ;
#2977 =( GEOMETRIC_REPRESENTATION_CONTEXT ( 3 ) GLOBAL_UNCERTAINTY_ASSIGNED_CONTEXT ( ( #3325 ) ) GLOBAL_UNIT_ASSIGNED_CONTEXT ( ( #3716, #3740, #6029 ) ) REPRESENTATION_CONTEXT ( 'NONE', 'WORKASPACE' ) );
#2978 = CARTESIAN_POINT ( 'NONE',  ( -0.2289032005073166343, -0.1207366136688922814, -0.5999999999999999778 ) ) ;
#2979 = CARTESIAN_POINT ( 'NONE',  ( -0.3468198152418918712, 0.1178681616149581390, -0.5999999999999993117 ) ) ;
#2980 =( NAMED_UNIT ( * ) SI_UNIT ( $, .STERADIAN. ) SOLID_ANGLE_UNIT ( ) );
#2981 = PRESENTATION_LAYER_ASSIGNMENT (  '', '', ( #7413 ) ) ;
#2982 = B_SPLINE_CURVE_WITH_KNOTS ( 'NONE', 3,
 ( #7232, #2540, #1286, #3721, #1312, #1260, #189, #6013, #771, #131, #4242, #721, #1907, #6036, #2499, #6631, #3084, #7211, #3674 ),
 .UNSPECIFIED., .F., .F.,
 ( 4, 1, 1, 1, 1, 1, 1, 1, 1, 1, 1, 1, 1, 1, 1, 1, 4 ),
 ( 0.0000000000000000000, 0.06488527681657797752, 0.1271384161393489809, 0.1873270973904664904, 0.2461955700795512014, 0.3038706566704954537, 0.3616887795469063138, 0.4199839335589395373, 0.4796231941939218535, 0.5398249918547913806, 0.6002412912934528277, 0.6615031316206386736, 0.7239598388480761315, 0.7888282650204218038, 0.8559495557432338364, 0.9264211154567251194, 1.000000000000000000 ),
 .UNSPECIFIED. ) ;
#2983 = SURFACE_SIDE_STYLE ('',( #5336 ) ) ;
#2984 = ADVANCED_FACE ( 'NONE', ( #2355 ), #6966, .T. ) ;
#2985 = DIRECTION ( 'NONE',  ( 1.355252715606880543E-16, 1.000000000000000000, -0.0000000000000000000 ) ) ;
#2986 = VECTOR ( 'NONE', #7362, 1000.000000000000000 ) ;
#2987 = ORIENTED_EDGE ( 'NONE', *, *, #6721, .F. ) ;
#2988 = AXIS2_PLACEMENT_3D ( 'NONE', #7467, #1566, #6869 ) ;
#2989 =( LENGTH_UNIT ( ) NAMED_UNIT ( * ) SI_UNIT ( .MILLI., .METRE. ) );
#2990 = EDGE_CURVE ( 'NONE', #1025, #6225, #5601, .T. ) ;
#2991 = VERTEX_POINT ( 'NONE', #2294 ) ;
#2992 = AXIS2_PLACEMENT_3D ( 'NONE', #777, #7314, #3806 ) ;
#2993 = MECHANICAL_DESIGN_GEOMETRIC_PRESENTATION_REPRESENTATION (  '', ( #911 ), #5289 ) ;
#2994 = CARTESIAN_POINT ( 'NONE',  ( 0.2301753885349328843, 0.01137472361619106150, 0.5989999999999999769 ) ) ;
#2995 = CARTESIAN_POINT ( 'NONE',  ( -0.3070809132786876394, 0.1099468963208857925, -0.5989999999999998659 ) ) ;
#2996 = ORIENTED_EDGE ( 'NONE', *, *, #6997, .T. ) ;
#2997 = DIRECTION ( 'NONE',  ( 1.224646799147352961E-16, 0.0000000000000000000, -1.000000000000000000 ) ) ;
#2998 = CARTESIAN_POINT ( 'NONE',  ( -0.3546336333434918497, 0.1057874902340749101, -0.5989999999999999769 ) ) ;
#2999 = SURFACE_STYLE_USAGE ( .BOTH. , #6521 ) ;
#3000 =( GEOMETRIC_REPRESENTATION_CONTEXT ( 3 ) GLOBAL_UNCERTAINTY_ASSIGNED_CONTEXT ( ( #523 ) ) GLOBAL_UNIT_ASSIGNED_CONTEXT ( ( #4009, #548, #6427 ) ) REPRESENTATION_CONTEXT ( 'NONE', 'WORKASPACE' ) );
#3001 = FILL_AREA_STYLE_COLOUR ( '', #1803 ) ;
#3002 = PRESENTATION_STYLE_ASSIGNMENT (( #7140 ) ) ;
#3003 = SURFACE_STYLE_USAGE ( .BOTH. , #3683 ) ;
#3004 = FILL_AREA_STYLE_COLOUR ( '', #3226 ) ;
#3005 =( LENGTH_UNIT ( ) NAMED_UNIT ( * ) SI_UNIT ( .MILLI., .METRE. ) );
#3006 =( NAMED_UNIT ( * ) PLANE_ANGLE_UNIT ( ) SI_UNIT ( $, .RADIAN. ) );
#3007 = PRESENTATION_STYLE_ASSIGNMENT (( #6910 ) ) ;
#3008 = UNCERTAINTY_MEASURE_WITH_UNIT (LENGTH_MEASURE( 1.000000000000000082E-05 ), #6590, 'distance_accuracy_value', 'NONE');
#3009 = CARTESIAN_POINT ( 'NONE',  ( 0.4493524628299465640, -0.1011820040714032365, 0.5989999999999999769 ) ) ;
#3010 =( NAMED_UNIT ( * ) SI_UNIT ( $, .STERADIAN. ) SOLID_ANGLE_UNIT ( ) );
#3011 = PRESENTATION_LAYER_ASSIGNMENT (  '', '', ( #2515 ) ) ;
#3012 = EDGE_CURVE ( 'NONE', #4554, #7576, #5866, .T. ) ;
#3013 = PRESENTATION_LAYER_ASSIGNMENT (  '', '', ( #2254 ) ) ;
#3014 = LINE ( 'NONE', #5257, #5158 ) ;
#3015 = ORIENTED_EDGE ( 'NONE', *, *, #1492, .F. ) ;
#3016 = COLOUR_RGB ( '',1.000000000000000000, 1.000000000000000000, 1.000000000000000000 ) ;
#3017 = EDGE_CURVE ( 'NONE', #5813, #1310, #1959, .T. ) ;
#3018 = CARTESIAN_POINT ( 'NONE',  ( -1.049872501134293756, -0.7276980124117915505, 0.5989999999999999769 ) ) ;
#3019 = CARTESIAN_POINT ( 'NONE',  ( 0.2965267989080491717, -0.1900485350292197007, 0.5999999999999999778 ) ) ;
#3020 = CARTESIAN_POINT ( 'NONE',  ( -0.5269410501512226119, 0.1423705104861564263, -0.5989999999999999769 ) ) ;
#3021 = CARTESIAN_POINT ( 'NONE',  ( 0.2285707267423864042, -0.09167650155209325358, -0.5989999999999999769 ) ) ;
#3022 = CARTESIAN_POINT ( 'NONE',  ( -0.3609217006308179099, 0.09279702887808255474, -0.5999999999999995337 ) ) ;
#3023 = VERTEX_POINT ( 'NONE', #3448 ) ;
#3024 = FACE_OUTER_BOUND ( 'NONE', #1049, .T. ) ;
#3025 = CARTESIAN_POINT ( 'NONE',  ( 0.3305594453571539804, 0.02136829511888840849, -0.5989999999999999769 ) ) ;
#3026 = SURFACE_STYLE_FILL_AREA ( #6619 ) ;
#3027 = CARTESIAN_POINT ( 'NONE',  ( 0.1765168519495669830, 0.1708259431283862262, 0.5999999999999999778 ) ) ;
#3028 = VERTEX_POINT ( 'NONE', #6433 ) ;
#3029 =( LENGTH_UNIT ( ) NAMED_UNIT ( * ) SI_UNIT ( .MILLI., .METRE. ) );
#3030 = DIRECTION ( 'NONE',  ( 0.0000000000000000000, -0.0000000000000000000, 1.000000000000000000 ) ) ;
#3031 =( GEOMETRIC_REPRESENTATION_CONTEXT ( 3 ) GLOBAL_UNCERTAINTY_ASSIGNED_CONTEXT ( ( #2404 ) ) GLOBAL_UNIT_ASSIGNED_CONTEXT ( ( #6237, #4334, #2668 ) ) REPRESENTATION_CONTEXT ( 'NONE', 'WORKASPACE' ) );
#3032 = EDGE_CURVE ( 'NONE', #1276, #2665, #6856, .T. ) ;
#3033 =( GEOMETRIC_REPRESENTATION_CONTEXT ( 3 ) GLOBAL_UNCERTAINTY_ASSIGNED_CONTEXT ( ( #5100 ) ) GLOBAL_UNIT_ASSIGNED_CONTEXT ( ( #1675, #5839, #4077 ) ) REPRESENTATION_CONTEXT ( 'NONE', 'WORKASPACE' ) );
#3034 = ADVANCED_FACE ( 'NONE', ( #1223 ), #1849, .F. ) ;
#3035 = ORIENTED_EDGE ( 'NONE', *, *, #7349, .F. ) ;
#3036 = VERTEX_POINT ( 'NONE', #4120 ) ;
#3037 = DIRECTION ( 'NONE',  ( -0.0000000000000000000, -1.000000000000000000, -0.0000000000000000000 ) ) ;
#3038 = LINE ( 'NONE', #7592, #5274 ) ;
#3039 =( GEOMETRIC_REPRESENTATION_CONTEXT ( 3 ) GLOBAL_UNCERTAINTY_ASSIGNED_CONTEXT ( ( #837 ) ) GLOBAL_UNIT_ASSIGNED_CONTEXT ( ( #3979, #410, #465 ) ) REPRESENTATION_CONTEXT ( 'NONE', 'WORKASPACE' ) );
#3040 = VECTOR ( 'NONE', #1321, 1000.000000000000000 ) ;
#3041 = PRESENTATION_LAYER_ASSIGNMENT (  '', '', ( #3543 ) ) ;
#3042 = DIRECTION ( 'NONE',  ( -1.000000000000000000, 0.0000000000000000000, 0.0000000000000000000 ) ) ;
#3043 = CARTESIAN_POINT ( 'NONE',  ( 0.2626839085759011816, 0.01398331781048912231, 0.5999999999999999778 ) ) ;
#3044 = DIRECTION ( 'NONE',  ( 0.0000000000000000000, 0.9961946980917455452, -0.08715574274765805485 ) ) ;
#3045 = ORIENTED_EDGE ( 'NONE', *, *, #7030, .T. ) ;
#3046 = VERTEX_POINT ( 'NONE', #4817 ) ;
#3047 = CARTESIAN_POINT ( 'NONE',  ( 0.2939434657500256676, -0.06756745807984614050, -0.5989999999999999769 ) ) ;
#3048 = CARTESIAN_POINT ( 'NONE',  ( -0.3376931789691472452, 0.1291345637138614777, -0.5999999999999999778 ) ) ;
#3049 = CARTESIAN_POINT ( 'NONE',  ( 0.2277391509579775597, -0.1757934782394190987, 0.5989999999999999769 ) ) ;
#3050 =( NAMED_UNIT ( * ) SI_UNIT ( $, .STERADIAN. ) SOLID_ANGLE_UNIT ( ) );
#3051 = UNCERTAINTY_MEASURE_WITH_UNIT (LENGTH_MEASURE( 1.000000000000000082E-05 ), #1138, 'distance_accuracy_value', 'NONE');
#3052 = DIRECTION ( 'NONE',  ( 0.0000000000000000000, 1.000000000000000000, 0.0000000000000000000 ) ) ;
#3053 = CARTESIAN_POINT ( 'NONE',  ( 0.3078430714617621522, -0.1462472276033211227, 0.5999999999999999778 ) ) ;
#3054 = COLOUR_RGB ( '',0.2509803921568627416, 0.2509803921568627416, 0.2509803921568627416 ) ;
#3055 = VERTEX_POINT ( 'NONE', #7130 ) ;
#3056 = SURFACE_STYLE_FILL_AREA ( #966 ) ;
#3057 = STYLED_ITEM ( 'NONE', ( #7578 ), #3195 ) ;
#3058 = SURFACE_STYLE_USAGE ( .BOTH. , #693 ) ;
#3059 =( NAMED_UNIT ( * ) SI_UNIT ( $, .STERADIAN. ) SOLID_ANGLE_UNIT ( ) );
#3060 = EDGE_CURVE ( 'NONE', #5797, #7259, #211, .T. ) ;
#3061 = EDGE_LOOP ( 'NONE', ( #4985, #1718, #4390, #5758, #183, #5563, #2650, #6918, #7210, #3854 ) ) ;
#3062 = ORIENTED_EDGE ( 'NONE', *, *, #3340, .T. ) ;
#3063 = CARTESIAN_POINT ( 'NONE',  ( 0.2252973397544450751, -0.1255155202862479891, 0.5999999999999999778 ) ) ;
#3064 =( LENGTH_UNIT ( ) NAMED_UNIT ( * ) SI_UNIT ( .MILLI., .METRE. ) );
#3065 = CARTESIAN_POINT ( 'NONE',  ( -1.297506801884445782, 0.7200168666639229498, 0.5999999999999999778 ) ) ;
#3066 = CARTESIAN_POINT ( 'NONE',  ( 0.005785144632493820216, -0.1852716178472235964, 0.5999999999999999778 ) ) ;
#3067 = CARTESIAN_POINT ( 'NONE',  ( 0.3305594453571539804, 0.02136829511888840849, -0.5989999999999999769 ) ) ;
#3068 = CARTESIAN_POINT ( 'NONE',  ( 0.3228352556045576693, -0.09372166588781026542, -0.5999999999999997558 ) ) ;
#3069 = PLANE ( 'NONE',  #4013 ) ;
#3070 = CARTESIAN_POINT ( 'NONE',  ( 0.5099110839951188634, -0.08811729439189239232, -0.5989999999999999769 ) ) ;
#3071 = SURFACE_STYLE_FILL_AREA ( #4698 ) ;
#3072 = VECTOR ( 'NONE', #3937, 1000.000000000000227 ) ;
#3073 = DIRECTION ( 'NONE',  ( -0.08682659386424836090, -0.08682659386424836090, -0.9924325091389670783 ) ) ;
#3074 = ADVANCED_FACE ( 'NONE', ( #6497 ), #1819, .T. ) ;
#3075 = PLANE ( 'NONE',  #6491 ) ;
#3076 = CARTESIAN_POINT ( 'NONE',  ( 0.2080166281730857492, 0.1825405965750940829, -0.5999999999999998668 ) ) ;
#3077 = ORIENTED_EDGE ( 'NONE', *, *, #720, .T. ) ;
#3078 = ORIENTED_EDGE ( 'NONE', *, *, #7593, .T. ) ;
#3079 = CARTESIAN_POINT ( 'NONE',  ( 0.4154215646809792939, -0.1547396156808345802, 0.5999999999999992006 ) ) ;
#3080 = EDGE_CURVE ( 'NONE', #646, #2333, #1031, .T. ) ;
#3081 = AXIS2_PLACEMENT_3D ( 'NONE', #5290, #4050, #4651 ) ;
#3082 = CARTESIAN_POINT ( 'NONE',  ( 0.3859874307210021671, 0.04662320223080007597, 0.5989999999999998659 ) ) ;
#3083 = EDGE_CURVE ( 'NONE', #3954, #1647, #755, .T. ) ;
#3084 = CARTESIAN_POINT ( 'NONE',  ( 0.3258459697961020307, -0.1898735511732244086, 0.6000000000000000888 ) ) ;
#3085 = UNCERTAINTY_MEASURE_WITH_UNIT (LENGTH_MEASURE( 1.000000000000000082E-05 ), #4478, 'distance_accuracy_value', 'NONE');
#3086 = CARTESIAN_POINT ( 'NONE',  ( 0.3099772178032255687, -0.1901496666277113778, 0.5989999999999999769 ) ) ;
#3087 = CARTESIAN_POINT ( 'NONE',  ( 0.08917937667804562429, -0.1210441236601850767, -0.5999999999999999778 ) ) ;
#3088 = LINE ( 'NONE', #3897, #2834 ) ;
#3089 = CARTESIAN_POINT ( 'NONE',  ( 0.2857487383680733517, -0.07408449617660170516, -0.5989999999999999769 ) ) ;
#3090 = CARTESIAN_POINT ( 'NONE',  ( 0.1477159620438993348, 0.1304802665837173359, -0.5989999999999999769 ) ) ;
#3091 = DIRECTION ( 'NONE',  ( 0.0000000000000000000, -1.000000000000000000, 0.0000000000000000000 ) ) ;
#3092 = CARTESIAN_POINT ( 'NONE',  ( 0.2220361059691060568, 0.1496001828310948023, -0.5999999999999999778 ) ) ;
#3093 = VECTOR ( 'NONE', #790, 1000.000000000000000 ) ;
#3094 = ORIENTED_EDGE ( 'NONE', *, *, #5598, .F. ) ;
#3095 = AXIS2_PLACEMENT_3D ( 'NONE', #7065, #5311, #4614 ) ;
#3096 = LINE ( 'NONE', #7135, #4950 ) ;
#3097 =( NAMED_UNIT ( * ) SI_UNIT ( $, .STERADIAN. ) SOLID_ANGLE_UNIT ( ) );
#3098 = ORIENTED_EDGE ( 'NONE', *, *, #7090, .F. ) ;
#3099 = CIRCLE ( 'NONE', #7347, 0.02999999999999997113 ) ;
#3100 = CARTESIAN_POINT ( 'NONE',  ( -1.850000000000000089, 0.2750000000000000222, -0.5500000000000000444 ) ) ;
#3101 = CARTESIAN_POINT ( 'NONE',  ( 0.5501549864341431784, 0.1789558763398149122, -0.5989999999999999769 ) ) ;
#3102 = AXIS2_PLACEMENT_3D ( 'NONE', #3688, #4903, #6574 ) ;
#3103 = SURFACE_STYLE_FILL_AREA ( #7217 ) ;
#3104 = ADVANCED_FACE ( 'NONE', ( #5383 ), #3699, .T. ) ;
#3105 = CARTESIAN_POINT ( 'NONE',  ( 0.2746063122098372777, -0.1192590542237073198, -0.5990000000000001990 ) ) ;
#3106 = EDGE_CURVE ( 'NONE', #7342, #761, #5307, .T. ) ;
#3107 = MECHANICAL_DESIGN_GEOMETRIC_PRESENTATION_REPRESENTATION (  '', ( #4821 ), #6035 ) ;
#3108 = CARTESIAN_POINT ( 'NONE',  ( -0.06447915990732011604, 0.1789558763398149122, -0.5989999999999999769 ) ) ;
#3109 = CARTESIAN_POINT ( 'NONE',  ( 0.3657813396381343618, -0.02302025764223791446, -0.6000000000000001998 ) ) ;
#3110 = ORIENTED_EDGE ( 'NONE', *, *, #3555, .F. ) ;
#3111 = VECTOR ( 'NONE', #4560, 1000.000000000000114 ) ;
#3112 = VERTEX_POINT ( 'NONE', #842 ) ;
#3113 = CARTESIAN_POINT ( 'NONE',  ( 0.3496094785894774959, -0.06227438101437762080, -0.5999999999999997558 ) ) ;
#3114 = CARTESIAN_POINT ( 'NONE',  ( -0.5211674221024420461, 0.1213339251203026936, -0.5999999999999999778 ) ) ;
#3115 = PRESENTATION_STYLE_ASSIGNMENT (( #2713 ) ) ;
#3116 = VERTEX_POINT ( 'NONE', #5194 ) ;
#3117 = DIRECTION ( 'NONE',  ( -0.0000000000000000000, -0.0000000000000000000, 1.000000000000000000 ) ) ;
#3118 = CARTESIAN_POINT ( 'NONE',  ( 0.3306427913121919859, 0.02575465682761977210, -0.5989999999999999769 ) ) ;
#3119 = CARTESIAN_POINT ( 'NONE',  ( 0.2527627394621428936, 0.1452279401580202911, -0.6000000000000000888 ) ) ;
#3120 = ORIENTED_EDGE ( 'NONE', *, *, #1199, .F. ) ;
#3121 = CARTESIAN_POINT ( 'NONE',  ( -0.3692616414113045198, 0.06430674276764006270, -0.6000000000000000888 ) ) ;
#3122 = EDGE_LOOP ( 'NONE', ( #3045, #6084, #2434, #2920 ) ) ;
#3123 = AXIS2_PLACEMENT_3D ( 'NONE', #5180, #2188, #7067 ) ;
#3124 = CARTESIAN_POINT ( 'NONE',  ( 0.2148262270274847174, 0.1825894095944982365, -0.5999999999999999778 ) ) ;
#3125 = EDGE_CURVE ( 'NONE', #2660, #5305, #3525, .T. ) ;
#3126 = SURFACE_STYLE_FILL_AREA ( #3289 ) ;
#3127 = PRESENTATION_LAYER_ASSIGNMENT (  '', '', ( #4722 ) ) ;
#3128 = ORIENTED_EDGE ( 'NONE', *, *, #4819, .F. ) ;
#3129 = CARTESIAN_POINT ( 'NONE',  ( 0.1549725523089810209, 0.1736697789983465967, -0.5989999999999999769 ) ) ;
#3130 = COLOUR_RGB ( '',0.2509803921568627416, 0.2509803921568627416, 0.2509803921568627416 ) ;
#3131 = CARTESIAN_POINT ( 'NONE',  ( 0.4052246390294594880, -0.1630608030530724117, 0.5999999999999989786 ) ) ;
#3132 = CARTESIAN_POINT ( 'NONE',  ( 0.4544400460816699905, -0.05615104681976310769, 0.5999999999999999778 ) ) ;
#3133 = PRESENTATION_LAYER_ASSIGNMENT (  '', '', ( #2588 ) ) ;
#3134 = CIRCLE ( 'NONE', #3272, 0.02999999999999997113 ) ;
#3135 = FACE_OUTER_BOUND ( 'NONE', #236, .T. ) ;
#3136 = FILL_AREA_STYLE_COLOUR ( '', #4041 ) ;
#3137 = SURFACE_STYLE_USAGE ( .BOTH. , #1905 ) ;
#3138 = PRESENTATION_LAYER_ASSIGNMENT (  '', '', ( #1453 ) ) ;
#3139 = DIRECTION ( 'NONE',  ( -0.0000000000000000000, -0.0000000000000000000, -1.000000000000000000 ) ) ;
#3140 = SURFACE_STYLE_USAGE ( .BOTH. , #610 ) ;
#3142 = ADVANCED_FACE ( 'NONE', ( #5939 ), #2756, .T. ) ;
#3141 =( GEOMETRIC_REPRESENTATION_CONTEXT ( 3 ) GLOBAL_UNCERTAINTY_ASSIGNED_CONTEXT ( ( #421 ) ) GLOBAL_UNIT_ASSIGNED_CONTEXT ( ( #1180, #3494, #4682 ) ) REPRESENTATION_CONTEXT ( 'NONE', 'WORKASPACE' ) );
#3143 = CARTESIAN_POINT ( 'NONE',  ( 0.3380755586341018804, 0.1276701764958617646, -0.5989999999999999769 ) ) ;
#3144 = UNCERTAINTY_MEASURE_WITH_UNIT (LENGTH_MEASURE( 1.000000000000000082E-05 ), #5599, 'distance_accuracy_value', 'NONE');
#3145 = CARTESIAN_POINT ( 'NONE',  ( -0.5315713855170760560, 0.1213339251203026936, -0.5999999999999999778 ) ) ;
#3146 = SURFACE_SIDE_STYLE ('',( #4279 ) ) ;
#3147 = FILL_AREA_STYLE_COLOUR ( '', #7491 ) ;
#3148 = ORIENTED_EDGE ( 'NONE', *, *, #1281, .F. ) ;
#3149 = ORIENTED_EDGE ( 'NONE', *, *, #327, .T. ) ;
#3150 = VECTOR ( 'NONE', #7088, 1000.000000000000000 ) ;
#3151 = CARTESIAN_POINT ( 'NONE',  ( -0.6644791599073202049, -0.1210441236601850767, -0.5989999999999999769 ) ) ;
#3152 = CARTESIAN_POINT ( 'NONE',  ( 0.005785144632493820216, 0.1708259431283862262, 0.5999999999999999778 ) ) ;
#3153 = CARTESIAN_POINT ( 'NONE',  ( 0.3186434425640592982, 0.08780060842819246980, -0.5999999999999999778 ) ) ;
#3154 =( NAMED_UNIT ( * ) PLANE_ANGLE_UNIT ( ) SI_UNIT ( $, .RADIAN. ) );
#3155 = COLOUR_RGB ( '',0.5019607843137254832, 0.5019607843137254832, 0.5019607843137254832 ) ;
#3156 = CARTESIAN_POINT ( 'NONE',  ( 0.4455941543487577650, -0.01044185949824654250, 0.5989999999999999769 ) ) ;
#3157 = AXIS2_PLACEMENT_3D ( 'NONE', #5688, #3985, #389 ) ;
#3158 = EDGE_CURVE ( 'NONE', #6726, #4205, #4427, .T. ) ;
#3159 = CARTESIAN_POINT ( 'NONE',  ( -0.5259692513707348027, 0.1423705104861563986, -0.5999999999999999778 ) ) ;
#3160 = EDGE_CURVE ( 'NONE', #3451, #4187, #6104, .T. ) ;
#3161 = ORIENTED_EDGE ( 'NONE', *, *, #5163, .T. ) ;
#3162 = DIRECTION ( 'NONE',  ( -0.0000000000000000000, -1.000000000000000000, -0.0000000000000000000 ) ) ;
#3163 = VERTEX_POINT ( 'NONE', #6883 ) ;
#3164 = ADVANCED_FACE ( 'NONE', ( #390 ), #107, .T. ) ;
#3165 = CARTESIAN_POINT ( 'NONE',  ( -0.5273570589519405161, 0.1400642982948582527, -0.5999999999999999778 ) ) ;
#3166 = DIRECTION ( 'NONE',  ( -0.0000000000000000000, -0.0000000000000000000, 1.000000000000000000 ) ) ;
#3167 = VERTEX_POINT ( 'NONE', #964 ) ;
#3168 = CARTESIAN_POINT ( 'NONE',  ( 0.3603598304961237453, 0.08804669031637396559, -0.5989999999999999769 ) ) ;
#3169 = ADVANCED_FACE ( 'NONE', ( #4796 ), #301, .T. ) ;
#3170 = ORIENTED_EDGE ( 'NONE', *, *, #6012, .F. ) ;
#3171 = SURFACE_STYLE_USAGE ( .BOTH. , #874 ) ;
#3172 =( NAMED_UNIT ( * ) SI_UNIT ( $, .STERADIAN. ) SOLID_ANGLE_UNIT ( ) );
#3173 =( GEOMETRIC_REPRESENTATION_CONTEXT ( 3 ) GLOBAL_UNCERTAINTY_ASSIGNED_CONTEXT ( ( #1623 ) ) GLOBAL_UNIT_ASSIGNED_CONTEXT ( ( #1836, #2438, #6566 ) ) REPRESENTATION_CONTEXT ( 'NONE', 'WORKASPACE' ) );
#3174 = CARTESIAN_POINT ( 'NONE',  ( -0.5256194266289978545, 0.1402342427996901286, -0.5989999999999998659 ) ) ;
#3175 = CARTESIAN_POINT ( 'NONE',  ( 0.4350534373154206769, 0.1708259431283862262, 0.5989999999999999769 ) ) ;
#3176 = ORIENTED_EDGE ( 'NONE', *, *, #7328, .T. ) ;
#3177 = VERTEX_POINT ( 'NONE', #4663 ) ;
#3178 = DIRECTION ( 'NONE',  ( 0.0000000000000000000, 0.9961946980917455452, -0.08715574274765831853 ) ) ;
#3179 = CARTESIAN_POINT ( 'NONE',  ( -0.4376498916146371876, -0.1210441236601850767, -0.5989999999999999769 ) ) ;
#3180 = ADVANCED_FACE ( 'NONE', ( #3322 ), #26, .T. ) ;
#3181 = PRESENTATION_STYLE_ASSIGNMENT (( #6672 ) ) ;
#3182 = DIRECTION ( 'NONE',  ( -0.9961946980917454342, 0.0000000000000000000, -0.08715574274765894303 ) ) ;
#3183 = CARTESIAN_POINT ( 'NONE',  ( 0.4394727707514007875, -0.1248158948488622411, 0.5989999999999998659 ) ) ;
#3184 = MECHANICAL_DESIGN_GEOMETRIC_PRESENTATION_REPRESENTATION (  '', ( #5888 ), #3582 ) ;
#3185 = UNCERTAINTY_MEASURE_WITH_UNIT (LENGTH_MEASURE( 1.000000000000000082E-05 ), #1332, 'distance_accuracy_value', 'NONE');
#3186 = CARTESIAN_POINT ( 'NONE',  ( -0.1705767208829299386, -0.08811729439189239232, -0.5999999999999999778 ) ) ;
#3187 = CARTESIAN_POINT ( 'NONE',  ( 0.3707929292036752367, 0.01786013785027045636, -0.5989999999999999769 ) ) ;
#3188 = CARTESIAN_POINT ( 'NONE',  ( 0.3603598304961237453, 0.08804669031637396559, -0.5989999999999999769 ) ) ;
#3189 = FILL_AREA_STYLE_COLOUR ( '', #5130 ) ;
#3190 = PLANE ( 'NONE',  #1516 ) ;
#3191 =( LENGTH_UNIT ( ) NAMED_UNIT ( * ) SI_UNIT ( .MILLI., .METRE. ) );
#3192 = CARTESIAN_POINT ( 'NONE',  ( 0.1725292813234560463, 0.1423055209760613338, -0.5999999999999997558 ) ) ;
#3193 = COLOUR_RGB ( '',0.5019607843137254832, 0.5019607843137254832, 0.5019607843137254832 ) ;
#3194 = CARTESIAN_POINT ( 'NONE',  ( -0.07179623307805192700, -0.1210441236601850767, -0.5989999999999999769 ) ) ;
#3195 = ADVANCED_FACE ( 'NONE', ( #3872 ), #3417, .T. ) ;
#3196 = LINE ( 'NONE', #1980, #1817 ) ;
#3197 = PLANE ( 'NONE',  #7283 ) ;
#3198 = PRESENTATION_LAYER_ASSIGNMENT (  '', '', ( #2824 ) ) ;
#3199 = VERTEX_POINT ( 'NONE', #1163 ) ;
#3200 = LINE ( 'NONE', #2192, #7549 ) ;
#3201 = COLOUR_RGB ( '',0.2509803921568627416, 0.2509803921568627416, 0.2509803921568627416 ) ;
#3202 = EDGE_CURVE ( 'NONE', #669, #4621, #1848, .T. ) ;
#3203 =( NAMED_UNIT ( * ) SI_UNIT ( $, .STERADIAN. ) SOLID_ANGLE_UNIT ( ) );
#3204 = CARTESIAN_POINT ( 'NONE',  ( 0.3159985592666401666, 0.05863082117716668373, 0.5989999999999999769 ) ) ;
#3205 = ADVANCED_FACE ( 'NONE', ( #2578 ), #3523, .T. ) ;
#3206 = FACE_OUTER_BOUND ( 'NONE', #1406, .T. ) ;
#3207 = CARTESIAN_POINT ( 'NONE',  ( 0.1794302961419011744, 0.1797143776591307585, -0.5989999999999999769 ) ) ;
#3208 = CARTESIAN_POINT ( 'NONE',  ( -0.3315523306390275038, 0.03187127268127831065, -0.5999999999999999778 ) ) ;
#3209 = PRESENTATION_STYLE_ASSIGNMENT (( #1385 ) ) ;
#3210 = LINE ( 'NONE', #4637, #1644 ) ;
#3211 = VECTOR ( 'NONE', #1170, 1000.000000000000000 ) ;
#3212 = SURFACE_SIDE_STYLE ('',( #3884 ) ) ;
#3213 = DIRECTION ( 'NONE',  ( -1.000000000000000000, 0.0000000000000000000, -0.0000000000000000000 ) ) ;
#3214 = ORIENTED_EDGE ( 'NONE', *, *, #4379, .T. ) ;
#3215 = EDGE_LOOP ( 'NONE', ( #1937, #6503, #5843, #5918 ) ) ;
#3216 = CARTESIAN_POINT ( 'NONE',  ( 0.0000000000000000000, 0.0000000000000000000, 0.5989999999999999769 ) ) ;
#3217 = SURFACE_SIDE_STYLE ('',( #1452 ) ) ;
#3218 = LINE ( 'NONE', #3867, #7358 ) ;
#3219 = PRESENTATION_LAYER_ASSIGNMENT (  '', '', ( #3606 ) ) ;
#3220 = CARTESIAN_POINT ( 'NONE',  ( -1.646612987842787978, 0.2750000000000000222, -0.6999999999999997335 ) ) ;
#3221 = ORIENTED_EDGE ( 'NONE', *, *, #6962, .T. ) ;
#3222 = SURFACE_SIDE_STYLE ('',( #5931 ) ) ;
#3223 = CARTESIAN_POINT ( 'NONE',  ( 0.1992417168902546054, 0.1485727543651844951, -0.5999999999999998668 ) ) ;
#3224 = CARTESIAN_POINT ( 'NONE',  ( -0.5226009899721393293, 0.1256570189496610812, -0.5999999999999999778 ) ) ;
#3225 = EDGE_LOOP ( 'NONE', ( #2401, #843, #6823, #1190, #6195, #2810, #2511, #2865 ) ) ;
#3226 = COLOUR_RGB ( '',1.000000000000000000, 1.000000000000000000, 1.000000000000000000 ) ;
#3227 = DIRECTION ( 'NONE',  ( 0.08715574274765516827, 0.0000000000000000000, -0.9961946980917458783 ) ) ;
#3228 = CARTESIAN_POINT ( 'NONE',  ( 0.1562018413481278400, -0.1101792030519371524, -0.5999999999999998668 ) ) ;
#3229 = EDGE_CURVE ( 'NONE', #4787, #6523, #4551, .T. ) ;
#3230 = PRESENTATION_LAYER_ASSIGNMENT (  '', '', ( #81 ) ) ;
#3231 = DIRECTION ( 'NONE',  ( 1.000000000000000000, 0.0000000000000000000, 0.0000000000000000000 ) ) ;
#3232 =( NAMED_UNIT ( * ) SI_UNIT ( $, .STERADIAN. ) SOLID_ANGLE_UNIT ( ) );
#3233 = VERTEX_POINT ( 'NONE', #5438 ) ;
#3234 = PRESENTATION_STYLE_ASSIGNMENT (( #3441 ) ) ;
#3235 = EDGE_CURVE ( 'NONE', #193, #5056, #6567, .T. ) ;
#3236 = CARTESIAN_POINT ( 'NONE',  ( 1.646612987842787978, -0.2750000000000000222, -0.5400000000000000355 ) ) ;
#3237 = UNCERTAINTY_MEASURE_WITH_UNIT (LENGTH_MEASURE( 1.000000000000000082E-05 ), #6311, 'distance_accuracy_value', 'NONE');
#3238 = DIRECTION ( 'NONE',  ( -1.000000000000000000, 0.0000000000000000000, 0.0000000000000000000 ) ) ;
#3239 = FILL_AREA_STYLE ('',( #2622 ) ) ;
#3240 = LINE ( 'NONE', #730, #1037 ) ;
#3241 = CARTESIAN_POINT ( 'NONE',  ( 0.3043343704461793364, -0.1461960526540108107, 0.5999999999999998668 ) ) ;
#3242 = CARTESIAN_POINT ( 'NONE',  ( -0.06447915990732011604, 0.1460290470715222277, -0.5989999999999999769 ) ) ;
#3243 = DIRECTION ( 'NONE',  ( -1.000000000000000000, -7.255624324323616620E-15, 0.0000000000000000000 ) ) ;
#3244 = VERTEX_POINT ( 'NONE', #707 ) ;
#3245 = PLANE ( 'NONE',  #7175 ) ;
#3246 = CARTESIAN_POINT ( 'NONE',  ( -0.3692616414113045198, 0.06430674276764006270, -0.5989999999999999769 ) ) ;
#3247 = CARTESIAN_POINT ( 'NONE',  ( 0.3973977441306607017, 0.04116055824689628800, 0.6000000000000000888 ) ) ;
#3248 = DIRECTION ( 'NONE',  ( 0.0000000000000000000, 1.000000000000000000, 0.0000000000000000000 ) ) ;
#3249 = MECHANICAL_DESIGN_GEOMETRIC_PRESENTATION_REPRESENTATION (  '', ( #515 ), #6032 ) ;
#3250 = EDGE_CURVE ( 'NONE', #1206, #6038, #5556, .T. ) ;
#3251 = PRODUCT_CONTEXT ( 'NONE', #2676, 'mechanical' ) ;
#3252 = CARTESIAN_POINT ( 'NONE',  ( -0.2148221477121982081, 0.1460290470715222277, -0.5989999999999999769 ) ) ;
#3253 = PRESENTATION_LAYER_ASSIGNMENT (  '', '', ( #4195 ) ) ;
#3254 = VECTOR ( 'NONE', #5701, 1000.000000000000000 ) ;
#3255 = ORIENTED_EDGE ( 'NONE', *, *, #1586, .F. ) ;
#3256 = CARTESIAN_POINT ( 'NONE',  ( 0.2066399729786870809, -0.1236102232778498178, -0.5989999999999999769 ) ) ;
#3257 = CARTESIAN_POINT ( 'NONE',  ( 0.1765168519495669830, 0.2147283821527764813, 0.5989999999999999769 ) ) ;
#3258 = DIRECTION ( 'NONE',  ( 0.0000000000000000000, -1.000000000000000000, 0.0000000000000000000 ) ) ;
#3259 = SURFACE_STYLE_USAGE ( .BOTH. , #267 ) ;
#3260 = FACE_BOUND ( 'NONE', #3225, .T. ) ;
#3261 = SURFACE_STYLE_USAGE ( .BOTH. , #6842 ) ;
#3262 = MECHANICAL_DESIGN_GEOMETRIC_PRESENTATION_REPRESENTATION (  '', ( #6204 ), #5173 ) ;
#3263 =( NAMED_UNIT ( * ) SI_UNIT ( $, .STERADIAN. ) SOLID_ANGLE_UNIT ( ) );
#3264 = ADVANCED_FACE ( 'NONE', ( #484 ), #5369, .F. ) ;
#3265 = EDGE_CURVE ( 'NONE', #5398, #7526, #2018, .T. ) ;
#3266 = PLANE ( 'NONE',  #3715 ) ;
#3267 = PRESENTATION_LAYER_ASSIGNMENT (  '', '', ( #7374 ) ) ;
#3268 = DIRECTION ( 'NONE',  ( 0.0000000000000000000, -1.000000000000000000, 0.0000000000000000000 ) ) ;
#3269 = COLOUR_RGB ( '',1.000000000000000000, 1.000000000000000000, 1.000000000000000000 ) ;
#3270 = DIRECTION ( 'NONE',  ( -1.000000000000000000, 0.0000000000000000000, 0.0000000000000000000 ) ) ;
#3271 = FILL_AREA_STYLE ('',( #940 ) ) ;
#3272 = AXIS2_PLACEMENT_3D ( 'NONE', #2346, #544, #6519 ) ;
#3273 = CARTESIAN_POINT ( 'NONE',  ( 0.4455941543487577650, -0.01044185949824654250, 0.5999999999999998668 ) ) ;
#3274 = UNCERTAINTY_MEASURE_WITH_UNIT (LENGTH_MEASURE( 1.000000000000000082E-05 ), #5395, 'distance_accuracy_value', 'NONE');
#3275 = FACE_OUTER_BOUND ( 'NONE', #829, .T. ) ;
#3276 = DIRECTION ( 'NONE',  ( 0.0000000000000000000, 1.000000000000000000, 0.0000000000000000000 ) ) ;
#3277 = LINE ( 'NONE', #4524, #3829 ) ;
#3278 = ORIENTED_EDGE ( 'NONE', *, *, #2533, .T. ) ;
#3279 = PRESENTATION_STYLE_ASSIGNMENT (( #2999 ) ) ;
#3280 = CARTESIAN_POINT ( 'NONE',  ( -0.3314487958329083717, 0.02725651023008043156, -0.5999999999999999778 ) ) ;
#3281 = CARTESIAN_POINT ( 'NONE',  ( 0.4545656324373718582, -0.06072893492039429381, 0.5999999999999999778 ) ) ;
#3282 = PRESENTATION_LAYER_ASSIGNMENT (  '', '', ( #2285 ) ) ;
#3283 =( GEOMETRIC_REPRESENTATION_CONTEXT ( 3 ) GLOBAL_UNCERTAINTY_ASSIGNED_CONTEXT ( ( #2570 ) ) GLOBAL_UNIT_ASSIGNED_CONTEXT ( ( #6901, #6292, #3351 ) ) REPRESENTATION_CONTEXT ( 'NONE', 'WORKASPACE' ) );
#3284 = CARTESIAN_POINT ( 'NONE',  ( 0.1477159620438993348, -0.1054953431723802126, -0.5989999999999999769 ) ) ;
#3285 = ORIENTED_EDGE ( 'NONE', *, *, #4240, .T. ) ;
#3286 = FILL_AREA_STYLE_COLOUR ( '', #1790 ) ;
#3287 = CARTESIAN_POINT ( 'NONE',  ( 0.3078430714617621522, -0.1462472276033211227, 0.5989999999999999769 ) ) ;
#3288 = ORIENTED_EDGE ( 'NONE', *, *, #7114, .F. ) ;
#3289 = FILL_AREA_STYLE ('',( #1913 ) ) ;
#3290 = LINE ( 'NONE', #4418, #809 ) ;
#3291 = ORIENTED_EDGE ( 'NONE', *, *, #1654, .F. ) ;
#3292 = VECTOR ( 'NONE', #6689, 1000.000000000000000 ) ;
#3293 = COLOUR_RGB ( '',1.000000000000000000, 1.000000000000000000, 1.000000000000000000 ) ;
#3294 = CARTESIAN_POINT ( 'NONE',  ( 0.3740808755936816388, -0.005841803054505615746, 0.5999999999999998668 ) ) ;
#3295 = SURFACE_SIDE_STYLE ('',( #6456 ) ) ;
#3296 = ORIENTED_EDGE ( 'NONE', *, *, #6442, .F. ) ;
#3297 = CARTESIAN_POINT ( 'NONE',  ( 0.1833863660781328009, -0.08709161593990968897, -0.5999999999999997558 ) ) ;
#3298 = LINE ( 'NONE', #3287, #5993 ) ;
#3299 = ORIENTED_EDGE ( 'NONE', *, *, #3302, .T. ) ;
#3300 = VECTOR ( 'NONE', #4601, 1000.000000000000000 ) ;
#3301 = CARTESIAN_POINT ( 'NONE',  ( -0.07179623307805192700, -0.1210441236601850767, -0.5999999999999999778 ) ) ;
#3302 = EDGE_CURVE ( 'NONE', #4412, #2701, #743, .T. ) ;
#3303 = EDGE_LOOP ( 'NONE', ( #6075, #5596, #5498, #5255 ) ) ;
#3304 = CARTESIAN_POINT ( 'NONE',  ( 0.1477159620438993348, 0.1304802665837173359, -0.5989999999999999769 ) ) ;
#3305 = ORIENTED_EDGE ( 'NONE', *, *, #6206, .F. ) ;
#3306 = DIRECTION ( 'NONE',  ( 0.0000000000000000000, 1.000000000000000000, 0.0000000000000000000 ) ) ;
#3307 = CARTESIAN_POINT ( 'NONE',  ( -0.3239711646951853874, -0.01857970837052773730, -0.5999999999999998668 ) ) ;
#3308 = ORIENTED_EDGE ( 'NONE', *, *, #6153, .T. ) ;
#3309 =( NAMED_UNIT ( * ) SI_UNIT ( $, .STERADIAN. ) SOLID_ANGLE_UNIT ( ) );
#3310 = CARTESIAN_POINT ( 'NONE',  ( 0.0000000000000000000, 0.0000000000000000000, -0.5999999999999999778 ) ) ;
#3311 = CARTESIAN_POINT ( 'NONE',  ( -1.487221836148109100, 0.2750000000000000222, -0.5539449188396247115 ) ) ;
#3312 = EDGE_LOOP ( 'NONE', ( #6178, #2815, #1412, #760 ) ) ;
#3313 = DIRECTION ( 'NONE',  ( 0.0000000000000000000, 1.000000000000000000, 0.0000000000000000000 ) ) ;
#3314 = AXIS2_PLACEMENT_3D ( 'NONE', #3981, #5708, #466 ) ;
#3315 = DIRECTION ( 'NONE',  ( 0.07326583197257094393, 0.9973124474633647818, 0.0000000000000000000 ) ) ;
#3316 = CARTESIAN_POINT ( 'NONE',  ( 0.3267328234132136910, -0.01152348574948075521, -0.6000000000000000888 ) ) ;
#3317 = SURFACE_STYLE_FILL_AREA ( #4766 ) ;
#3318 = PRESENTATION_LAYER_ASSIGNMENT (  '', '', ( #2406 ) ) ;
#3319 = CARTESIAN_POINT ( 'NONE',  ( -0.2131643733219542591, -0.08811729439189239232, -0.5989999999999999769 ) ) ;
#3320 = PLANE ( 'NONE',  #2356 ) ;
#3321 = VERTEX_POINT ( 'NONE', #1868 ) ;
#3322 = FACE_OUTER_BOUND ( 'NONE', #2895, .T. ) ;
#3323 = CARTESIAN_POINT ( 'NONE',  ( 0.3973673324704473098, -0.03838878860943743115, 0.5999999999999998668 ) ) ;
#3324 = CARTESIAN_POINT ( 'NONE',  ( -0.5311970139800589186, 0.1225308754562358105, -0.5989999999999999769 ) ) ;
#3325 = UNCERTAINTY_MEASURE_WITH_UNIT (LENGTH_MEASURE( 1.000000000000000082E-05 ), #3716, 'distance_accuracy_value', 'NONE');
#3326 = DIRECTION ( 'NONE',  ( 0.0000000000000000000, -0.08715574274765837404, 0.9961946980917455452 ) ) ;
#3327 =( NAMED_UNIT ( * ) SI_UNIT ( $, .STERADIAN. ) SOLID_ANGLE_UNIT ( ) );
#3328 = FACE_OUTER_BOUND ( 'NONE', #5048, .T. ) ;
#3329 = ORIENTED_EDGE ( 'NONE', *, *, #496, .F. ) ;
#3330 = ORIENTED_EDGE ( 'NONE', *, *, #4175, .T. ) ;
#3331 = FILL_AREA_STYLE ('',( #5075 ) ) ;
#3332 = CARTESIAN_POINT ( 'NONE',  ( 0.3043343704461793364, -0.1461960526540108107, 0.5989999999999998659 ) ) ;
#3333 = EDGE_CURVE ( 'NONE', #646, #491, #4622, .T. ) ;
#3334 = CARTESIAN_POINT ( 'NONE',  ( -0.2176846439534261823, -0.08801958171685562993, -0.5989999999999999769 ) ) ;
#3335 = MECHANICAL_DESIGN_GEOMETRIC_PRESENTATION_REPRESENTATION (  '', ( #4128 ), #6377 ) ;
#3336 = DIRECTION ( 'NONE',  ( -1.000000000000000000, 0.0000000000000000000, -0.0000000000000000000 ) ) ;
#3337 = ORIENTED_EDGE ( 'NONE', *, *, #5403, .F. ) ;
#3338 = UNCERTAINTY_MEASURE_WITH_UNIT (LENGTH_MEASURE( 1.000000000000000082E-05 ), #2203, 'distance_accuracy_value', 'NONE');
#3339 = CARTESIAN_POINT ( 'NONE',  ( 0.3752974802875843618, -0.1238778742769622021, 0.5989999999999999769 ) ) ;
#3340 = EDGE_CURVE ( 'NONE', #6715, #4554, #581, .T. ) ;
#3341 = DIRECTION ( 'NONE',  ( -0.3635424856527064152, -0.9315776194850602376, 0.0000000000000000000 ) ) ;
#3342 = VERTEX_POINT ( 'NONE', #6024 ) ;
#3343 = SURFACE_STYLE_USAGE ( .BOTH. , #1593 ) ;
#3344 =( NAMED_UNIT ( * ) SI_UNIT ( $, .STERADIAN. ) SOLID_ANGLE_UNIT ( ) );
#3345 = LINE ( 'NONE', #6838, #7127 ) ;
#3346 = VERTEX_POINT ( 'NONE', #5961 ) ;
#3347 = DIRECTION ( 'NONE',  ( -0.0000000000000000000, -1.000000000000000000, -0.0000000000000000000 ) ) ;
#3348 = SURFACE_STYLE_USAGE ( .BOTH. , #2096 ) ;
#3349 = CARTESIAN_POINT ( 'NONE',  ( -0.2265028233567441263, -0.08782896306396943686, -0.5999999999999999778 ) ) ;
#3350 =( GEOMETRIC_REPRESENTATION_CONTEXT ( 3 ) GLOBAL_UNCERTAINTY_ASSIGNED_CONTEXT ( ( #82 ) ) GLOBAL_UNIT_ASSIGNED_CONTEXT ( ( #649, #5966, #78 ) ) REPRESENTATION_CONTEXT ( 'NONE', 'WORKASPACE' ) );
#3351 =( NAMED_UNIT ( * ) SI_UNIT ( $, .STERADIAN. ) SOLID_ANGLE_UNIT ( ) );
#3352 = CARTESIAN_POINT ( 'NONE',  ( -0.8324871361935458625, 0.7200168666639229498, 0.5699999999999999512 ) ) ;
#3353 = ORIENTED_EDGE ( 'NONE', *, *, #4802, .F. ) ;
#3354 = CARTESIAN_POINT ( 'NONE',  ( -0.2313118205209142852, 0.1785921591405809639, -0.5989999999999998659 ) ) ;
#3355 = CARTESIAN_POINT ( 'NONE',  ( 0.1980268546824844045, 0.1819284767953565085, -0.5999999999999999778 ) ) ;
#3356 = PRESENTATION_LAYER_ASSIGNMENT (  '', '', ( #6677 ) ) ;
#3357 = B_SPLINE_CURVE_WITH_KNOTS ( 'NONE', 3,
 ( #4333, #6179, #2002, #784, #7276, #3708, #3786, #3733, #3760, #4899, #277 ),
 .UNSPECIFIED., .F., .F.,
 ( 4, 1, 1, 1, 1, 1, 1, 1, 4 ),
 ( 0.0000000000000000000, 0.1352946047634291660, 0.2667656579247484339, 0.3948160188358724176, 0.5200516544342456138, 0.6421757029708218267, 0.7626518205584231769, 0.8818340043805016348, 1.000000000000000000 ),
 .UNSPECIFIED. ) ;
#3358 = PLANE ( 'NONE',  #2592 ) ;
#3359 = VERTEX_POINT ( 'NONE', #6614 ) ;
#3360 = PRODUCT_DEFINITION ( 'δ֪', '', #7156, #4750 ) ;
#3361 = VERTEX_POINT ( 'NONE', #1213 ) ;
#3362 =( NAMED_UNIT ( * ) PLANE_ANGLE_UNIT ( ) SI_UNIT ( $, .RADIAN. ) );
#3363 =( LENGTH_UNIT ( ) NAMED_UNIT ( * ) SI_UNIT ( .MILLI., .METRE. ) );
#3364 = ORIENTED_EDGE ( 'NONE', *, *, #2517, .T. ) ;
#3365 = AXIS2_PLACEMENT_3D ( 'NONE', #4239, #2675, #289 ) ;
#3366 = SURFACE_SIDE_STYLE ('',( #989 ) ) ;
#3367 = ADVANCED_FACE ( 'NONE', ( #5087 ), #3075, .T. ) ;
#3368 =( NAMED_UNIT ( * ) PLANE_ANGLE_UNIT ( ) SI_UNIT ( $, .RADIAN. ) );
#3369 = CARTESIAN_POINT ( 'NONE',  ( 0.4350534373154206769, 0.1708259431283862262, 0.5989999999999999769 ) ) ;
#3370 = CARTESIAN_POINT ( 'NONE',  ( 0.2789558763398109487, 0.05710643093326424335, 0.5989999999999999769 ) ) ;
#3371 = CARTESIAN_POINT ( 'NONE',  ( -0.2759120994598078247, -0.1107813686305701706, -0.5989999999999999769 ) ) ;
#3372 = COLOUR_RGB ( '',0.2509803921568627416, 0.2509803921568627416, 0.2509803921568627416 ) ;
#3373 = AXIS2_PLACEMENT_3D ( 'NONE', #2901, #4122, #4103 ) ;
#3374 = CARTESIAN_POINT ( 'NONE',  ( 0.3670271152196751818, -0.0009629522673732866973, 0.5989999999999999769 ) ) ;
#3375 = EDGE_CURVE ( 'NONE', #6523, #6108, #4327, .T. ) ;
#3376 =( NAMED_UNIT ( * ) SI_UNIT ( $, .STERADIAN. ) SOLID_ANGLE_UNIT ( ) );
#3377 =( GEOMETRIC_REPRESENTATION_CONTEXT ( 3 ) GLOBAL_UNCERTAINTY_ASSIGNED_CONTEXT ( ( #3237 ) ) GLOBAL_UNIT_ASSIGNED_CONTEXT ( ( #6311, #2800, #2709 ) ) REPRESENTATION_CONTEXT ( 'NONE', 'WORKASPACE' ) );
#3378 = CARTESIAN_POINT ( 'NONE',  ( 0.1648071419894917844, -0.08107059675269957799, -0.5999999999999999778 ) ) ;
#3379 = UNCERTAINTY_MEASURE_WITH_UNIT (LENGTH_MEASURE( 1.000000000000000082E-05 ), #851, 'distance_accuracy_value', 'NONE');
#3380 = VECTOR ( 'NONE', #2279, 1000.000000000000000 ) ;
#3381 = ORIENTED_EDGE ( 'NONE', *, *, #7322, .F. ) ;
#3382 = VECTOR ( 'NONE', #3166, 1000.000000000000000 ) ;
#3383 = COLOUR_RGB ( '',1.000000000000000000, 1.000000000000000000, 1.000000000000000000 ) ;
#3384 = CARTESIAN_POINT ( 'NONE',  ( -0.3468317615332924264, -0.05645377701572915075, -0.5999999999999996447 ) ) ;
#3385 = CARTESIAN_POINT ( 'NONE',  ( 0.2302616937512164119, -0.1247026602455509336, -0.5999999999999999778 ) ) ;
#3386 = STYLED_ITEM ( 'NONE', ( #6490 ), #437 ) ;
#3387 = CARTESIAN_POINT ( 'NONE',  ( 0.2183142852146310320, 0.1826144129251807413, -0.5999999999999999778 ) ) ;
#3388 = PRESENTATION_STYLE_ASSIGNMENT (( #1946 ) ) ;
#3389 = DIRECTION ( 'NONE',  ( -1.000000000000000000, 0.0000000000000000000, -1.224646799147352961E-16 ) ) ;
#3390 = DIRECTION ( 'NONE',  ( 0.9417224702971437322, 0.3363908276654480889, -0.0000000000000000000 ) ) ;
#3391 = PRESENTATION_STYLE_ASSIGNMENT (( #553 ) ) ;
#3392 = EDGE_LOOP ( 'NONE', ( #6269, #5651, #4236, #6256 ) ) ;
#3393 = CARTESIAN_POINT ( 'NONE',  ( 0.3169040998701276313, 0.1492327762523293910, -0.5989999999999999769 ) ) ;
#3394 = ORIENTED_EDGE ( 'NONE', *, *, #2539, .F. ) ;
#3395 = FACE_OUTER_BOUND ( 'NONE', #2655, .T. ) ;
#3396 = CARTESIAN_POINT ( 'NONE',  ( 0.3276178777387410701, -0.1450336671063865990, 0.5989999999999999769 ) ) ;
#3397 = ORIENTED_EDGE ( 'NONE', *, *, #3902, .T. ) ;
#3398 = CARTESIAN_POINT ( 'NONE',  ( -0.2176846439534261823, -0.08801958171685562993, -0.5999999999999999778 ) ) ;
#3399 = DIRECTION ( 'NONE',  ( -0.08715574274765836016, 0.0000000000000000000, -0.9961946980917455452 ) ) ;
#3400 = FACE_OUTER_BOUND ( 'NONE', #1161, .T. ) ;
#3401 = ORIENTED_EDGE ( 'NONE', *, *, #5890, .F. ) ;
#3402 = SURFACE_STYLE_FILL_AREA ( #7566 ) ;
#3403 = CARTESIAN_POINT ( 'NONE',  ( 0.3943638665233359930, -0.03086052188129574658, 0.5989999999999998659 ) ) ;
#3404 = DIRECTION ( 'NONE',  ( 0.0000000000000000000, 0.0000000000000000000, -1.000000000000000000 ) ) ;
#3405 = PRESENTATION_STYLE_ASSIGNMENT (( #4696 ) ) ;
#3406 = FILL_AREA_STYLE ('',( #2250 ) ) ;
#3407 = EDGE_CURVE ( 'NONE', #5425, #1975, #7366, .T. ) ;
#3408 = AXIS2_PLACEMENT_3D ( 'NONE', #4853, #7152, #6682 ) ;
#3409 = DIRECTION ( 'NONE',  ( -0.07419174491480177991, -0.9972439947106710445, 0.0000000000000000000 ) ) ;
#3410 = EDGE_CURVE ( 'NONE', #348, #3533, #5844, .T. ) ;
#3411 =( LENGTH_UNIT ( ) NAMED_UNIT ( * ) SI_UNIT ( .MILLI., .METRE. ) );
#3412 = MECHANICAL_DESIGN_GEOMETRIC_PRESENTATION_REPRESENTATION (  '', ( #6303 ), #6681 ) ;
#3413 = FACE_OUTER_BOUND ( 'NONE', #1738, .T. ) ;
#3414 = SURFACE_SIDE_STYLE ('',( #4758 ) ) ;
#3415 = DIRECTION ( 'NONE',  ( -1.000000000000000000, 0.0000000000000000000, 0.0000000000000000000 ) ) ;
#3416 = ORIENTED_EDGE ( 'NONE', *, *, #1256, .F. ) ;
#3417 = CYLINDRICAL_SURFACE ( 'NONE', #1041, 0.03000000000000002665 ) ;
#3418 = ORIENTED_EDGE ( 'NONE', *, *, #2667, .F. ) ;
#3419 = ORIENTED_EDGE ( 'NONE', *, *, #1432, .T. ) ;
#3420 = PRESENTATION_LAYER_ASSIGNMENT (  '', '', ( #5010 ) ) ;
#3421 = CARTESIAN_POINT ( 'NONE',  ( -1.588985775486360774, -0.2750000000000000222, 0.003944918839624810165 ) ) ;
#3422 = CARTESIAN_POINT ( 'NONE',  ( 0.005785144632493820216, 0.1708259431283862262, 0.5989999999999999769 ) ) ;
#3423 = EDGE_CURVE ( 'NONE', #7377, #202, #1841, .T. ) ;
#3424 = AXIS2_PLACEMENT_3D ( 'NONE', #2399, #7240, #4249 ) ;
#3425 = CARTESIAN_POINT ( 'NONE',  ( -0.2899992319985615352, -0.1048902123466513431, -0.5989999999999999769 ) ) ;
#3426 = VECTOR ( 'NONE', #3866, 1000.000000000000000 ) ;
#3427 = CARTESIAN_POINT ( 'NONE',  ( 1.270016866663922439, 0.7499027076066754338, 0.5726146722824297930 ) ) ;
#3428 = LINE ( 'NONE', #6096, #5390 ) ;
#3429 = STYLED_ITEM ( 'NONE', ( #4539 ), #182 ) ;
#3430 = FILL_AREA_STYLE_COLOUR ( '', #7537 ) ;
#3431 = FILL_AREA_STYLE_COLOUR ( '', #1812 ) ;
#3432 = CARTESIAN_POINT ( 'NONE',  ( -0.3032907851765423435, -0.09767991464800868107, -0.5990000000000000879 ) ) ;
#3433 = CARTESIAN_POINT ( 'NONE',  ( -0.2205052008345420866, 0.1788330287540401964, -0.5999999999999996447 ) ) ;
#3434 =( LENGTH_UNIT ( ) NAMED_UNIT ( * ) SI_UNIT ( .MILLI., .METRE. ) );
#3436 = ORIENTED_EDGE ( 'NONE', *, *, #6236, .F. ) ;
#3435 = CARTESIAN_POINT ( 'NONE',  ( -0.3077077548236545335, -0.04837823682880465492, -0.5989999999999999769 ) ) ;
#3437 =( GEOMETRIC_REPRESENTATION_CONTEXT ( 3 ) GLOBAL_UNCERTAINTY_ASSIGNED_CONTEXT ( ( #3700 ) ) GLOBAL_UNIT_ASSIGNED_CONTEXT ( ( #1201, #2389, #4728 ) ) REPRESENTATION_CONTEXT ( 'NONE', 'WORKASPACE' ) );
#3438 = STYLED_ITEM ( 'NONE', ( #1592 ), #4359 ) ;
#3439 = PLANE ( 'NONE',  #2915 ) ;
#3440 = SURFACE_SIDE_STYLE ('',( #4966 ) ) ;
#3441 = SURFACE_STYLE_USAGE ( .BOTH. , #5273 ) ;
#3442 = VERTEX_POINT ( 'NONE', #3684 ) ;
#3443 = CARTESIAN_POINT ( 'NONE',  ( 0.3078430714617621522, -0.1462472276033211227, 0.5999999999999999778 ) ) ;
#3444 = EDGE_LOOP ( 'NONE', ( #447, #3637, #2498, #7367, #3670, #501 ) ) ;
#3445 = CARTESIAN_POINT ( 'NONE',  ( -1.636651040861870854, 0.2750000000000000222, -0.5408715574274765014 ) ) ;
#3446 = DIRECTION ( 'NONE',  ( 1.000000000000000000, 0.0000000000000000000, 1.224646799147352961E-16 ) ) ;
#3447 = ORIENTED_EDGE ( 'NONE', *, *, #5231, .F. ) ;
#3448 = CARTESIAN_POINT ( 'NONE',  ( -0.2131643733219542591, -0.08811729439189239232, -0.5989999999999999769 ) ) ;
#3449 = CARTESIAN_POINT ( 'NONE',  ( 0.3368319616733806976, -0.1432890251351265076, 0.5999999999999998668 ) ) ;
#3450 = SURFACE_STYLE_FILL_AREA ( #1600 ) ;
#3451 = VERTEX_POINT ( 'NONE', #6073 ) ;
#3452 = DIRECTION ( 'NONE',  ( 0.0000000000000000000, -1.000000000000000000, 0.0000000000000000000 ) ) ;
#3453 = PRESENTATION_LAYER_ASSIGNMENT (  '', '', ( #3057 ) ) ;
#3454 = CARTESIAN_POINT ( 'NONE',  ( 0.005785144632493820216, -0.1852716178472235964, 0.5989999999999999769 ) ) ;
#3455 = EDGE_CURVE ( 'NONE', #1266, #3711, #1789, .T. ) ;
#3456 = DIRECTION ( 'NONE',  ( 0.0000000000000000000, 0.0000000000000000000, -1.000000000000000000 ) ) ;
#3457 = SURFACE_STYLE_USAGE ( .BOTH. , #6977 ) ;
#3458 = CARTESIAN_POINT ( 'NONE',  ( 0.1504736610825502807, -0.07412178015749880389, -0.6000000000000000888 ) ) ;
#3459 = LINE ( 'NONE', #6152, #4465 ) ;
#3460 =( NAMED_UNIT ( * ) SI_UNIT ( $, .STERADIAN. ) SOLID_ANGLE_UNIT ( ) );
#3461 =( LENGTH_UNIT ( ) NAMED_UNIT ( * ) SI_UNIT ( .MILLI., .METRE. ) );
#3462 = CARTESIAN_POINT ( 'NONE',  ( 0.3670271152196751818, -0.0009629522673732866973, 0.5989999999999999769 ) ) ;
#3463 = CARTESIAN_POINT ( 'NONE',  ( 1.270016866663922661, -0.7499027076066749897, 0.5726146722824297930 ) ) ;
#3464 = DIRECTION ( 'NONE',  ( -0.9407669869669987861, 0.3390537954853694025, 0.0000000000000000000 ) ) ;
#3465 = PRESENTATION_STYLE_ASSIGNMENT (( #6380 ) ) ;
#3466 = LINE ( 'NONE', #4119, #537 ) ;
#3467 = PRESENTATION_STYLE_ASSIGNMENT (( #4208 ) ) ;
#3468 = DIRECTION ( 'NONE',  ( 1.000000000000000000, 0.0000000000000000000, -1.224646799147352961E-16 ) ) ;
#3469 =( LENGTH_UNIT ( ) NAMED_UNIT ( * ) SI_UNIT ( .MILLI., .METRE. ) );
#3470 =( GEOMETRIC_REPRESENTATION_CONTEXT ( 3 ) GLOBAL_UNCERTAINTY_ASSIGNED_CONTEXT ( ( #5245 ) ) GLOBAL_UNIT_ASSIGNED_CONTEXT ( ( #5548, #2007, #3059 ) ) REPRESENTATION_CONTEXT ( 'NONE', 'WORKASPACE' ) );
#3471 = SURFACE_SIDE_STYLE ('',( #4955 ) ) ;
#3472 = EDGE_LOOP ( 'NONE', ( #3548, #5900, #7461, #2268 ) ) ;
#3473 = CIRCLE ( 'NONE', #2206, 0.03000000000000003011 ) ;
#3474 = FILL_AREA_STYLE ('',( #5800 ) ) ;
#3475 = CARTESIAN_POINT ( 'NONE',  ( 0.3752974802875843618, -0.1238778742769622021, 0.5999999999999999778 ) ) ;
#3476 = SURFACE_SIDE_STYLE ('',( #825 ) ) ;
#3477 = UNCERTAINTY_MEASURE_WITH_UNIT (LENGTH_MEASURE( 1.000000000000000082E-05 ), #516, 'distance_accuracy_value', 'NONE');
#3478 = CARTESIAN_POINT ( 'NONE',  ( 0.3993688028638024967, -0.04649693596290322556, 0.5999999999999998668 ) ) ;
#3479 = CARTESIAN_POINT ( 'NONE',  ( 0.4338898138558325845, 0.01005679747354898228, 0.5999999999999998668 ) ) ;
#3480 = PRESENTATION_STYLE_ASSIGNMENT (( #1549 ) ) ;
#3481 = ORIENTED_EDGE ( 'NONE', *, *, #255, .F. ) ;
#3482 = EDGE_CURVE ( 'NONE', #7601, #946, #2673, .T. ) ;
#3483 = SURFACE_SIDE_STYLE ('',( #5899 ) ) ;
#3484 = PRESENTATION_LAYER_ASSIGNMENT (  '', '', ( #6749 ) ) ;
#3485 = CARTESIAN_POINT ( 'NONE',  ( 0.1833863660781328009, -0.08709161593990968897, -0.5999999999999997558 ) ) ;
#3486 = ORIENTED_EDGE ( 'NONE', *, *, #4023, .F. ) ;
#3487 = LINE ( 'NONE', #5196, #3572 ) ;
#3488 = CARTESIAN_POINT ( 'NONE',  ( -0.2453606186679326562, -0.1186430880863783704, -0.5989999999999999769 ) ) ;
#3489 = CARTESIAN_POINT ( 'NONE',  ( -0.6205767208829298109, -0.1210441236601850767, -0.5989999999999999769 ) ) ;
#3490 = EDGE_LOOP ( 'NONE', ( #4726, #5144, #4816, #1926 ) ) ;
#3491 = VECTOR ( 'NONE', #7219, 1000.000000000000000 ) ;
#3492 = CARTESIAN_POINT ( 'NONE',  ( 0.3212204108761723687, 0.01355340070474980729, 0.5999999999999998668 ) ) ;
#3493 = EDGE_CURVE ( 'NONE', #5730, #3886, #4232, .T. ) ;
#3494 =( NAMED_UNIT ( * ) PLANE_ANGLE_UNIT ( ) SI_UNIT ( $, .RADIAN. ) );
#3495 = PLANE ( 'NONE',  #6100 ) ;
#3496 = LINE ( 'NONE', #7131, #364 ) ;
#3497 = ORIENTED_EDGE ( 'NONE', *, *, #2700, .T. ) ;
#3498 = DIRECTION ( 'NONE',  ( 0.9973124474633648928, -0.07326583197257095781, 0.0000000000000000000 ) ) ;
#3499 = EDGE_LOOP ( 'NONE', ( #3966, #4980, #5965, #6466 ) ) ;
#3500 =( GEOMETRIC_REPRESENTATION_CONTEXT ( 3 ) GLOBAL_UNCERTAINTY_ASSIGNED_CONTEXT ( ( #6789 ) ) GLOBAL_UNIT_ASSIGNED_CONTEXT ( ( #2428, #59, #6009 ) ) REPRESENTATION_CONTEXT ( 'NONE', 'WORKASPACE' ) );
#3501 = LINE ( 'NONE', #6119, #5540 ) ;
#3502 = ORIENTED_EDGE ( 'NONE', *, *, #591, .T. ) ;
#3503 = CARTESIAN_POINT ( 'NONE',  ( 0.04893547423902126770, -0.08811729439189239232, -0.5999999999999999778 ) ) ;
#3504 = CARTESIAN_POINT ( 'NONE',  ( 0.3946641250019212177, -0.09758180931748003384, 0.6000000000000001998 ) ) ;
#3505 = COLOUR_RGB ( '',1.000000000000000000, 1.000000000000000000, 1.000000000000000000 ) ;
#3506 = DIRECTION ( 'NONE',  ( 0.0000000000000000000, 0.0000000000000000000, -1.000000000000000000 ) ) ;
#3507 = EDGE_LOOP ( 'NONE', ( #6281, #5858, #1218, #922, #4894, #2968 ) ) ;
#3508 = ORIENTED_EDGE ( 'NONE', *, *, #5231, .T. ) ;
#3509 = PRESENTATION_STYLE_ASSIGNMENT (( #666 ) ) ;
#3510 = PLANE ( 'NONE',  #4210 ) ;
#3511 = CARTESIAN_POINT ( 'NONE',  ( -0.3237416019530189870, 0.08162942077833591770, -0.5989999999999999769 ) ) ;
#3512 = LINE ( 'NONE', #2911, #5552 ) ;
#3513 = MECHANICAL_DESIGN_GEOMETRIC_PRESENTATION_REPRESENTATION (  '', ( #2385 ), #258 ) ;
#3514 =( LENGTH_UNIT ( ) NAMED_UNIT ( * ) SI_UNIT ( .MILLI., .METRE. ) );
#3515 = EDGE_CURVE ( 'NONE', #3321, #3886, #4782, .T. ) ;
#3516 = CARTESIAN_POINT ( 'NONE',  ( -0.2471590637767539511, 0.1767624725676976705, -0.5990000000000003100 ) ) ;
#3517 = PRESENTATION_LAYER_ASSIGNMENT (  '', '', ( #7618 ) ) ;
#3518 = ADVANCED_FACE ( 'NONE', ( #1661 ), #7469, .T. ) ;
#3519 = B_SPLINE_CURVE_WITH_KNOTS ( 'NONE', 3,
 ( #4653, #6348, #2280, #1706, #7507, #2805, #2849 ),
 .UNSPECIFIED., .F., .F.,
 ( 4, 1, 1, 1, 4 ),
 ( 0.0000000000000000000, 0.3005411131585106754, 0.5677471464835996962, 0.8000336137369820078, 0.9999999999999998890 ),
 .UNSPECIFIED. ) ;
#3520 = CARTESIAN_POINT ( 'NONE',  ( -0.3156732360605929988, -0.08900187097003554870, -0.6000000000000001998 ) ) ;
#3521 = COLOUR_RGB ( '',1.000000000000000000, 1.000000000000000000, 1.000000000000000000 ) ;
#3522 =( LENGTH_UNIT ( ) NAMED_UNIT ( * ) SI_UNIT ( .MILLI., .METRE. ) );
#3523 = PLANE ( 'NONE',  #3835 ) ;
#3524 = ORIENTED_EDGE ( 'NONE', *, *, #965, .F. ) ;
#3525 = CIRCLE ( 'NONE', #4540, 0.1599999999999999756 ) ;
#3526 = UNCERTAINTY_MEASURE_WITH_UNIT (LENGTH_MEASURE( 1.000000000000000082E-05 ), #118, 'distance_accuracy_value', 'NONE');
#3527 = CYLINDRICAL_SURFACE ( 'NONE', #5929, 0.009999999999999809389 ) ;
#3528 = AXIS2_PLACEMENT_3D ( 'NONE', #2069, #5028, #7332 ) ;
#3529 = DIRECTION ( 'NONE',  ( -0.0000000000000000000, 1.000000000000000000, -0.0000000000000000000 ) ) ;
#3530 = CARTESIAN_POINT ( 'NONE',  ( 1.336876700471111290, 0.2749999999999999667, 0.1500000000000000222 ) ) ;
#3531 = SURFACE_SIDE_STYLE ('',( #3665 ) ) ;
#3532 = EDGE_CURVE ( 'NONE', #7410, #3028, #4159, .T. ) ;
#3533 = VERTEX_POINT ( 'NONE', #3087 ) ;
#3534 = AXIS2_PLACEMENT_3D ( 'NONE', #1862, #3626, #5995 ) ;
#3535 = CARTESIAN_POINT ( 'NONE',  ( -0.07179623307805192700, -0.1210441236601850767, -0.5989999999999999769 ) ) ;
#3536 = SURFACE_SIDE_STYLE ('',( #2277 ) ) ;
#3537 = VECTOR ( 'NONE', #4854, 1000.000000000000000 ) ;
#3538 =( GEOMETRIC_REPRESENTATION_CONTEXT ( 3 ) GLOBAL_UNCERTAINTY_ASSIGNED_CONTEXT ( ( #278 ) ) GLOBAL_UNIT_ASSIGNED_CONTEXT ( ( #5864, #5288, #5230 ) ) REPRESENTATION_CONTEXT ( 'NONE', 'WORKASPACE' ) );
#3539 = VERTEX_POINT ( 'NONE', #1910 ) ;
#3540 =( NAMED_UNIT ( * ) PLANE_ANGLE_UNIT ( ) SI_UNIT ( $, .RADIAN. ) );
#3541 = CARTESIAN_POINT ( 'NONE',  ( -1.270016866663923105, 0.7475068018844457374, -0.5999999999999999778 ) ) ;
#3542 = CARTESIAN_POINT ( 'NONE',  ( -0.3717962330780518188, 0.03272874219347342989, -0.5989999999999999769 ) ) ;
#3543 = STYLED_ITEM ( 'NONE', ( #6255 ), #1736 ) ;
#3544 = EDGE_LOOP ( 'NONE', ( #6647, #3337, #1872, #1368 ) ) ;
#3545 =( GEOMETRIC_REPRESENTATION_CONTEXT ( 3 ) GLOBAL_UNCERTAINTY_ASSIGNED_CONTEXT ( ( #318 ) ) GLOBAL_UNIT_ASSIGNED_CONTEXT ( ( #4292, #7265, #2574 ) ) REPRESENTATION_CONTEXT ( 'NONE', 'WORKASPACE' ) );
#3546 = VECTOR ( 'NONE', #3258, 1000.000000000000000 ) ;
#3547 = CARTESIAN_POINT ( 'NONE',  ( 0.2247167242390212538, -0.09177583097725826311, -0.5989999999999999769 ) ) ;
#3548 = ORIENTED_EDGE ( 'NONE', *, *, #5281, .T. ) ;
#3549 = CARTESIAN_POINT ( 'NONE',  ( 1.270016866663922217, -0.7200168666639227277, 0.5999999999999999778 ) ) ;
#3550 = CARTESIAN_POINT ( 'NONE',  ( -0.3237416019530189870, 0.08162942077833591770, -0.5989999999999999769 ) ) ;
#3551 = ORIENTED_EDGE ( 'NONE', *, *, #3493, .F. ) ;
#3552 = FILL_AREA_STYLE_COLOUR ( '', #4079 ) ;
#3553 = DIRECTION ( 'NONE',  ( -0.3536223923290754967, 0.9353882635801357148, 0.0000000000000000000 ) ) ;
#3554 = PRESENTATION_LAYER_ASSIGNMENT (  '', '', ( #1875 ) ) ;
#3555 = EDGE_CURVE ( 'NONE', #2601, #5361, #6735, .T. ) ;
#3556 = AXIS2_PLACEMENT_3D ( 'NONE', #2300, #4674, #5185 ) ;
#3557 = ORIENTED_EDGE ( 'NONE', *, *, #3410, .T. ) ;
#3558 = EDGE_CURVE ( 'NONE', #5873, #4425, #3963, .T. ) ;
#3559 =( NAMED_UNIT ( * ) PLANE_ANGLE_UNIT ( ) SI_UNIT ( $, .RADIAN. ) );
#3560 = COLOUR_RGB ( '',0.2509803921568627416, 0.2509803921568627416, 0.2509803921568627416 ) ;
#3561 = VECTOR ( 'NONE', #6458, 1000.000000000000000 ) ;
#3562 = CARTESIAN_POINT ( 'NONE',  ( 0.05944368121785965908, -0.1852716178472235964, 0.5999999999999999778 ) ) ;
#3563 = CARTESIAN_POINT ( 'NONE',  ( -0.2759120994598078247, -0.1107813686305701706, -0.5999999999999999778 ) ) ;
#3564 = CARTESIAN_POINT ( 'NONE',  ( 0.0000000000000000000, -0.7276980124117914395, 0.5989999999999999769 ) ) ;
#3565 = CARTESIAN_POINT ( 'NONE',  ( -0.2274297832253946439, 0.1457696263230318923, -0.5989999999999999769 ) ) ;
#3566 = VERTEX_POINT ( 'NONE', #6607 ) ;
#3567 = CIRCLE ( 'NONE', #4280, 0.02999999999999997113 ) ;
#3568 = VECTOR ( 'NONE', #2544, 1000.000000000000000 ) ;
#3569 = FILL_AREA_STYLE ('',( #2405 ) ) ;
#3570 = AXIS2_PLACEMENT_3D ( 'NONE', #5035, #5648, #249 ) ;
#3571 = UNCERTAINTY_MEASURE_WITH_UNIT (LENGTH_MEASURE( 1.000000000000000082E-05 ), #1804, 'distance_accuracy_value', 'NONE');
#3572 = VECTOR ( 'NONE', #6410, 1000.000000000000000 ) ;
#3573 = ORIENTED_EDGE ( 'NONE', *, *, #564, .T. ) ;
#3574 = FACE_OUTER_BOUND ( 'NONE', #1305, .T. ) ;
#3575 = LINE ( 'NONE', #2689, #5065 ) ;
#3576 = CARTESIAN_POINT ( 'NONE',  ( 1.646612987842787978, 0.2750000000000000222, -0.5400000000000000355 ) ) ;
#3577 = CARTESIAN_POINT ( 'NONE',  ( -0.5071620867365884688, 0.1789558763398149122, -0.5999999999999999778 ) ) ;
#3578 = CARTESIAN_POINT ( 'NONE',  ( -0.2131643733219542591, -0.08811729439189239232, -0.5999999999999999778 ) ) ;
#3579 = VECTOR ( 'NONE', #6576, 1000.000000000000000 ) ;
#3580 = VERTEX_POINT ( 'NONE', #1859 ) ;
#3581 = CIRCLE ( 'NONE', #1254, 0.03000000000000003011 ) ;
#3582 =( GEOMETRIC_REPRESENTATION_CONTEXT ( 3 ) GLOBAL_UNCERTAINTY_ASSIGNED_CONTEXT ( ( #1303 ) ) GLOBAL_UNIT_ASSIGNED_CONTEXT ( ( #223, #1427, #5566 ) ) REPRESENTATION_CONTEXT ( 'NONE', 'WORKASPACE' ) );
#3583 = DIRECTION ( 'NONE',  ( 0.9466707760722533616, 0.3222024856061133091, -0.0000000000000000000 ) ) ;
#3584 = ORIENTED_EDGE ( 'NONE', *, *, #5084, .T. ) ;
#3585 = ORIENTED_EDGE ( 'NONE', *, *, #939, .T. ) ;
#3586 = FILL_AREA_STYLE ('',( #701 ) ) ;
#3587 = FILL_AREA_STYLE ('',( #1863 ) ) ;
#3588 = SURFACE_STYLE_FILL_AREA ( #1624 ) ;
#3589 = SURFACE_SIDE_STYLE ('',( #6601 ) ) ;
#3590 = CARTESIAN_POINT ( 'NONE',  ( 0.2913276635145025661, 0.1241327179647963297, -0.5999999999999997558 ) ) ;
#3591 = SURFACE_SIDE_STYLE ('',( #2145 ) ) ;
#3592 = ORIENTED_EDGE ( 'NONE', *, *, #4438, .F. ) ;
#3593 = ORIENTED_EDGE ( 'NONE', *, *, #4520, .T. ) ;
#3594 = CARTESIAN_POINT ( 'NONE',  ( 1.429594623791681229, 0.2750000000000000222, 4.864353580123063085E-17 ) ) ;
#3595 = DIRECTION ( 'NONE',  ( 0.0000000000000000000, 0.0000000000000000000, 1.000000000000000000 ) ) ;
#3596 = EDGE_CURVE ( 'NONE', #3986, #1308, #2969, .T. ) ;
#3597 = ORIENTED_EDGE ( 'NONE', *, *, #598, .F. ) ;
#3598 = ORIENTED_EDGE ( 'NONE', *, *, #7050, .T. ) ;
#3599 = CARTESIAN_POINT ( 'NONE',  ( 0.1477159620438993348, 0.1707241690227417341, -0.5989999999999999769 ) ) ;
#3600 = CARTESIAN_POINT ( 'NONE',  ( -1.350225305093208483, 0.7703394641504560658, 0.002575248999449003193 ) ) ;
#3601 = SURFACE_STYLE_USAGE ( .BOTH. , #776 ) ;
#3602 = B_SPLINE_SURFACE_WITH_KNOTS ( 'NONE', 3, 1, ( 
 ( #3808, #2074 ),
 ( #3174, #2657 ),
 ( #2025, #2600 ),
 ( #6144, #6785 ),
 ( #7299, #3224 ),
 ( #6175, #1484 ),
 ( #302, #7316 ) ),
 .UNSPECIFIED., .F., .F., .F.,
 ( 4, 1, 1, 1, 4 ),
 ( 2, 2 ),
 ( 0.0000000000000000000, 0.3005411131585106754, 0.5677471464835996962, 0.8000336137369820078, 0.9999999999999998890 ),
 ( 0.0000000000000000000, 1.000000000000000000 ),
 .UNSPECIFIED. ) ;
#3603 = CARTESIAN_POINT ( 'NONE',  ( 0.3212620924570195879, 0.05856286926306614876, 0.5999999999999998668 ) ) ;
#3604 = CARTESIAN_POINT ( 'NONE',  ( 0.08917937667804562429, 0.1789558763398149122, -0.5999999999999999778 ) ) ;
#3605 = CARTESIAN_POINT ( 'NONE',  ( -0.3376931789691472452, 0.1291345637138614777, -0.5990000000000001990 ) ) ;
#3606 = STYLED_ITEM ( 'NONE', ( #1350 ), #5172 ) ;
#3607 = EDGE_LOOP ( 'NONE', ( #430, #7028, #7476, #662 ) ) ;
#3608 = CARTESIAN_POINT ( 'NONE',  ( 0.3267328234132136910, -0.01152348574948075521, -0.5989999999999999769 ) ) ;
#3609 = UNCERTAINTY_MEASURE_WITH_UNIT (LENGTH_MEASURE( 1.000000000000000082E-05 ), #7216, 'distance_accuracy_value', 'NONE');
#3610 = SURFACE_SIDE_STYLE ('',( #6394 ) ) ;
#3611 = COLOUR_RGB ( '',1.000000000000000000, 1.000000000000000000, 1.000000000000000000 ) ;
#3612 = ORIENTED_EDGE ( 'NONE', *, *, #7370, .F. ) ;
#3613 = CARTESIAN_POINT ( 'NONE',  ( 0.2080166281730857492, 0.1825405965750940829, -0.5989999999999998659 ) ) ;
#3614 = AXIS2_PLACEMENT_3D ( 'NONE', #5862, #5451, #1145 ) ;
#3615 = FILL_AREA_STYLE ('',( #127 ) ) ;
#3616 = FILL_AREA_STYLE_COLOUR ( '', #815 ) ;
#3617 = COLOUR_RGB ( '',1.000000000000000000, 1.000000000000000000, 1.000000000000000000 ) ;
#3618 = ORIENTED_EDGE ( 'NONE', *, *, #3083, .F. ) ;
#3619 = EDGE_CURVE ( 'NONE', #4871, #7342, #1016, .T. ) ;
#3620 = ORIENTED_EDGE ( 'NONE', *, *, #1045, .F. ) ;
#3621 = LINE ( 'NONE', #399, #684 ) ;
#3622 = EDGE_CURVE ( 'NONE', #2181, #3342, #383, .T. ) ;
#3623 = LINE ( 'NONE', #6846, #1499 ) ;
#3624 = FILL_AREA_STYLE_COLOUR ( '', #3130 ) ;
#3625 = ORIENTED_EDGE ( 'NONE', *, *, #1121, .T. ) ;
#3626 = DIRECTION ( 'NONE',  ( 3.627812162161781489E-15, 1.000000000000000000, -0.0000000000000000000 ) ) ;
#3627 = FILL_AREA_STYLE_COLOUR ( '', #4714 ) ;
#3628 = ORIENTED_EDGE ( 'NONE', *, *, #1844, .T. ) ;
#3629 = FILL_AREA_STYLE ('',( #685 ) ) ;
#3630 = CARTESIAN_POINT ( 'NONE',  ( 1.646612987842787978, 0.2750000000000000222, -0.6999999999999997335 ) ) ;
#3631 = DIRECTION ( 'NONE',  ( 0.0000000000000000000, 0.0000000000000000000, -1.000000000000000000 ) ) ;
#3632 = DIRECTION ( 'NONE',  ( -0.0000000000000000000, -0.0000000000000000000, -1.000000000000000000 ) ) ;
#3633 = CARTESIAN_POINT ( 'NONE',  ( -1.270016866663923105, 0.7499027076066754338, -0.5726146722824297930 ) ) ;
#3634 = ADVANCED_FACE ( 'NONE', ( #5371 ), #2028, .T. ) ;
#3635 = LINE ( 'NONE', #6988, #6356 ) ;
#3636 = SURFACE_STYLE_FILL_AREA ( #4306 ) ;
#3637 = ORIENTED_EDGE ( 'NONE', *, *, #4960, .T. ) ;
#3638 = CARTESIAN_POINT ( 'NONE',  ( 0.4544544718415796658, -0.06546094592652781929, 0.5989999999999998659 ) ) ;
#3639 = STYLED_ITEM ( 'NONE', ( #2134 ), #3736 ) ;
#3640 = ADVANCED_FACE ( 'NONE', ( #2774 ), #86, .T. ) ;
#3641 = FACE_OUTER_BOUND ( 'NONE', #816, .T. ) ;
#3642 = PRESENTATION_LAYER_ASSIGNMENT (  '', '', ( #3898 ) ) ;
#3643 = VECTOR ( 'NONE', #257, 1000.000000000000000 ) ;
#3644 = ORIENTED_EDGE ( 'NONE', *, *, #1728, .F. ) ;
#3645 = CIRCLE ( 'NONE', #5545, 0.02999999999999997113 ) ;
#3646 = LINE ( 'NONE', #6449, #7337 ) ;
#3647 = EDGE_CURVE ( 'NONE', #6797, #2474, #7, .T. ) ;
#3648 = MECHANICAL_DESIGN_GEOMETRIC_PRESENTATION_REPRESENTATION (  '', ( #7464 ), #659 ) ;
#3649 = DIRECTION ( 'NONE',  ( 0.0000000000000000000, -1.000000000000000000, 0.0000000000000000000 ) ) ;
#3650 = CARTESIAN_POINT ( 'NONE',  ( 0.2456536906161726208, -0.1243593743704132504, -0.6000000000000000888 ) ) ;
#3651 =( NAMED_UNIT ( * ) PLANE_ANGLE_UNIT ( ) SI_UNIT ( $, .RADIAN. ) );
#3652 = CARTESIAN_POINT ( 'NONE',  ( 0.3015426302563325445, -0.06014676244680182415, -0.5999999999999996447 ) ) ;
#3653 = CARTESIAN_POINT ( 'NONE',  ( 0.2878734510810257996, -0.1147773319301269163, -0.5999999999999997558 ) ) ;
#3654 = ORIENTED_EDGE ( 'NONE', *, *, #7050, .F. ) ;
#3655 = LINE ( 'NONE', #7031, #2387 ) ;
#3656 =( NAMED_UNIT ( * ) SI_UNIT ( $, .STERADIAN. ) SOLID_ANGLE_UNIT ( ) );
#3657 = CARTESIAN_POINT ( 'NONE',  ( 0.1765168519495669830, 0.2147283821527764813, 0.5989999999999999769 ) ) ;
#3658 = DIRECTION ( 'NONE',  ( 0.0000000000000000000, 0.0000000000000000000, -1.000000000000000000 ) ) ;
#3659 = CARTESIAN_POINT ( 'NONE',  ( 0.1503800777322270299, 0.1320283184811610333, -0.5989999999999999769 ) ) ;
#3660 = STYLED_ITEM ( 'NONE', ( #4049 ), #5798 ) ;
#3661 = ORIENTED_EDGE ( 'NONE', *, *, #2347, .T. ) ;
#3662 = CARTESIAN_POINT ( 'NONE',  ( 0.1477159620438993348, 0.1707241690227417341, -0.5989999999999999769 ) ) ;
#3663 = EDGE_CURVE ( 'NONE', #5633, #6922, #7277, .T. ) ;
#3664 = ORIENTED_EDGE ( 'NONE', *, *, #2103, .T. ) ;
#3665 = SURFACE_STYLE_FILL_AREA ( #79 ) ;
#3666 = EDGE_LOOP ( 'NONE', ( #89, #5922, #6400, #6773 ) ) ;
#3667 = VECTOR ( 'NONE', #6382, 1000.000000000000000 ) ;
#3668 = AXIS2_PLACEMENT_3D ( 'NONE', #5932, #2997, #5343 ) ;
#3669 = CARTESIAN_POINT ( 'NONE',  ( 0.0000000000000000000, 0.0000000000000000000, 0.0000000000000000000 ) ) ;
#3670 = ORIENTED_EDGE ( 'NONE', *, *, #6962, .F. ) ;
#3671 = ORIENTED_EDGE ( 'NONE', *, *, #5656, .T. ) ;
#3672 = CARTESIAN_POINT ( 'NONE',  ( -1.588985775486360774, 0.2750000000000000222, 0.003944918839624813635 ) ) ;
#3673 =( GEOMETRIC_REPRESENTATION_CONTEXT ( 3 ) GLOBAL_UNCERTAINTY_ASSIGNED_CONTEXT ( ( #1978 ) ) GLOBAL_UNIT_ASSIGNED_CONTEXT ( ( #578, #7572, #7596 ) ) REPRESENTATION_CONTEXT ( 'NONE', 'WORKASPACE' ) );
#3674 = CARTESIAN_POINT ( 'NONE',  ( 0.3099772178032255687, -0.1901496666277113778, 0.5999999999999999778 ) ) ;
#3675 = CARTESIAN_POINT ( 'NONE',  ( -0.4376498916146371876, -0.1210441236601850767, -0.5989999999999999769 ) ) ;
#3676 = MECHANICAL_DESIGN_GEOMETRIC_PRESENTATION_REPRESENTATION (  '', ( #6378 ), #3545 ) ;
#3677 = ORIENTED_EDGE ( 'NONE', *, *, #4126, .F. ) ;
#3678 = CARTESIAN_POINT ( 'NONE',  ( 0.3303966726731862313, 0.01280183418076701052, -0.5999999999999998668 ) ) ;
#3679 = FILL_AREA_STYLE_COLOUR ( '', #6192 ) ;
#3680 = VECTOR ( 'NONE', #2985, 1000.000000000000000 ) ;
#3681 =( LENGTH_UNIT ( ) NAMED_UNIT ( * ) SI_UNIT ( .MILLI., .METRE. ) );
#3682 = DIRECTION ( 'NONE',  ( 0.0000000000000000000, 1.000000000000000000, 0.0000000000000000000 ) ) ;
#3683 = SURFACE_SIDE_STYLE ('',( #7351 ) ) ;
#3684 = CARTESIAN_POINT ( 'NONE',  ( -0.3717962330780518188, 0.03272874219347342989, -0.5989999999999999769 ) ) ;
#3685 =( NAMED_UNIT ( * ) SI_UNIT ( $, .STERADIAN. ) SOLID_ANGLE_UNIT ( ) );
#3686 = ORIENTED_EDGE ( 'NONE', *, *, #5338, .T. ) ;
#3687 = DIRECTION ( 'NONE',  ( 2.710505431213761085E-16, -1.000000000000000000, 0.0000000000000000000 ) ) ;
#3688 = CARTESIAN_POINT ( 'NONE',  ( -0.6205767208829298109, -0.1210441236601850767, -0.5989999999999999769 ) ) ;
#3689 = DIRECTION ( 'NONE',  ( -0.0000000000000000000, -0.0000000000000000000, -1.000000000000000000 ) ) ;
#3690 = ORIENTED_EDGE ( 'NONE', *, *, #7616, .T. ) ;
#3691 = EDGE_CURVE ( 'NONE', #4154, #433, #1936, .T. ) ;
#3692 = VECTOR ( 'NONE', #1023, 1000.000000000000114 ) ;
#3693 =( LENGTH_UNIT ( ) NAMED_UNIT ( * ) SI_UNIT ( .MILLI., .METRE. ) );
#3694 = CARTESIAN_POINT ( 'NONE',  ( 0.04893547423902126770, 0.1460290470715222277, -0.5999999999999999778 ) ) ;
#3695 = CARTESIAN_POINT ( 'NONE',  ( 0.2354694122166668124, -0.1245865131200955545, -0.5989999999999998659 ) ) ;
#3696 = PLANE ( 'NONE',  #3408 ) ;
#3697 = SURFACE_STYLE_USAGE ( .BOTH. , #6091 ) ;
#3698 = CARTESIAN_POINT ( 'NONE',  ( -0.3937474525902470157, -0.1210441236601850767, -0.5989999999999999769 ) ) ;
#3699 = B_SPLINE_SURFACE_WITH_KNOTS ( 'NONE', 3, 1, ( 
 ( #7108, #4777 ),
 ( #3638, #4238 ),
 ( #5445, #1897 ),
 ( #6623, #4759 ),
 ( #3009, #1255 ),
 ( #5396, #5547 ),
 ( #3183, #1355 ),
 ( #6720, #3769 ),
 ( #5574, #2037 ),
 ( #2613, #3079 ),
 ( #6081, #3131 ),
 ( #7252, #4305 ),
 ( #963, #2376 ),
 ( #5368, #2659 ),
 ( #5206, #2975 ),
 ( #943, #2298 ),
 ( #7212, #999 ),
 ( #6996, #6189 ),
 ( #3845, #1496 ) ),
 .UNSPECIFIED., .F., .F., .F.,
 ( 4, 1, 1, 1, 1, 1, 1, 1, 1, 1, 1, 1, 1, 1, 1, 1, 4 ),
 ( 2, 2 ),
 ( 0.0000000000000000000, 0.06488527681657797752, 0.1271384161393489809, 0.1873270973904664904, 0.2461955700795512014, 0.3038706566704954537, 0.3616887795469063138, 0.4199839335589395373, 0.4796231941939218535, 0.5398249918547913806, 0.6002412912934528277, 0.6615031316206386736, 0.7239598388480761315, 0.7888282650204218038, 0.8559495557432338364, 0.9264211154567251194, 1.000000000000000000 ),
 ( 0.0000000000000000000, 1.000000000000000000 ),
 .UNSPECIFIED. ) ;
#3700 = UNCERTAINTY_MEASURE_WITH_UNIT (LENGTH_MEASURE( 1.000000000000000082E-05 ), #1201, 'distance_accuracy_value', 'NONE');
#3701 = CARTESIAN_POINT ( 'NONE',  ( -1.850000000000000089, 0.2750000000000000222, -0.5500000000000000444 ) ) ;
#3702 = CARTESIAN_POINT ( 'NONE',  ( 0.3120589590030854454, -0.1021140295019084959, -0.6000000000000004219 ) ) ;
#3703 = MECHANICAL_DESIGN_GEOMETRIC_PRESENTATION_REPRESENTATION (  '', ( #2629 ), #6361 ) ;
#3704 =( NAMED_UNIT ( * ) PLANE_ANGLE_UNIT ( ) SI_UNIT ( $, .RADIAN. ) );
#3705 = ORIENTED_EDGE ( 'NONE', *, *, #1767, .F. ) ;
#3706 = CARTESIAN_POINT ( 'NONE',  ( -1.429594623791681229, 0.2750000000000000222, 0.1500000000000000500 ) ) ;
#3707 = AXIS2_PLACEMENT_3D ( 'NONE', #5484, #221, #4228 ) ;
#3708 = CARTESIAN_POINT ( 'NONE',  ( 0.1833863660781328009, -0.08709161593990968897, -0.5989999999999997549 ) ) ;
#3709 = VECTOR ( 'NONE', #6712, 1000.000000000000000 ) ;
#3710 = CARTESIAN_POINT ( 'NONE',  ( 0.1980268546824844045, 0.1819284767953565085, -0.5999999999999999778 ) ) ;
#3711 = VERTEX_POINT ( 'NONE', #299 ) ;
#3712 =( LENGTH_UNIT ( ) NAMED_UNIT ( * ) SI_UNIT ( .MILLI., .METRE. ) );
#3713 =( NAMED_UNIT ( * ) SI_UNIT ( $, .STERADIAN. ) SOLID_ANGLE_UNIT ( ) );
#3714 = EDGE_CURVE ( 'NONE', #5825, #1398, #3501, .T. ) ;
#3715 = AXIS2_PLACEMENT_3D ( 'NONE', #2804, #1068, #3456 ) ;
#3716 =( LENGTH_UNIT ( ) NAMED_UNIT ( * ) SI_UNIT ( .MILLI., .METRE. ) );
#3717 = ADVANCED_FACE ( 'NONE', ( #3400 ), #5007, .T. ) ;
#3718 = CARTESIAN_POINT ( 'NONE',  ( -0.5269410501512226119, 0.1423705104861564263, -0.5989999999999999769 ) ) ;
#3719 = CARTESIAN_POINT ( 'NONE',  ( 0.3973977441306607017, 0.04116055824689628800, 0.5990000000000000879 ) ) ;
#3720 = EDGE_CURVE ( 'NONE', #5744, #4969, #4065, .T. ) ;
#3721 = CARTESIAN_POINT ( 'NONE',  ( 0.4523528538858238579, -0.08828593041769501604, 0.5999999999999999778 ) ) ;
#3722 = DIRECTION ( 'NONE',  ( -1.000000000000000000, 0.0000000000000000000, 0.0000000000000000000 ) ) ;
#3723 = PRESENTATION_STYLE_ASSIGNMENT (( #3787 ) ) ;
#3724 = CARTESIAN_POINT ( 'NONE',  ( 0.2247167242390212538, -0.09177583097725826311, -0.5989999999999999769 ) ) ;
#3725 = CARTESIAN_POINT ( 'NONE',  ( 0.2302616937512164119, -0.1247026602455509336, -0.5999999999999999778 ) ) ;
#3726 = CARTESIAN_POINT ( 'NONE',  ( 1.270016866663922661, -0.7200168666639226167, 0.5699999999999999512 ) ) ;
#3727 = CARTESIAN_POINT ( 'NONE',  ( -0.1303328184439055681, 0.1789558763398149122, -0.5989999999999999769 ) ) ;
#3728 = SURFACE_STYLE_USAGE ( .BOTH. , #7271 ) ;
#3729 = ADVANCED_FACE ( 'NONE', ( #736, #2486 ), #3190, .T. ) ;
#3730 = SURFACE_STYLE_USAGE ( .BOTH. , #4953 ) ;
#3731 = CARTESIAN_POINT ( 'NONE',  ( 0.3303365797281164751, 0.03941210477191798428, -0.5999999999999999778 ) ) ;
#3732 = FACE_OUTER_BOUND ( 'NONE', #4010, .T. ) ;
#3733 = CARTESIAN_POINT ( 'NONE',  ( 0.1648071419894917844, -0.08107059675269957799, -0.5989999999999999769 ) ) ;
#3734 = CARTESIAN_POINT ( 'NONE',  ( 0.1849134043141905936, -0.1200292375370936998, -0.5999999999999999778 ) ) ;
#3735 = CARTESIAN_POINT ( 'NONE',  ( -1.349999999999999867, -0.7999999999999998224, 0.0000000000000000000 ) ) ;
#3736 = ADVANCED_FACE ( 'NONE', ( #571 ), #3779, .T. ) ;
#3737 = CARTESIAN_POINT ( 'NONE',  ( -0.4662893733219542480, -0.03689778219677045806, -0.5999999999999999778 ) ) ;
#3738 = EDGE_LOOP ( 'NONE', ( #2958, #7159, #5226, #6582 ) ) ;
#3739 = COLOUR_RGB ( '',1.000000000000000000, 1.000000000000000000, 1.000000000000000000 ) ;
#3740 =( NAMED_UNIT ( * ) PLANE_ANGLE_UNIT ( ) SI_UNIT ( $, .RADIAN. ) );
#3741 = UNCERTAINTY_MEASURE_WITH_UNIT (LENGTH_MEASURE( 1.000000000000000082E-05 ), #7169, 'distance_accuracy_value', 'NONE');
#3742 = STYLED_ITEM ( 'NONE', ( #6465 ), #4019 ) ;
#3743 = VECTOR ( 'NONE', #2914, 1000.000000000000000 ) ;
#3744 = PRODUCT_RELATED_PRODUCT_CATEGORY ( 'part', '', ( #5066 ) ) ;
#3745 = SURFACE_SIDE_STYLE ('',( #1824 ) ) ;
#3746 = CARTESIAN_POINT ( 'NONE',  ( 0.3003792604586883463, -0.1091142086202636641, -0.5989999999999997549 ) ) ;
#3747 = ORIENTED_EDGE ( 'NONE', *, *, #2726, .F. ) ;
#3748 = PRESENTATION_STYLE_ASSIGNMENT (( #3343 ) ) ;
#3749 = PRESENTATION_LAYER_ASSIGNMENT (  '', '', ( #847 ) ) ;
#3750 = CARTESIAN_POINT ( 'NONE',  ( 0.3705003280246997321, 0.04055613636284249868, -0.5989999999999999769 ) ) ;
#3751 = VECTOR ( 'NONE', #3553, 1000.000000000000114 ) ;
#3752 = VERTEX_POINT ( 'NONE', #1420 ) ;
#3753 =( NAMED_UNIT ( * ) SI_UNIT ( $, .STERADIAN. ) SOLID_ANGLE_UNIT ( ) );
#3754 = FILL_AREA_STYLE ('',( #4947 ) ) ;
#3755 = CARTESIAN_POINT ( 'NONE',  ( 0.05944368121785965908, -0.1852716178472235964, 0.5989999999999999769 ) ) ;
#3756 = COLOUR_RGB ( '',1.000000000000000000, 1.000000000000000000, 1.000000000000000000 ) ;
#3757 = PRESENTATION_STYLE_ASSIGNMENT (( #1136 ) ) ;
#3758 = DIRECTION ( 'NONE',  ( -1.000000000000000000, 0.0000000000000000000, 0.0000000000000000000 ) ) ;
#3759 = ORIENTED_EDGE ( 'NONE', *, *, #7328, .F. ) ;
#3760 = CARTESIAN_POINT ( 'NONE',  ( 0.1560127744530264149, -0.07724167023672535992, -0.5989999999999999769 ) ) ;
#3761 = ORIENTED_EDGE ( 'NONE', *, *, #234, .T. ) ;
#3762 = VECTOR ( 'NONE', #6771, 1000.000000000000000 ) ;
#3763 = EDGE_CURVE ( 'NONE', #2674, #4699, #3298, .T. ) ;
#3764 = PRESENTATION_STYLE_ASSIGNMENT (( #1472 ) ) ;
#3765 = AXIS2_PLACEMENT_3D ( 'NONE', #5033, #973, #3939 ) ;
#3766 = VERTEX_POINT ( 'NONE', #3938 ) ;
#3767 = DIRECTION ( 'NONE',  ( 0.0000000000000000000, 0.0000000000000000000, -1.000000000000000000 ) ) ;
#3768 = COLOUR_RGB ( '',0.2509803921568627416, 0.2509803921568627416, 0.2509803921568627416 ) ;
#3769 = CARTESIAN_POINT ( 'NONE',  ( 0.4326055619945353148, -0.1354931865931091883, 0.5999999999999994227 ) ) ;
#3770 = EDGE_CURVE ( 'NONE', #6021, #7526, #2949, .T. ) ;
#3771 = APPLICATION_CONTEXT ( 'automotive_design' ) ;
#3772 = SURFACE_STYLE_FILL_AREA ( #897 ) ;
#3773 = CARTESIAN_POINT ( 'NONE',  ( -0.5292226015184552379, 0.1299788468044631440, -0.5999999999999999778 ) ) ;
#3774 = CARTESIAN_POINT ( 'NONE',  ( -0.1064099773187257153, 0.1708259431283862262, 0.5999999999999999778 ) ) ;
#3775 = ORIENTED_EDGE ( 'NONE', *, *, #5662, .F. ) ;
#3776 = ORIENTED_EDGE ( 'NONE', *, *, #3720, .T. ) ;
#3777 = COLOUR_RGB ( '',1.000000000000000000, 1.000000000000000000, 1.000000000000000000 ) ;
#3778 = FILL_AREA_STYLE ('',( #3286 ) ) ;
#3779 = PLANE ( 'NONE',  #5905 ) ;
#3780 = SURFACE_STYLE_FILL_AREA ( #6935 ) ;
#3781 = FILL_AREA_STYLE ('',( #4350 ) ) ;
#3782 = CARTESIAN_POINT ( 'NONE',  ( 0.1812525227899320912, 0.1449734212249666199, -0.6000000000000000888 ) ) ;
#3783 = CARTESIAN_POINT ( 'NONE',  ( -1.646612987842787978, -0.2750000000000000222, -0.6999999999999997335 ) ) ;
#3784 = CARTESIAN_POINT ( 'NONE',  ( 0.3230438359412183824, 0.07678381935822237159, -0.5989999999999999769 ) ) ;
#3785 = FACE_OUTER_BOUND ( 'NONE', #2394, .T. ) ;
#3786 = CARTESIAN_POINT ( 'NONE',  ( 0.1738992878848321655, -0.08442281508491124298, -0.5989999999999999769 ) ) ;
#3787 = SURFACE_STYLE_USAGE ( .BOTH. , #226 ) ;
#3788 = FACE_OUTER_BOUND ( 'NONE', #3796, .T. ) ;
#3789 = CARTESIAN_POINT ( 'NONE',  ( 0.4264385577181972198, 0.01923657392120006401, 0.5999999999999999778 ) ) ;
#3790 = AXIS2_PLACEMENT_3D ( 'NONE', #6772, #2581, #4409 ) ;
#3791 = EDGE_CURVE ( 'NONE', #7305, #6564, #88, .T. ) ;
#3792 = CARTESIAN_POINT ( 'NONE',  ( 0.2183142852146310320, 0.1826144129251807413, -0.5989999999999999769 ) ) ;
#3793 = CARTESIAN_POINT ( 'NONE',  ( -0.3195289176306165824, -0.02930029517402816391, -0.5989999999999997549 ) ) ;
#3794 = EDGE_CURVE ( 'NONE', #2701, #646, #1195, .T. ) ;
#3795 = SURFACE_STYLE_FILL_AREA ( #6118 ) ;
#3796 = EDGE_LOOP ( 'NONE', ( #6295, #5541, #6028, #3761 ) ) ;
#3797 =( NAMED_UNIT ( * ) PLANE_ANGLE_UNIT ( ) SI_UNIT ( $, .RADIAN. ) );
#3798 = MECHANICAL_DESIGN_GEOMETRIC_PRESENTATION_REPRESENTATION (  '', ( #4195 ), #5551 ) ;
#3799 = UNCERTAINTY_MEASURE_WITH_UNIT (LENGTH_MEASURE( 1.000000000000000082E-05 ), #3064, 'distance_accuracy_value', 'NONE');
#3800 = FILL_AREA_STYLE_COLOUR ( '', #272 ) ;
#3801 = DIRECTION ( 'NONE',  ( -1.000000000000000000, 0.0000000000000000000, 0.0000000000000000000 ) ) ;
#3802 = ORIENTED_EDGE ( 'NONE', *, *, #4967, .F. ) ;
#3803 = CARTESIAN_POINT ( 'NONE',  ( 0.2557796608237884461, -0.1382769979811308003, 0.5989999999999999769 ) ) ;
#3804 = VECTOR ( 'NONE', #2336, 1000.000000000000000 ) ;
#3805 = VERTEX_POINT ( 'NONE', #452 ) ;
#3806 = DIRECTION ( 'NONE',  ( 0.0000000000000000000, 0.0000000000000000000, 1.000000000000000000 ) ) ;
#3807 = AXIS2_PLACEMENT_3D ( 'NONE', #2579, #1491, #6211 ) ;
#3808 = CARTESIAN_POINT ( 'NONE',  ( -0.5259692513707348027, 0.1423705104861563986, -0.5989999999999999769 ) ) ;
#3809 = EDGE_CURVE ( 'NONE', #4723, #4693, #2478, .T. ) ;
#3810 = DIRECTION ( 'NONE',  ( -0.9961946980917458783, 0.0000000000000000000, -0.08715574274765516827 ) ) ;
#3811 = AXIS2_PLACEMENT_3D ( 'NONE', #1211, #665, #5300 ) ;
#3812 = EDGE_LOOP ( 'NONE', ( #6860, #6945, #642, #4786 ) ) ;
#3813 = CARTESIAN_POINT ( 'NONE',  ( 0.2302616937512164119, -0.1247026602455509336, -0.5989999999999999769 ) ) ;
#3814 = CARTESIAN_POINT ( 'NONE',  ( 0.1505309792763961096, -0.1070491180733480902, -0.5999999999999999778 ) ) ;
#3815 = MECHANICAL_DESIGN_GEOMETRIC_PRESENTATION_REPRESENTATION (  '', ( #4846 ), #4080 ) ;
#3816 = COLOUR_RGB ( '',0.2509803921568627416, 0.2509803921568627416, 0.2509803921568627416 ) ;
#3817 = B_SPLINE_SURFACE_WITH_KNOTS ( 'NONE', 3, 1, ( 
 ( #191, #5501 ),
 ( #926, #5610 ),
 ( #895, #6197 ),
 ( #6224, #7392 ),
 ( #3803, #2046 ),
 ( #2623, #6251 ),
 ( #2129, #5643 ),
 ( #6758, #5558 ),
 ( #4348, #5671 ),
 ( #2070, #3241 ),
 ( #2683, #6731 ) ),
 .UNSPECIFIED., .F., .F., .F.,
 ( 4, 1, 1, 1, 1, 1, 1, 1, 4 ),
 ( 2, 2 ),
 ( 0.0000000000000000000, 0.1309358380231055718, 0.2594327946845365052, 0.3854061982065377645, 0.5098206671632204978, 0.6333687008232706805, 0.7554461200736285464, 0.8775267625327227705, 1.000000000000000000 ),
 ( 0.0000000000000000000, 1.000000000000000000 ),
 .UNSPECIFIED. ) ;
#3818 = CARTESIAN_POINT ( 'NONE',  ( 0.1477159620438993626, -0.07256851390408754210, -0.5989999999999999769 ) ) ;
#3819 = PRESENTATION_LAYER_ASSIGNMENT (  '', '', ( #4522 ) ) ;
#3820 = PRESENTATION_LAYER_ASSIGNMENT (  '', '', ( #7234 ) ) ;
#3821 = LINE ( 'NONE', #7527, #5973 ) ;
#3822 = PRESENTATION_STYLE_ASSIGNMENT (( #5053 ) ) ;
#3823 =( NAMED_UNIT ( * ) SI_UNIT ( $, .STERADIAN. ) SOLID_ANGLE_UNIT ( ) );
#3824 = CARTESIAN_POINT ( 'NONE',  ( 0.4350534373154206769, 0.1708259431283862262, 0.5999999999999999778 ) ) ;
#3825 = CARTESIAN_POINT ( 'NONE',  ( 0.2499438813803231962, 0.1801266539902430797, -0.5989999999999998659 ) ) ;
#3826 = LINE ( 'NONE', #5153, #885 ) ;
#3827 = CARTESIAN_POINT ( 'NONE',  ( 0.0000000000000000000, 0.0000000000000000000, -0.5999999999999999778 ) ) ;
#3828 = CARTESIAN_POINT ( 'NONE',  ( 0.1901411312881873261, 0.1471277711513402364, -0.6000000000000000888 ) ) ;
#3829 = VECTOR ( 'NONE', #3336, 1000.000000000000000 ) ;
#3830 = EDGE_LOOP ( 'NONE', ( #2468, #4254, #4634, #3308 ) ) ;
#3831 = LINE ( 'NONE', #3108, #2642 ) ;
#3832 = CARTESIAN_POINT ( 'NONE',  ( 0.3964964498487773548, -0.08811729439189239232, -0.5989999999999999769 ) ) ;
#3833 = CARTESIAN_POINT ( 'NONE',  ( -0.3714423257215458407, 0.04880034244156434414, -0.5989999999999999769 ) ) ;
#3834 = CARTESIAN_POINT ( 'NONE',  ( 0.2874162421934694511, 0.1708259431283862262, 0.5989999999999999769 ) ) ;
#3835 = AXIS2_PLACEMENT_3D ( 'NONE', #2921, #3498, #623 ) ;
#3836 = VECTOR ( 'NONE', #2602, 1000.000000000000000 ) ;
#3837 = EDGE_LOOP ( 'NONE', ( #2211, #1128, #2262, #4223 ) ) ;
#3838 = PRESENTATION_STYLE_ASSIGNMENT (( #2223 ) ) ;
#3839 = CARTESIAN_POINT ( 'NONE',  ( 0.3468938489865918684, 0.1153577835596763940, -0.5999999999999999778 ) ) ;
#3840 = EDGE_CURVE ( 'NONE', #5772, #6108, #5874, .T. ) ;
#3841 = SURFACE_SIDE_STYLE ('',( #4015 ) ) ;
#3842 =( NAMED_UNIT ( * ) SI_UNIT ( $, .STERADIAN. ) SOLID_ANGLE_UNIT ( ) );
#3843 = UNCERTAINTY_MEASURE_WITH_UNIT (LENGTH_MEASURE( 1.000000000000000082E-05 ), #5039, 'distance_accuracy_value', 'NONE');
#3844 = SURFACE_SIDE_STYLE ('',( #7149 ) ) ;
#3845 = CARTESIAN_POINT ( 'NONE',  ( 0.3099772178032255687, -0.1901496666277113778, 0.5989999999999999769 ) ) ;
#3846 = VERTEX_POINT ( 'NONE', #1033 ) ;
#3847 = SURFACE_STYLE_FILL_AREA ( #2528 ) ;
#3848 = EDGE_LOOP ( 'NONE', ( #6779, #5167, #482, #6026, #5159 ) ) ;
#3849 =( LENGTH_UNIT ( ) NAMED_UNIT ( * ) SI_UNIT ( .MILLI., .METRE. ) );
#3850 = VECTOR ( 'NONE', #7514, 1000.000000000000000 ) ;
#3851 = MECHANICAL_DESIGN_GEOMETRIC_PRESENTATION_REPRESENTATION (  '', ( #2440 ), #5999 ) ;
#3852 =( NAMED_UNIT ( * ) SI_UNIT ( $, .STERADIAN. ) SOLID_ANGLE_UNIT ( ) );
#3853 = CARTESIAN_POINT ( 'NONE',  ( -0.3314539964643041237, 0.03646753822253821081, -0.6000000000000000888 ) ) ;
#3854 = ORIENTED_EDGE ( 'NONE', *, *, #6770, .T. ) ;
#3855 = SURFACE_STYLE_USAGE ( .BOTH. , #2132 ) ;
#3856 = CARTESIAN_POINT ( 'NONE',  ( -0.05716208673658842998, 0.04724855926664416061, -0.5999999999999999778 ) ) ;
#3857 = VERTEX_POINT ( 'NONE', #5672 ) ;
#3858 = DIRECTION ( 'NONE',  ( 1.000000000000000000, 0.0000000000000000000, 0.0000000000000000000 ) ) ;
#3859 = FACE_BOUND ( 'NONE', #2909, .T. ) ;
#3860 = DIRECTION ( 'NONE',  ( -1.000000000000000000, 0.0000000000000000000, 0.0000000000000000000 ) ) ;
#3861 = CIRCLE ( 'NONE', #6507, 0.02999999999999997113 ) ;
#3862 = DIRECTION ( 'NONE',  ( 2.710505431213761085E-16, -1.000000000000000000, 0.0000000000000000000 ) ) ;
#3863 = CARTESIAN_POINT ( 'NONE',  ( -1.350000000000000311, 0.7701141590572478934, 0.0000000000000000000 ) ) ;
#3864 = ORIENTED_EDGE ( 'NONE', *, *, #1684, .T. ) ;
#3865 = ORIENTED_EDGE ( 'NONE', *, *, #2700, .F. ) ;
#3866 = DIRECTION ( 'NONE',  ( -0.0000000000000000000, -0.0000000000000000000, 1.000000000000000000 ) ) ;
#3867 = CARTESIAN_POINT ( 'NONE',  ( 1.032390010713868378, -0.2750000000000000222, 0.1499999999999999944 ) ) ;
#3868 = EDGE_CURVE ( 'NONE', #4497, #2473, #5837, .T. ) ;
#3869 = PRESENTATION_LAYER_ASSIGNMENT (  '', '', ( #2697 ) ) ;
#3870 = COLOUR_RGB ( '',0.5019607843137254832, 0.5019607843137254832, 0.5019607843137254832 ) ;
#3871 = ORIENTED_EDGE ( 'NONE', *, *, #1356, .F. ) ;
#3872 = FACE_OUTER_BOUND ( 'NONE', #3472, .T. ) ;
#3873 = EDGE_CURVE ( 'NONE', #2868, #2349, #5734, .T. ) ;
#3874 =( LENGTH_UNIT ( ) NAMED_UNIT ( * ) SI_UNIT ( .MILLI., .METRE. ) );
#3875 = VECTOR ( 'NONE', #857, 1000.000000000000000 ) ;
#3876 = CARTESIAN_POINT ( 'NONE',  ( 0.2182785536580317820, -0.1245621181812736483, -0.5989999999999998659 ) ) ;
#3877 = PRODUCT_DEFINITION_SHAPE ( 'NONE', 'NONE',  #3360 ) ;
#3878 = ORIENTED_EDGE ( 'NONE', *, *, #657, .F. ) ;
#3879 = CARTESIAN_POINT ( 'NONE',  ( 0.3964964498487773548, -0.1210441236601850767, -0.5989999999999999769 ) ) ;
#3880 = COLOUR_RGB ( '',1.000000000000000000, 1.000000000000000000, 1.000000000000000000 ) ;
#3881 = CARTESIAN_POINT ( 'NONE',  ( 1.299984549164874492, 0.7798703901076274869, -0.2300824939040017891 ) ) ;
#3882 = CARTESIAN_POINT ( 'NONE',  ( -0.3312629049294128492, 0.04539940183474062280, -0.6000000000000001998 ) ) ;
#3883 = CARTESIAN_POINT ( 'NONE',  ( -0.1705767208829299386, 0.1460290470715222277, -0.5999999999999993117 ) ) ;
#3884 = SURFACE_STYLE_FILL_AREA ( #2615 ) ;
#3885 = AXIS2_PLACEMENT_3D ( 'NONE', #1799, #6027, #1304 ) ;
#3886 = VERTEX_POINT ( 'NONE', #2735 ) ;
#3887 = ADVANCED_FACE ( 'NONE', ( #1 ), #1633, .T. ) ;
#3888 =( LENGTH_UNIT ( ) NAMED_UNIT ( * ) SI_UNIT ( .MILLI., .METRE. ) );
#3889 = UNCERTAINTY_MEASURE_WITH_UNIT (LENGTH_MEASURE( 1.000000000000000082E-05 ), #6708, 'distance_accuracy_value', 'NONE');
#3890 = CARTESIAN_POINT ( 'NONE',  ( 1.297506801884445338, 0.7200168666639229498, -0.5999999999999999778 ) ) ;
#3891 = CARTESIAN_POINT ( 'NONE',  ( 0.1504736610825502807, -0.07412178015749880389, -0.6000000000000000888 ) ) ;
#3892 = CARTESIAN_POINT ( 'NONE',  ( 0.3705003280246997321, 0.04055613636284249868, -0.6000000000000000888 ) ) ;
#3893 = PRESENTATION_STYLE_ASSIGNMENT (( #3140 ) ) ;
#3894 = SPHERICAL_SURFACE ( 'NONE', #3095, 0.02999999999999999889 ) ;
#3895 = MECHANICAL_DESIGN_GEOMETRIC_PRESENTATION_REPRESENTATION (  '', ( #5495 ), #5809 ) ;
#3896 = B_SPLINE_CURVE_WITH_KNOTS ( 'NONE', 3,
 ( #7404, #3924, #2229, #5076, #7455, #6936, #1514, #5684, #4519, #3332, #1047 ),
 .UNSPECIFIED., .F., .F.,
 ( 4, 1, 1, 1, 1, 1, 1, 1, 4 ),
 ( 0.0000000000000000000, 0.1309358380231055718, 0.2594327946845365052, 0.3854061982065377645, 0.5098206671632204978, 0.6333687008232706805, 0.7554461200736285464, 0.8775267625327227705, 1.000000000000000000 ),
 .UNSPECIFIED. ) ;
#3897 = CARTESIAN_POINT ( 'NONE',  ( -1.646612987842787978, -0.2750000000000000222, -0.6999999999999998446 ) ) ;
#3898 = STYLED_ITEM ( 'NONE', ( #7550 ), #6944 ) ;
#3899 = UNCERTAINTY_MEASURE_WITH_UNIT (LENGTH_MEASURE( 1.000000000000000082E-05 ), #7059, 'distance_accuracy_value', 'NONE');
#3900 = CARTESIAN_POINT ( 'NONE',  ( -0.3141644645830423133, -0.03926608382136855674, -0.5999999999999999778 ) ) ;
#3901 =( NAMED_UNIT ( * ) PLANE_ANGLE_UNIT ( ) SI_UNIT ( $, .RADIAN. ) );
#3902 = EDGE_CURVE ( 'NONE', #193, #4869, #5638, .T. ) ;
#3903 = AXIS2_PLACEMENT_3D ( 'NONE', #2369, #1831, #2391 ) ;
#3904 = FILL_AREA_STYLE ('',( #2062 ) ) ;
#3905 = EDGE_LOOP ( 'NONE', ( #4687, #2324, #5005 ) ) ;
#3906 = ORIENTED_EDGE ( 'NONE', *, *, #7205, .F. ) ;
#3907 = CARTESIAN_POINT ( 'NONE',  ( 0.1562018413481278400, -0.1101792030519371524, -0.5989999999999998659 ) ) ;
#3908 = FILL_AREA_STYLE ('',( #6917 ) ) ;
#3909 = CARTESIAN_POINT ( 'NONE',  ( 0.2576882624082461604, -0.08752241204818769771, -0.5999999999999999778 ) ) ;
#3910 = CARTESIAN_POINT ( 'NONE',  ( 0.3078430714617621522, -0.1462472276033211227, 0.5989999999999999769 ) ) ;
#3911 = CARTESIAN_POINT ( 'NONE',  ( -0.2831458036244962617, -0.07054893002181988892, -0.5999999999999998668 ) ) ;
#3912 = DIRECTION ( 'NONE',  ( 0.9961946980917455452, -1.350095569862014863E-16, -0.08715574274765836016 ) ) ;
#3913 = STYLED_ITEM ( 'NONE', ( #4227 ), #6335 ) ;
#3914 = ORIENTED_EDGE ( 'NONE', *, *, #6661, .F. ) ;
#3915 = CARTESIAN_POINT ( 'NONE',  ( 0.2451144129251767445, 0.2147283821527764813, 0.5999999999999999778 ) ) ;
#3916 = EDGE_CURVE ( 'NONE', #4676, #3163, #5073, .T. ) ;
#3917 = DIRECTION ( 'NONE',  ( -0.9961946980917458783, 0.0000000000000000000, -0.08715574274765516827 ) ) ;
#3918 = FILL_AREA_STYLE_COLOUR ( '', #5901 ) ;
#3919 = PRESENTATION_LAYER_ASSIGNMENT (  '', '', ( #5129 ) ) ;
#3920 = CARTESIAN_POINT ( 'NONE',  ( -0.3034330913448932687, 0.1567903071250491831, -0.5989999999999999769 ) ) ;
#3921 = SURFACE_SIDE_STYLE ('',( #2307 ) ) ;
#3922 = PRESENTATION_STYLE_ASSIGNMENT (( #4277 ) ) ;
#3923 = CARTESIAN_POINT ( 'NONE',  ( 0.2874162421934694511, 0.1708259431283862262, 0.5989999999999999769 ) ) ;
#3924 = CARTESIAN_POINT ( 'NONE',  ( 0.2286559619763117446, -0.1271864496103397302, 0.5989999999999999769 ) ) ;
#3925 = AXIS2_PLACEMENT_3D ( 'NONE', #5663, #4344, #2039 ) ;
#3926 = CARTESIAN_POINT ( 'NONE',  ( -0.2733269197462125932, -0.07596560956470924109, -0.5989999999999999769 ) ) ;
#3927 = VECTOR ( 'NONE', #1972, 1000.000000000000000 ) ;
#3928 = DIRECTION ( 'NONE',  ( -1.000000000000000000, 0.0000000000000000000, 5.330734548809087965E-16 ) ) ;
#3929 = CARTESIAN_POINT ( 'NONE',  ( 0.1477159620438993348, -0.1054953431723802126, -0.5999999999999999778 ) ) ;
#3930 = DIRECTION ( 'NONE',  ( -1.000000000000000000, 0.0000000000000000000, 0.0000000000000000000 ) ) ;
#3931 = AXIS2_PLACEMENT_3D ( 'NONE', #5606, #7286, #6727 ) ;
#3932 = FILL_AREA_STYLE ('',( #2209 ) ) ;
#3933 = FACE_OUTER_BOUND ( 'NONE', #279, .T. ) ;
#3934 = PRESENTATION_STYLE_ASSIGNMENT (( #7589 ) ) ;
#3935 = SURFACE_STYLE_FILL_AREA ( #4326 ) ;
#3936 = SURFACE_STYLE_USAGE ( .BOTH. , #3988 ) ;
#3937 = DIRECTION ( 'NONE',  ( 0.3393303772748775815, 0.9406672605435404400, 0.0000000000000000000 ) ) ;
#3938 = CARTESIAN_POINT ( 'NONE',  ( -0.2119067513707348360, -0.1210441236601850767, -0.5999999999999999778 ) ) ;
#3939 = DIRECTION ( 'NONE',  ( -0.0000000000000000000, 0.0000000000000000000, -1.000000000000000000 ) ) ;
#3940 = CARTESIAN_POINT ( 'NONE',  ( -0.3239711646951853874, -0.01857970837052773730, -0.5999999999999998668 ) ) ;
#3941 = ORIENTED_EDGE ( 'NONE', *, *, #3622, .F. ) ;
#3942 = LINE ( 'NONE', #7163, #7167 ) ;
#3943 = FACE_OUTER_BOUND ( 'NONE', #1271, .T. ) ;
#3944 = DIRECTION ( 'NONE',  ( 0.0000000000000000000, 1.000000000000000000, 0.0000000000000000000 ) ) ;
#3945 = CARTESIAN_POINT ( 'NONE',  ( 0.1932145913342179777, -0.08922363035649405472, -0.6000000000000001998 ) ) ;
#3946 = UNCERTAINTY_MEASURE_WITH_UNIT (LENGTH_MEASURE( 1.000000000000000082E-05 ), #7321, 'distance_accuracy_value', 'NONE');
#3947 = PRESENTATION_STYLE_ASSIGNMENT (( #4171 ) ) ;
#3948 = EDGE_CURVE ( 'NONE', #1775, #4154, #2664, .T. ) ;
#3949 = ORIENTED_EDGE ( 'NONE', *, *, #1430, .T. ) ;
#3950 = PRESENTATION_STYLE_ASSIGNMENT (( #4909 ) ) ;
#3951 = CARTESIAN_POINT ( 'NONE',  ( -0.2393537903200950723, -0.08631522258008834936, -0.5989999999999999769 ) ) ;
#3952 = EDGE_CURVE ( 'NONE', #6564, #7097, #725, .T. ) ;
#3953 = CARTESIAN_POINT ( 'NONE',  ( 0.2262200956611387648, -0.1246552591024330248, -0.5999999999999998668 ) ) ;
#3954 = VERTEX_POINT ( 'NONE', #6971 ) ;
#3955 = COLOUR_RGB ( '',1.000000000000000000, 1.000000000000000000, 1.000000000000000000 ) ;
#3956 = CARTESIAN_POINT ( 'NONE',  ( 0.1708101952976497362, 0.1781085498415665713, -0.5999999999999999778 ) ) ;
#3957 = B_SPLINE_CURVE_WITH_KNOTS ( 'NONE', 3,
 ( #2902, #7026, #7584, #3478, #2872, #7607, #6999, #4047, #536, #5253, #6435, #5816, #2832, #1686, #7567, #3492, #6477, #1103, #4006 ),
 .UNSPECIFIED., .F., .F.,
 ( 4, 1, 1, 1, 1, 1, 1, 1, 1, 1, 1, 1, 1, 1, 1, 1, 4 ),
 ( 0.0000000000000000000, 0.06204543997304065583, 0.1210579365068108343, 0.1775350814536523769, 0.2329646459074619091, 0.2868047855484850972, 0.3413061798232352451, 0.3966377428488097601, 0.4535361505204169030, 0.5123459651778302648, 0.5722552520454521341, 0.6350484639409014198, 0.7001231044015285843, 0.7691164277558689699, 0.8418324469924199915, 0.9187081123360688606, 1.000000000000000000 ),
 .UNSPECIFIED. ) ;
#3958 = ORIENTED_EDGE ( 'NONE', *, *, #3868, .F. ) ;
#3959 = DIRECTION ( 'NONE',  ( 0.0000000000000000000, 1.000000000000000000, 0.0000000000000000000 ) ) ;
#3960 = CARTESIAN_POINT ( 'NONE',  ( 0.04893547423902126770, 0.1460290470715222277, -0.5999999999999999778 ) ) ;
#3961 = VERTEX_POINT ( 'NONE', #6554 ) ;
#3962 = CARTESIAN_POINT ( 'NONE',  ( 0.3112496600616577735, -0.1461635494698473314, 0.5999999999999997558 ) ) ;
#3963 = LINE ( 'NONE', #5408, #2573 ) ;
#3964 = PRESENTATION_LAYER_ASSIGNMENT (  '', '', ( #1297 ) ) ;
#3965 = PLANE ( 'NONE',  #5811 ) ;
#3966 = ORIENTED_EDGE ( 'NONE', *, *, #153, .F. ) ;
#3967 = LINE ( 'NONE', #1338, #2878 ) ;
#3968 = VECTOR ( 'NONE', #2393, 1000.000000000000000 ) ;
#3969 = MECHANICAL_DESIGN_GEOMETRIC_PRESENTATION_REPRESENTATION (  '', ( #1063 ), #1447 ) ;
#3970 = CARTESIAN_POINT ( 'NONE',  ( -0.3315523306390275038, 0.03187127268127831065, -0.5999999999999999778 ) ) ;
#3971 = ORIENTED_EDGE ( 'NONE', *, *, #1151, .F. ) ;
#3972 = VERTEX_POINT ( 'NONE', #5199 ) ;
#3973 = VECTOR ( 'NONE', #3658, 1000.000000000000000 ) ;
#3974 = CARTESIAN_POINT ( 'NONE',  ( 0.4007480660274107542, -0.05506680140724379280, 0.5989999999999999769 ) ) ;
#3975 = CARTESIAN_POINT ( 'NONE',  ( -0.5767314464926859285, -0.003970952928477775382, -0.5989999999999999769 ) ) ;
#3976 = CARTESIAN_POINT ( 'NONE',  ( 0.1477159620438993626, -0.07256851390408754210, -0.5989999999999999769 ) ) ;
#3977 = EDGE_LOOP ( 'NONE', ( #5139, #7224, #5179, #2619 ) ) ;
#3978 = EDGE_LOOP ( 'NONE', ( #7045, #4358, #3987, #5530, #5022, #1204, #1583, #1914 ) ) ;
#3979 =( LENGTH_UNIT ( ) NAMED_UNIT ( * ) SI_UNIT ( .MILLI., .METRE. ) );
#3980 = ADVANCED_FACE ( 'NONE', ( #6815 ), #1698, .F. ) ;
#3981 = CARTESIAN_POINT ( 'NONE',  ( -1.270016866663922661, -0.7200168666639226167, 0.5699999999999999512 ) ) ;
#3982 =( NAMED_UNIT ( * ) SI_UNIT ( $, .STERADIAN. ) SOLID_ANGLE_UNIT ( ) );
#3983 = AXIS2_PLACEMENT_3D ( 'NONE', #2, #6505, #3468 ) ;
#3984 = STYLED_ITEM ( 'NONE', ( #7444 ), #4469 ) ;
#3985 = DIRECTION ( 'NONE',  ( -2.710505431213761085E-16, 1.000000000000000000, 0.0000000000000000000 ) ) ;
#3986 = VERTEX_POINT ( 'NONE', #3422 ) ;
#3987 = ORIENTED_EDGE ( 'NONE', *, *, #939, .F. ) ;
#3988 = SURFACE_SIDE_STYLE ('',( #5804 ) ) ;
#3989 = PRESENTATION_STYLE_ASSIGNMENT (( #3697 ) ) ;
#3990 = VERTEX_POINT ( 'NONE', #1220 ) ;
#3991 = CARTESIAN_POINT ( 'NONE',  ( 0.2857487383680733517, -0.07408449617660170516, -0.6000000000000000888 ) ) ;
#3992 = CARTESIAN_POINT ( 'NONE',  ( 0.3865275021070826988, -0.1116750730527832219, 0.5999999999999998668 ) ) ;
#3993 = SURFACE_SIDE_STYLE ('',( #4781 ) ) ;
#3995 =( GEOMETRIC_REPRESENTATION_CONTEXT ( 3 ) GLOBAL_UNCERTAINTY_ASSIGNED_CONTEXT ( ( #6563 ) ) GLOBAL_UNIT_ASSIGNED_CONTEXT ( ( #2276, #6395, #4022 ) ) REPRESENTATION_CONTEXT ( 'NONE', 'WORKASPACE' ) );
#3994 = CARTESIAN_POINT ( 'NONE',  ( 1.297506801884445116, -0.7200168666639227277, 0.5999999999999999778 ) ) ;
#3996 = EDGE_CURVE ( 'NONE', #7601, #3359, #3496, .T. ) ;
#3997 = ORIENTED_EDGE ( 'NONE', *, *, #2694, .T. ) ;
#3998 = CARTESIAN_POINT ( 'NONE',  ( 1.646612987842787978, 0.2750000000000000222, -0.6999999999999998446 ) ) ;
#3999 = VERTEX_POINT ( 'NONE', #5925 ) ;
#4000 = LINE ( 'NONE', #3881, #4185 ) ;
#4001 = ORIENTED_EDGE ( 'NONE', *, *, #5679, .F. ) ;
#4002 =( NAMED_UNIT ( * ) PLANE_ANGLE_UNIT ( ) SI_UNIT ( $, .RADIAN. ) );
#4003 = CARTESIAN_POINT ( 'NONE',  ( -0.1064099773187257153, 0.1708259431283862262, 0.5999999999999999778 ) ) ;
#4004 = CARTESIAN_POINT ( 'NONE',  ( -0.3546398794323914472, -0.04374320390874106984, -0.6000000000000000888 ) ) ;
#4005 = CARTESIAN_POINT ( 'NONE',  ( -0.2313118205209142852, 0.1785921591405809639, -0.5999999999999995337 ) ) ;
#4006 = CARTESIAN_POINT ( 'NONE',  ( 0.2983156324373719137, 0.01472838215277644941, 0.5999999999999999778 ) ) ;
#4007 = CARTESIAN_POINT ( 'NONE',  ( 0.2965267989080491717, -0.1900485350292197007, 0.5989999999999999769 ) ) ;
#4008 = B_SPLINE_CURVE_WITH_KNOTS ( 'NONE', 3,
 ( #7184, #3603, #4276, #4880, #1898, #6577, #4798, #6492, #7626, #4648, #2903, #3479, #6095, #5997, #2419, #7120, #2516, #3132, #3281 ),
 .UNSPECIFIED., .F., .F.,
 ( 4, 1, 1, 1, 1, 1, 1, 1, 1, 1, 1, 1, 1, 1, 1, 1, 4 ),
 ( 0.0000000000000000000, 0.07616744472239844743, 0.1482655110254592068, 0.2165949782654783551, 0.2823424859150618360, 0.3452843053920682248, 0.4059909421777437299, 0.4652211230521786089, 0.5239984890663610395, 0.5817566311794192258, 0.6384569613935707766, 0.6947682521830331748, 0.7516829061230484443, 0.8101961495168554794, 0.8706817703241036543, 0.9337298896598216214, 1.000000000000000000 ),
 .UNSPECIFIED. ) ;
#4009 =( LENGTH_UNIT ( ) NAMED_UNIT ( * ) SI_UNIT ( .MILLI., .METRE. ) );
#4010 = EDGE_LOOP ( 'NONE', ( #3120, #4997, #1643, #6603 ) ) ;
#4011 = CARTESIAN_POINT ( 'NONE',  ( -1.429594623791681229, 0.2750000000000000222, -0.009999999999999953371 ) ) ;
#4012 = SURFACE_STYLE_USAGE ( .BOTH. , #7430 ) ;
#4013 = AXIS2_PLACEMENT_3D ( 'NONE', #5756, #3912, #3399 ) ;
#4014 = CARTESIAN_POINT ( 'NONE',  ( 0.3368319616733806976, -0.1432890251351265076, 0.5999999999999998668 ) ) ;
#4015 = SURFACE_STYLE_FILL_AREA ( #4987 ) ;
#4016 =( NAMED_UNIT ( * ) SI_UNIT ( $, .STERADIAN. ) SOLID_ANGLE_UNIT ( ) );
#4017 = CARTESIAN_POINT ( 'NONE',  ( -1.646612987842787978, -0.2750000000000000222, -0.5499999999999999334 ) ) ;
#4018 = CARTESIAN_POINT ( 'NONE',  ( 0.3614585193205986924, -0.1337358044111734146, 0.5999999999999997558 ) ) ;
#4019 = ADVANCED_FACE ( 'NONE', ( #2124 ), #4720, .T. ) ;
#4020 = VECTOR ( 'NONE', #3689, 1000.000000000000000 ) ;
#4021 = MECHANICAL_DESIGN_GEOMETRIC_PRESENTATION_REPRESENTATION (  '', ( #225 ), #7477 ) ;
#4022 =( NAMED_UNIT ( * ) SI_UNIT ( $, .STERADIAN. ) SOLID_ANGLE_UNIT ( ) );
#4023 = EDGE_CURVE ( 'NONE', #3321, #6634, #4848, .T. ) ;
#4024 = MECHANICAL_DESIGN_GEOMETRIC_PRESENTATION_REPRESENTATION (  '', ( #4176 ), #5629 ) ;
#4025 = CARTESIAN_POINT ( 'NONE',  ( -0.3314539964643041237, 0.03646753822253821081, -0.5989999999999999769 ) ) ;
#4026 = CARTESIAN_POINT ( 'NONE',  ( 0.1932145913342179777, -0.08922363035649405472, -0.5990000000000000879 ) ) ;
#4027 = VECTOR ( 'NONE', #4594, 1000.000000000000000 ) ;
#4028 = SURFACE_SIDE_STYLE ('',( #3780 ) ) ;
#4029 = SURFACE_STYLE_USAGE ( .BOTH. , #1155 ) ;
#4030 =( NAMED_UNIT ( * ) SI_UNIT ( $, .STERADIAN. ) SOLID_ANGLE_UNIT ( ) );
#4031 = EDGE_CURVE ( 'NONE', #3539, #4877, #6373, .T. ) ;
#4032 = CARTESIAN_POINT ( 'NONE',  ( 1.850000000000000089, 0.2750000000000000222, -0.6999999999999999556 ) ) ;
#4033 = SURFACE_STYLE_USAGE ( .BOTH. , #524 ) ;
#4034 = PRESENTATION_STYLE_ASSIGNMENT (( #6547 ) ) ;
#4035 = ORIENTED_EDGE ( 'NONE', *, *, #2846, .T. ) ;
#4036 = SURFACE_STYLE_FILL_AREA ( #1069 ) ;
#4037 = ORIENTED_EDGE ( 'NONE', *, *, #4438, .T. ) ;
#4038 = CARTESIAN_POINT ( 'NONE',  ( 1.299984549164874048, -0.7798703901076270428, 0.2300824939040016781 ) ) ;
#4039 = ORIENTED_EDGE ( 'NONE', *, *, #7613, .F. ) ;
#4040 = DIRECTION ( 'NONE',  ( -0.0000000000000000000, -1.000000000000000000, -0.0000000000000000000 ) ) ;
#4041 = COLOUR_RGB ( '',0.5019607843137254832, 0.5019607843137254832, 0.5019607843137254832 ) ;
#4042 = CARTESIAN_POINT ( 'NONE',  ( -1.850000000000000089, -0.2750000000000000222, -0.5500000000000000444 ) ) ;
#4043 = ORIENTED_EDGE ( 'NONE', *, *, #6114, .T. ) ;
#4044 = PRESENTATION_STYLE_ASSIGNMENT (( #1531 ) ) ;
#4045 = CARTESIAN_POINT ( 'NONE',  ( 0.3537570449820728324, -0.1376424719752947501, 0.6000000000000000888 ) ) ;
#4046 = UNCERTAINTY_MEASURE_WITH_UNIT (LENGTH_MEASURE( 1.000000000000000082E-05 ), #471, 'distance_accuracy_value', 'NONE');
#4047 = CARTESIAN_POINT ( 'NONE',  ( 0.3858860059891081606, -0.01732812511042854803, 0.5999999999999999778 ) ) ;
#4048 = ORIENTED_EDGE ( 'NONE', *, *, #3791, .T. ) ;
#4049 = PRESENTATION_STYLE_ASSIGNMENT (( #413 ) ) ;
#4050 = DIRECTION ( 'NONE',  ( -0.9961946980917458783, 0.0000000000000000000, 0.08715574274765516827 ) ) ;
#4051 = COLOUR_RGB ( '',1.000000000000000000, 1.000000000000000000, 1.000000000000000000 ) ;
#4052 = SURFACE_SIDE_STYLE ('',( #445 ) ) ;
#4053 =( GEOMETRIC_REPRESENTATION_CONTEXT ( 3 ) GLOBAL_UNCERTAINTY_ASSIGNED_CONTEXT ( ( #4990 ) ) GLOBAL_UNIT_ASSIGNED_CONTEXT ( ( #6684, #5529, #7262 ) ) REPRESENTATION_CONTEXT ( 'NONE', 'WORKASPACE' ) );
#4054 = EDGE_CURVE ( 'NONE', #163, #5270, #4596, .T. ) ;
#4055 = DIRECTION ( 'NONE',  ( 0.0000000000000000000, 0.0000000000000000000, 1.000000000000000000 ) ) ;
#4056 = PRESENTATION_LAYER_ASSIGNMENT (  '', '', ( #4193 ) ) ;
#4057 = COLOUR_RGB ( '',1.000000000000000000, 1.000000000000000000, 1.000000000000000000 ) ;
#4058 = EDGE_LOOP ( 'NONE', ( #4712, #209, #5444, #5064 ) ) ;
#4059 = EDGE_CURVE ( 'NONE', #2487, #72, #4216, .T. ) ;
#4060 =( NAMED_UNIT ( * ) SI_UNIT ( $, .STERADIAN. ) SOLID_ANGLE_UNIT ( ) );
#4061 = CARTESIAN_POINT ( 'NONE',  ( -0.1303328184439055681, 0.1789558763398149122, -0.5989999999999999769 ) ) ;
#4062 = AXIS2_PLACEMENT_3D ( 'NONE', #1273, #735, #2464 ) ;
#4063 = PRESENTATION_STYLE_ASSIGNMENT (( #2847 ) ) ;
#4064 = VECTOR ( 'NONE', #850, 1000.000000000000000 ) ;
#4065 = B_SPLINE_CURVE_WITH_KNOTS ( 'NONE', 3,
 ( #5585, #5611, #4422, #1480, #316, #3168, #6759, #4944, #3143, #4322, #799, #7363, #6169, #2071, #6198, #3825, #4915, #5644, #6732 ),
 .UNSPECIFIED., .F., .F.,
 ( 4, 1, 1, 1, 1, 1, 1, 1, 1, 1, 1, 1, 1, 1, 1, 1, 4 ),
 ( 0.0000000000000000000, 0.07064371857535416133, 0.1382567155089047262, 0.2033641242175800445, 0.2663240938030567717, 0.3279047615429894758, 0.3887377151730921909, 0.4494235281093024725, 0.5108610114593156171, 0.5720793960475146767, 0.6317344287314453632, 0.6911172105788376818, 0.7503600294901704437, 0.8100329005312620900, 0.8713624508287363124, 0.9344271412311533354, 1.000000000000000000 ),
 .UNSPECIFIED. ) ;
#4066 = CARTESIAN_POINT ( 'NONE',  ( 0.05944368121785965908, -0.1852716178472235964, 0.5989999999999999769 ) ) ;
#4067 = ADVANCED_FACE ( 'NONE', ( #1823 ), #5967, .T. ) ;
#4068 =( NAMED_UNIT ( * ) PLANE_ANGLE_UNIT ( ) SI_UNIT ( $, .RADIAN. ) );
#4069 = ORIENTED_EDGE ( 'NONE', *, *, #411, .F. ) ;
#4070 = PLANE ( 'NONE',  #1157 ) ;
#4071 = ORIENTED_EDGE ( 'NONE', *, *, #4215, .T. ) ;
#4072 =( GEOMETRIC_REPRESENTATION_CONTEXT ( 3 ) GLOBAL_UNCERTAINTY_ASSIGNED_CONTEXT ( ( #2484 ) ) GLOBAL_UNIT_ASSIGNED_CONTEXT ( ( #2257, #385, #2169 ) ) REPRESENTATION_CONTEXT ( 'NONE', 'WORKASPACE' ) );
#4073 = CARTESIAN_POINT ( 'NONE',  ( 0.08917937667804562429, -0.1210441236601850767, -0.5989999999999999769 ) ) ;
#4074 = EDGE_CURVE ( 'NONE', #2674, #3046, #6450, .T. ) ;
#4075 = MECHANICAL_DESIGN_GEOMETRIC_PRESENTATION_REPRESENTATION (  '', ( #5964 ), #4617 ) ;
#4076 = CARTESIAN_POINT ( 'NONE',  ( 0.2183142852146310320, 0.1826144129251807413, -0.5989999999999999769 ) ) ;
#4077 =( NAMED_UNIT ( * ) SI_UNIT ( $, .STERADIAN. ) SOLID_ANGLE_UNIT ( ) );
#4078 = VERTEX_POINT ( 'NONE', #7622 ) ;
#4079 = COLOUR_RGB ( '',1.000000000000000000, 1.000000000000000000, 1.000000000000000000 ) ;
#4080 =( GEOMETRIC_REPRESENTATION_CONTEXT ( 3 ) GLOBAL_UNCERTAINTY_ASSIGNED_CONTEXT ( ( #4517 ) ) GLOBAL_UNIT_ASSIGNED_CONTEXT ( ( #1527, #5747, #6830 ) ) REPRESENTATION_CONTEXT ( 'NONE', 'WORKASPACE' ) );
#4081 = SURFACE_SIDE_STYLE ('',( #4036 ) ) ;
#4082 = CARTESIAN_POINT ( 'NONE',  ( 0.1560127744530264149, -0.07724167023672535992, -0.5999999999999999778 ) ) ;
#4083 = FILL_AREA_STYLE_COLOUR ( '', #1078 ) ;
#4084 = FACE_OUTER_BOUND ( 'NONE', #5724, .T. ) ;
#4085 = CARTESIAN_POINT ( 'NONE',  ( 0.3592265341996294659, 0.003258602406720101374, 0.5989999999999998659 ) ) ;
#4087 = EDGE_LOOP ( 'NONE', ( #6763, #148, #1114, #122 ) ) ;
#4086 = CARTESIAN_POINT ( 'NONE',  ( -0.3273656703433487358, -0.007057080339806756815, -0.5989999999999999769 ) ) ;
#4088 = PRESENTATION_LAYER_ASSIGNMENT (  '', '', ( #5427 ) ) ;
#4089 = AXIS2_PLACEMENT_3D ( 'NONE', #6849, #3917, #2742 ) ;
#4090 = FILL_AREA_STYLE ('',( #2919 ) ) ;
#4091 = CARTESIAN_POINT ( 'NONE',  ( 0.2527627394621428936, 0.1452279401580202911, -0.5989999999999999769 ) ) ;
#4092 =( NAMED_UNIT ( * ) PLANE_ANGLE_UNIT ( ) SI_UNIT ( $, .RADIAN. ) );
#4093 = PLANE ( 'NONE',  #4392 ) ;
#4094 = VECTOR ( 'NONE', #5089, 1000.000000000000000 ) ;
#4095 = ORIENTED_EDGE ( 'NONE', *, *, #1469, .F. ) ;
#4096 = UNCERTAINTY_MEASURE_WITH_UNIT (LENGTH_MEASURE( 1.000000000000000082E-05 ), #1470, 'distance_accuracy_value', 'NONE');
#4097 = CARTESIAN_POINT ( 'NONE',  ( 0.3054028685377172536, -0.1901152728101741796, 0.5989999999999999769 ) ) ;
#4098 =( NAMED_UNIT ( * ) SI_UNIT ( $, .STERADIAN. ) SOLID_ANGLE_UNIT ( ) );
#4099 = CARTESIAN_POINT ( 'NONE',  ( 0.4007230935216682388, -0.07296408862893064007, 0.6000000000000000888 ) ) ;
#4100 = ADVANCED_FACE ( 'NONE', ( #3206 ), #5331, .T. ) ;
#4101 = ORIENTED_EDGE ( 'NONE', *, *, #4263, .T. ) ;
#4102 = ORIENTED_EDGE ( 'NONE', *, *, #306, .T. ) ;
#4103 = DIRECTION ( 'NONE',  ( 0.0000000000000000000, 0.0000000000000000000, 1.000000000000000000 ) ) ;
#4104 = ADVANCED_FACE ( 'NONE', ( #2115 ), #1325, .T. ) ;
#4105 = MECHANICAL_DESIGN_GEOMETRIC_PRESENTATION_REPRESENTATION (  '', ( #4235 ), #4741 ) ;
#4106 = SURFACE_SIDE_STYLE ('',( #129 ) ) ;
#4107 = EDGE_CURVE ( 'NONE', #2442, #3451, #805, .T. ) ;
#4108 = CARTESIAN_POINT ( 'NONE',  ( 1.646612987842787978, 0.2750000000000000222, -0.5499999999999999334 ) ) ;
#4109 = CARTESIAN_POINT ( 'NONE',  ( -0.2148221477121982081, 0.1460290470715222277, -0.5999999999999999778 ) ) ;
#4110 = B_SPLINE_SURFACE_WITH_KNOTS ( 'NONE', 3, 1, ( 
 ( #7633, #698 ),
 ( #6014, #2456 ),
 ( #110, #677 ),
 ( #4784, #3043 ),
 ( #4220, #4804 ),
 ( #1261, #1288 ),
 ( #7153, #5429 ) ),
 .UNSPECIFIED., .F., .F., .F.,
 ( 4, 1, 1, 1, 4 ),
 ( 2, 2 ),
 ( 0.0000000000000000000, 0.2702650867818812697, 0.5261481515932948660, 0.7700928756993693503, 1.000000000000000000 ),
 ( 0.0000000000000000000, 1.000000000000000000 ),
 .UNSPECIFIED. ) ;
#4111 = CARTESIAN_POINT ( 'NONE',  ( 0.05944368121785965908, -0.1852716178472235964, 0.5989999999999999769 ) ) ;
#4112 = CARTESIAN_POINT ( 'NONE',  ( 0.3306427913121919859, 0.02575465682761977210, -0.5989999999999999769 ) ) ;
#4113 = VECTOR ( 'NONE', #7023, 1000.000000000000000 ) ;
#4114 =( NAMED_UNIT ( * ) SI_UNIT ( $, .STERADIAN. ) SOLID_ANGLE_UNIT ( ) );
#4115 = CARTESIAN_POINT ( 'NONE',  ( 0.08917937667804562429, 0.1789558763398149122, -0.5999999999999999778 ) ) ;
#4116 = ORIENTED_EDGE ( 'NONE', *, *, #1543, .T. ) ;
#4117 = CARTESIAN_POINT ( 'NONE',  ( 0.2252973397544450751, -0.1745246666277113778, 0.5989999999999999769 ) ) ;
#4118 = LINE ( 'NONE', #6639, #6893 ) ;
#4119 = CARTESIAN_POINT ( 'NONE',  ( 1.299984549164874492, -0.7798703901076270428, -0.2300824939040017059 ) ) ;
#4120 = CARTESIAN_POINT ( 'NONE',  ( 0.3708866937512163564, 0.02329657755932710780, -0.5999999999999999778 ) ) ;
#4121 =( NAMED_UNIT ( * ) PLANE_ANGLE_UNIT ( ) SI_UNIT ( $, .RADIAN. ) );
#4122 = DIRECTION ( 'NONE',  ( -1.000000000000000000, 0.0000000000000000000, 0.0000000000000000000 ) ) ;
#4123 = COLOUR_RGB ( '',0.5019607843137254832, 0.5019607843137254832, 0.5019607843137254832 ) ;
#4124 = ORIENTED_EDGE ( 'NONE', *, *, #3482, .F. ) ;
#4125 = DIRECTION ( 'NONE',  ( -0.0000000000000000000, -0.0000000000000000000, -1.000000000000000000 ) ) ;
#4126 = EDGE_CURVE ( 'NONE', #2415, #3990, #4587, .T. ) ;
#4127 = FILL_AREA_STYLE ('',( #1729 ) ) ;
#4128 = STYLED_ITEM ( 'NONE', ( #3757 ), #1087 ) ;
#4129 = CARTESIAN_POINT ( 'NONE',  ( -0.3312629049294128492, 0.04539940183474062280, -0.6000000000000001998 ) ) ;
#4130 = SURFACE_STYLE_FILL_AREA ( #813 ) ;
#4131 = CYLINDRICAL_SURFACE ( 'NONE', #1940, 0.02999999999999997113 ) ;
#4132 = DIRECTION ( 'NONE',  ( -0.08715574274765516827, 0.0000000000000000000, -0.9961946980917458783 ) ) ;
#4133 =( NAMED_UNIT ( * ) PLANE_ANGLE_UNIT ( ) SI_UNIT ( $, .RADIAN. ) );
#4134 = ORIENTED_EDGE ( 'NONE', *, *, #2898, .T. ) ;
#4135 = EDGE_CURVE ( 'NONE', #2091, #1775, #3196, .T. ) ;
#4136 = VECTOR ( 'NONE', #3268, 1000.000000000000000 ) ;
#4137 = UNCERTAINTY_MEASURE_WITH_UNIT (LENGTH_MEASURE( 1.000000000000000082E-05 ), #67, 'distance_accuracy_value', 'NONE');
#4138 = ADVANCED_FACE ( 'NONE', ( #5521 ), #6742, .T. ) ;
#4139 = CARTESIAN_POINT ( 'NONE',  ( 0.2983156324373719137, 0.01472838215277644941, 0.5989999999999999769 ) ) ;
#4140 = SURFACE_STYLE_FILL_AREA ( #2130 ) ;
#4141 = CARTESIAN_POINT ( 'NONE',  ( 0.3708866937512163564, 0.02329657755932710780, -0.5989999999999999769 ) ) ;
#4142 = VERTEX_POINT ( 'NONE', #3179 ) ;
#4143 = DIRECTION ( 'NONE',  ( -0.0000000000000000000, 0.0000000000000000000, 1.000000000000000000 ) ) ;
#4144 = LINE ( 'NONE', #4367, #7348 ) ;
#4146 = ORIENTED_EDGE ( 'NONE', *, *, #716, .T. ) ;
#4145 = CARTESIAN_POINT ( 'NONE',  ( -1.349999999999999867, -0.7999999999999998224, 0.0000000000000000000 ) ) ;
#4147 = LINE ( 'NONE', #5853, #4772 ) ;
#4148 = CIRCLE ( 'NONE', #6314, 0.1599999999999997813 ) ;
#4149 = CARTESIAN_POINT ( 'NONE',  ( 0.3909754078441628478, -0.1048528277862409847, 0.5989999999999997549 ) ) ;
#4150 = ORIENTED_EDGE ( 'NONE', *, *, #6984, .F. ) ;
#4151 = UNCERTAINTY_MEASURE_WITH_UNIT (LENGTH_MEASURE( 1.000000000000000082E-05 ), #5030, 'distance_accuracy_value', 'NONE');
#4152 = AXIS2_PLACEMENT_3D ( 'NONE', #1721, #5879, #5334 ) ;
#4153 = COLOUR_RGB ( '',1.000000000000000000, 1.000000000000000000, 1.000000000000000000 ) ;
#4154 = VERTEX_POINT ( 'NONE', #5105 ) ;
#4155 = CARTESIAN_POINT ( 'NONE',  ( 0.4523528538858238579, -0.08828593041769501604, 0.5989999999999999769 ) ) ;
#4156 =( NAMED_UNIT ( * ) PLANE_ANGLE_UNIT ( ) SI_UNIT ( $, .RADIAN. ) );
#4157 = FILL_AREA_STYLE_COLOUR ( '', #1927 ) ;
#4158 = ORIENTED_EDGE ( 'NONE', *, *, #7055, .T. ) ;
#4159 = LINE ( 'NONE', #3020, #5546 ) ;
#4160 = CARTESIAN_POINT ( 'NONE',  ( -0.3272842451551620790, 0.07043979673564244870, -0.5999999999999999778 ) ) ;
#4161 = CIRCLE ( 'NONE', #2992, 0.02999999999999997113 ) ;
#4162 = DIRECTION ( 'NONE',  ( -0.0000000000000000000, -0.0000000000000000000, -1.000000000000000000 ) ) ;
#4163 = LINE ( 'NONE', #2348, #3968 ) ;
#4164 = B_SPLINE_SURFACE_WITH_KNOTS ( 'NONE', 3, 1, ( 
 ( #376, #1575 ),
 ( #3324, #4543 ),
 ( #4480, #1544 ),
 ( #2191, #3773 ),
 ( #795, #264 ),
 ( #6163, #3165 ),
 ( #3718, #6777 ) ),
 .UNSPECIFIED., .F., .F., .F.,
 ( 4, 1, 1, 1, 4 ),
 ( 2, 2 ),
 ( 0.0000000000000000000, 0.1744817153170511170, 0.3982857591281124821, 0.6738978473986669826, 1.000000000000000000 ),
 ( 0.0000000000000000000, 1.000000000000000000 ),
 .UNSPECIFIED. ) ;
#4165 = CARTESIAN_POINT ( 'NONE',  ( -0.1064099773187257153, 0.2147283821527764813, 0.5989999999999999769 ) ) ;
#4166 = CARTESIAN_POINT ( 'NONE',  ( -0.3658041971656182390, 0.07896677015178715786, -0.5999999999999996447 ) ) ;
#4167 = DIRECTION ( 'NONE',  ( 0.0000000000000000000, 0.0000000000000000000, -1.000000000000000000 ) ) ;
#4168 = VECTOR ( 'NONE', #2332, 1000.000000000000000 ) ;
#4169 =( GEOMETRIC_REPRESENTATION_CONTEXT ( 3 ) GLOBAL_UNCERTAINTY_ASSIGNED_CONTEXT ( ( #5146 ) ) GLOBAL_UNIT_ASSIGNED_CONTEXT ( ( #4275, #123, #1954 ) ) REPRESENTATION_CONTEXT ( 'NONE', 'WORKASPACE' ) );
#4170 = ORIENTED_EDGE ( 'NONE', *, *, #5338, .F. ) ;
#4171 = SURFACE_STYLE_USAGE ( .BOTH. , #54 ) ;
#4172 = STYLED_ITEM ( 'NONE', ( #4400 ), #6644 ) ;
#4173 = DIRECTION ( 'NONE',  ( -1.000000000000000000, 0.0000000000000000000, 0.0000000000000000000 ) ) ;
#4174 = CARTESIAN_POINT ( 'NONE',  ( 0.0000000000000000000, 0.0000000000000000000, -0.5999999999999999778 ) ) ;
#4175 = EDGE_CURVE ( 'NONE', #3167, #6316, #4952, .T. ) ;
#4176 = STYLED_ITEM ( 'NONE', ( #5175 ), #917 ) ;
#4177 = LINE ( 'NONE', #2595, #2986 ) ;
#4178 = PRESENTATION_LAYER_ASSIGNMENT (  '', '', ( #7095 ) ) ;
#4179 = ORIENTED_EDGE ( 'NONE', *, *, #4671, .F. ) ;
#4180 = CARTESIAN_POINT ( 'NONE',  ( -0.06447915990732011604, 0.1789558763398149122, -0.5989999999999999769 ) ) ;
#4181 = CARTESIAN_POINT ( 'NONE',  ( 0.2769405943268481995, -0.07952419422583427433, -0.5999999999999995337 ) ) ;
#4182 = CARTESIAN_POINT ( 'NONE',  ( 1.270016866663922661, 0.7200168666639229498, 0.5699999999999999512 ) ) ;
#4183 = ORIENTED_EDGE ( 'NONE', *, *, #1045, .T. ) ;
#4184 = ORIENTED_EDGE ( 'NONE', *, *, #5832, .F. ) ;
#4185 = VECTOR ( 'NONE', #6284, 1000.000000000000114 ) ;
#4186 = CARTESIAN_POINT ( 'NONE',  ( -0.3716750729172583201, 0.02706246684156856513, -0.5999999999999998668 ) ) ;
#4187 = VERTEX_POINT ( 'NONE', #984 ) ;
#4188 = UNCERTAINTY_MEASURE_WITH_UNIT (LENGTH_MEASURE( 1.000000000000000082E-05 ), #5579, 'distance_accuracy_value', 'NONE');
#4189 = CARTESIAN_POINT ( 'NONE',  ( 0.3264516857145297046, 0.06504262219748120633, -0.5989999999999997549 ) ) ;
#4190 = CARTESIAN_POINT ( 'NONE',  ( 0.4350534373154206769, 0.2147283821527764813, 0.5989999999999999769 ) ) ;
#4191 = VERTEX_POINT ( 'NONE', #2785 ) ;
#4192 = STYLED_ITEM ( 'NONE', ( #3947 ), #4100 ) ;
#4193 = STYLED_ITEM ( 'NONE', ( #448 ), #7014 ) ;
#4194 = EDGE_CURVE ( 'NONE', #5121, #1398, #2833, .T. ) ;
#4195 = STYLED_ITEM ( 'NONE', ( #4034 ), #4646 ) ;
#4196 = CARTESIAN_POINT ( 'NONE',  ( 0.2717325567814053988, -0.1880575504213573279, 0.5999999999999998668 ) ) ;
#4197 = CARTESIAN_POINT ( 'NONE',  ( 0.2183142852146310320, 0.1826144129251807413, -0.5989999999999999769 ) ) ;
#4198 = DIRECTION ( 'NONE',  ( 1.000000000000000000, 0.0000000000000000000, -0.0000000000000000000 ) ) ;
#4199 = CARTESIAN_POINT ( 'NONE',  ( 1.429594623791681229, 0.2750000000000000222, 4.864353580123063085E-17 ) ) ;
#4200 =( NAMED_UNIT ( * ) PLANE_ANGLE_UNIT ( ) SI_UNIT ( $, .RADIAN. ) );
#4201 =( LENGTH_UNIT ( ) NAMED_UNIT ( * ) SI_UNIT ( .MILLI., .METRE. ) );
#4202 = ADVANCED_FACE ( 'NONE', ( #7082 ), #7515, .T. ) ;
#4203 =( LENGTH_UNIT ( ) NAMED_UNIT ( * ) SI_UNIT ( .MILLI., .METRE. ) );
#4204 = CARTESIAN_POINT ( 'NONE',  ( -0.2396278854759994470, 0.1444333453897458097, -0.5989999999999998659 ) ) ;
#4205 = VERTEX_POINT ( 'NONE', #1048 ) ;
#4206 = DIRECTION ( 'NONE',  ( 0.0000000000000000000, 1.000000000000000000, 0.0000000000000000000 ) ) ;
#4207 = LINE ( 'NONE', #1674, #449 ) ;
#4208 = SURFACE_STYLE_USAGE ( .BOTH. , #2467 ) ;
#4209 = EDGE_CURVE ( 'NONE', #6940, #907, #1359, .T. ) ;
#4210 = AXIS2_PLACEMENT_3D ( 'NONE', #3454, #5806, #538 ) ;
#4211 = LINE ( 'NONE', #7165, #5254 ) ;
#4212 = EDGE_LOOP ( 'NONE', ( #6757, #4620, #6166, #4158 ) ) ;
#4213 = CIRCLE ( 'NONE', #1123, 0.02999999999999997113 ) ;
#4214 = FACE_OUTER_BOUND ( 'NONE', #981, .T. ) ;
#4215 = EDGE_CURVE ( 'NONE', #3023, #4787, #2787, .T. ) ;
#4216 = LINE ( 'NONE', #5986, #3579 ) ;
#4217 = ORIENTED_EDGE ( 'NONE', *, *, #7560, .F. ) ;
#4218 = STYLED_ITEM ( 'NONE', ( #7628 ), #1585 ) ;
#4219 = DIRECTION ( 'NONE',  ( 0.0000000000000000000, 0.0000000000000000000, -1.000000000000000000 ) ) ;
#4220 = CARTESIAN_POINT ( 'NONE',  ( 0.2461106155647313498, 0.01294409010393307927, 0.5990000000000000879 ) ) ;
#4221 = PRESENTATION_LAYER_ASSIGNMENT (  '', '', ( #3438 ) ) ;
#4222 = DIRECTION ( 'NONE',  ( -0.08682659386424775028, -0.08682659386424779191, 0.9924325091389669673 ) ) ;
#4223 = ORIENTED_EDGE ( 'NONE', *, *, #4300, .T. ) ;
#4224 = VERTEX_POINT ( 'NONE', #3463 ) ;
#4225 = CARTESIAN_POINT ( 'NONE',  ( 0.2769405943268481995, -0.07952419422583427433, -0.5989999999999997549 ) ) ;
#4226 = DIRECTION ( 'NONE',  ( 0.0000000000000000000, -0.08715574274765836016, -0.9961946980917455452 ) ) ;
#4227 = PRESENTATION_STYLE_ASSIGNMENT (( #4668 ) ) ;
#4228 = DIRECTION ( 'NONE',  ( 0.0000000000000000000, 0.0000000000000000000, -1.000000000000000000 ) ) ;
#4229 = CARTESIAN_POINT ( 'NONE',  ( 0.2913276635145025661, 0.1241327179647963297, -0.5989999999999997549 ) ) ;
#4230 = CARTESIAN_POINT ( 'NONE',  ( -0.2724324891046430164, 0.1350220212279465148, -0.5989999999999999769 ) ) ;
#4231 = FILL_AREA_STYLE ('',( #7221 ) ) ;
#4232 = LINE ( 'NONE', #4832, #832 ) ;
#4233 = FILL_AREA_STYLE ('',( #6618 ) ) ;
#4234 = SURFACE_STYLE_USAGE ( .BOTH. , #1352 ) ;
#4235 = STYLED_ITEM ( 'NONE', ( #2875 ), #3264 ) ;
#4236 = ORIENTED_EDGE ( 'NONE', *, *, #4107, .F. ) ;
#4237 = EDGE_LOOP ( 'NONE', ( #260, #3557, #4365, #1640, #1418, #115, #2233, #7139, #3497, #1377, #2608, #1694 ) ) ;
#4238 = CARTESIAN_POINT ( 'NONE',  ( 0.4544544718415796658, -0.06546094592652781929, 0.5999999999999990896 ) ) ;
#4239 = CARTESIAN_POINT ( 'NONE',  ( -1.350000000000000311, 0.8000000000000002665, 0.0000000000000000000 ) ) ;
#4240 = EDGE_CURVE ( 'NONE', #1310, #7057, #7154, .T. ) ;
#4241 = ORIENTED_EDGE ( 'NONE', *, *, #355, .T. ) ;
#4242 = CARTESIAN_POINT ( 'NONE',  ( 0.4052246390294594880, -0.1630608030530724117, 0.5999999999999997558 ) ) ;
#4243 = DIRECTION ( 'NONE',  ( 0.0000000000000000000, -0.0000000000000000000, 1.000000000000000000 ) ) ;
#4244 = DIRECTION ( 'NONE',  ( 0.08682659386424777803, -0.08682659386424779191, -0.9924325091389670783 ) ) ;
#4245 = CARTESIAN_POINT ( 'NONE',  ( 0.3267328234132136910, -0.01152348574948075521, -0.5999999999999998668 ) ) ;
#4246 = CARTESIAN_POINT ( 'NONE',  ( 0.3657813396381343618, -0.02302025764223791446, -0.5990000000000000879 ) ) ;
#4247 = FILL_AREA_STYLE ('',( #6664 ) ) ;
#4248 =( GEOMETRIC_REPRESENTATION_CONTEXT ( 3 ) GLOBAL_UNCERTAINTY_ASSIGNED_CONTEXT ( ( #5573 ) ) GLOBAL_UNIT_ASSIGNED_CONTEXT ( ( #1299, #6105, #1274 ) ) REPRESENTATION_CONTEXT ( 'NONE', 'WORKASPACE' ) );
#4249 = DIRECTION ( 'NONE',  ( 1.000000000000000000, 0.0000000000000000000, 0.0000000000000000000 ) ) ;
#4250 = CARTESIAN_POINT ( 'NONE',  ( 0.3068115833971371553, 0.1075864756556006024, -0.5999999999999997558 ) ) ;
#4251 = CARTESIAN_POINT ( 'NONE',  ( 1.349999999999999867, 0.8000000000000002665, 0.0000000000000000000 ) ) ;
#4252 = EDGE_LOOP ( 'NONE', ( #5955, #5686, #754, #75 ) ) ;
#4253 = CARTESIAN_POINT ( 'NONE',  ( 0.1901411312881873261, 0.1471277711513402364, -0.5989999999999999769 ) ) ;
#4254 = ORIENTED_EDGE ( 'NONE', *, *, #5865, .F. ) ;
#4255 = FILL_AREA_STYLE_COLOUR ( '', #5041 ) ;
#4256 = ADVANCED_FACE ( 'NONE', ( #1262 ), #6669, .T. ) ;
#4257 = LINE ( 'NONE', #6468, #7403 ) ;
#4258 = EDGE_CURVE ( 'NONE', #946, #3244, #2008, .T. ) ;
#4259 =( GEOMETRIC_REPRESENTATION_CONTEXT ( 3 ) GLOBAL_UNCERTAINTY_ASSIGNED_CONTEXT ( ( #6233 ) ) GLOBAL_UNIT_ASSIGNED_CONTEXT ( ( #5232, #565, #5760 ) ) REPRESENTATION_CONTEXT ( 'NONE', 'WORKASPACE' ) );
#4260 = CARTESIAN_POINT ( 'NONE',  ( 0.4545656324373718582, -0.06072893492039429381, 0.5989999999999999769 ) ) ;
#4261 = ADVANCED_FACE ( 'NONE', ( #453 ), #4862, .T. ) ;
#4262 = CARTESIAN_POINT ( 'NONE',  ( 0.3417872544925598666, -0.07370638645964558422, -0.5990000000000000879 ) ) ;
#4263 = EDGE_CURVE ( 'NONE', #3805, #3711, #6756, .T. ) ;
#4264 = FILL_AREA_STYLE ('',( #2455 ) ) ;
#4265 = VECTOR ( 'NONE', #4623, 1000.000000000000000 ) ;
#4266 = ORIENTED_EDGE ( 'NONE', *, *, #3558, .T. ) ;
#4267 =( NAMED_UNIT ( * ) SI_UNIT ( $, .STERADIAN. ) SOLID_ANGLE_UNIT ( ) );
#4268 = UNCERTAINTY_MEASURE_WITH_UNIT (LENGTH_MEASURE( 1.000000000000000082E-05 ), #5166, 'distance_accuracy_value', 'NONE');
#4269 = DIRECTION ( 'NONE',  ( 0.0000000000000000000, -0.0000000000000000000, -1.000000000000000000 ) ) ;
#4270 = SURFACE_STYLE_USAGE ( .BOTH. , #168 ) ;
#4271 = CARTESIAN_POINT ( 'NONE',  ( 0.3289114349233800416, 0.05259303779766402037, -0.5989999999999999769 ) ) ;
#4272 = DIRECTION ( 'NONE',  ( 0.0000000000000000000, -0.0000000000000000000, 1.000000000000000000 ) ) ;
#4273 = CARTESIAN_POINT ( 'NONE',  ( 0.1640263083781701159, 0.1389634795238347265, -0.5989999999999999769 ) ) ;
#4274 = STYLED_ITEM ( 'NONE', ( #1147 ), #2522 ) ;
#4275 =( LENGTH_UNIT ( ) NAMED_UNIT ( * ) SI_UNIT ( .MILLI., .METRE. ) );
#4276 = CARTESIAN_POINT ( 'NONE',  ( 0.3315079454079140620, 0.05843059588424936307, 0.5999999999999998668 ) ) ;
#4277 = SURFACE_STYLE_USAGE ( .BOTH. , #1901 ) ;
#4278 = PRESENTATION_LAYER_ASSIGNMENT (  '', '', ( #4595 ) ) ;
#4279 = SURFACE_STYLE_FILL_AREA ( #4861 ) ;
#4280 = AXIS2_PLACEMENT_3D ( 'NONE', #5582, #6223, #2565 ) ;
#4281 = CARTESIAN_POINT ( 'NONE',  ( 0.0000000000000000000, 0.7200168666639229498, 0.5699999999999999512 ) ) ;
#4282 = CARTESIAN_POINT ( 'NONE',  ( 0.4525330818594071602, -0.03418543496120347858, 0.5989999999999999769 ) ) ;
#4283 = PRESENTATION_LAYER_ASSIGNMENT (  '', '', ( #3984 ) ) ;
#4284 = CARTESIAN_POINT ( 'NONE',  ( -0.07179623307805192700, -0.08811729439189239232, -0.5989999999999999769 ) ) ;
#4285 = ADVANCED_FACE ( 'NONE', ( #4639 ), #248, .T. ) ;
#4286 = B_SPLINE_SURFACE_WITH_KNOTS ( 'NONE', 3, 1, ( 
 ( #1710, #2831 ),
 ( #596, #3433 ),
 ( #2934, #4005 ),
 ( #3516, #1178 ),
 ( #4630, #1685 ),
 ( #2371, #5847 ),
 ( #2303, #5871 ),
 ( #6423, #1130 ),
 ( #5267, #2325 ),
 ( #6448, #5389 ),
 ( #3605, #3048 ),
 ( #617, #2979 ),
 ( #2998, #5364 ),
 ( #636, #3022 ),
 ( #682, #4166 ),
 ( #4749, #1228 ),
 ( #2418, #1886 ),
 ( #1265, #91 ),
 ( #3542, #5933 ) ),
 .UNSPECIFIED., .F., .F., .F.,
 ( 4, 1, 1, 1, 1, 1, 1, 1, 1, 1, 1, 1, 1, 1, 1, 1, 4 ),
 ( 2, 2 ),
 ( 0.0000000000000000000, 0.06863117867660141480, 0.1345664660386773348, 0.1983281540108811636, 0.2607897666408452997, 0.3219991514841584190, 0.3827217465030194332, 0.4435374740357287404, 0.5051334294849250117, 0.5662138747646718873, 0.6261058646175455822, 0.6853493221605165830, 0.7449958703477972399, 0.8054158418145626053, 0.8676362663459531444, 0.9323077823023293575, 1.000000000000000000 ),
 ( 0.0000000000000000000, 1.000000000000000000 ),
 .UNSPECIFIED. ) ;
#4287 = LINE ( 'NONE', #4984, #5433 ) ;
#4288 = CARTESIAN_POINT ( 'NONE',  ( -0.05716208673658842998, 0.04724855926664416061, -0.5989999999999999769 ) ) ;
#4289 = DIRECTION ( 'NONE',  ( 1.000000000000000000, 0.0000000000000000000, 0.0000000000000000000 ) ) ;
#4290 = ORIENTED_EDGE ( 'NONE', *, *, #6694, .F. ) ;
#4291 = DIRECTION ( 'NONE',  ( 1.000000000000000000, 0.0000000000000000000, 0.0000000000000000000 ) ) ;
#4292 =( LENGTH_UNIT ( ) NAMED_UNIT ( * ) SI_UNIT ( .MILLI., .METRE. ) );
#4293 = CARTESIAN_POINT ( 'NONE',  ( -0.4764075135658568105, -0.003970952928477775382, -0.5989999999999999769 ) ) ;
#4294 = ADVANCED_FACE ( 'NONE', ( #405 ), #5533, .T. ) ;
#4295 = CARTESIAN_POINT ( 'NONE',  ( 0.2913276635145025661, 0.1241327179647963297, -0.5999999999999997558 ) ) ;
#4296 = ORIENTED_EDGE ( 'NONE', *, *, #7173, .F. ) ;
#4297 = VECTOR ( 'NONE', #4982, 1000.000000000000000 ) ;
#4298 = PRESENTATION_STYLE_ASSIGNMENT (( #6595 ) ) ;
#4299 = CARTESIAN_POINT ( 'NONE',  ( 0.1708101952976497362, 0.1781085498415665713, -0.5999999999999999778 ) ) ;
#4300 = EDGE_CURVE ( 'NONE', #5170, #3961, #3428, .T. ) ;
#4301 =( LENGTH_UNIT ( ) NAMED_UNIT ( * ) SI_UNIT ( .MILLI., .METRE. ) );
#4302 = MECHANICAL_DESIGN_GEOMETRIC_PRESENTATION_REPRESENTATION (  '', ( #1408 ), #3377 ) ;
#4303 = VECTOR ( 'NONE', #2295, 1000.000000000000000 ) ;
#4304 = CARTESIAN_POINT ( 'NONE',  ( -0.1303328184439055681, -0.1210441236601850767, -0.5989999999999999769 ) ) ;
#4305 = CARTESIAN_POINT ( 'NONE',  ( 0.3941029938356465645, -0.1703200000235737810, 0.5999999999999996447 ) ) ;
#4306 = FILL_AREA_STYLE ('',( #6668 ) ) ;
#4307 = VECTOR ( 'NONE', #7040, 1000.000000000000000 ) ;
#4308 = STYLED_ITEM ( 'NONE', ( #6762 ), #99 ) ;
#4309 = CIRCLE ( 'NONE', #3614, 0.1599999999999999756 ) ;
#4310 = CARTESIAN_POINT ( 'NONE',  ( 0.2252973397544451029, -0.1745246666277114056, 0.5989999999999999769 ) ) ;
#4311 = UNCERTAINTY_MEASURE_WITH_UNIT (LENGTH_MEASURE( 1.000000000000000082E-05 ), #7493, 'distance_accuracy_value', 'NONE');
#4312 = ORIENTED_EDGE ( 'NONE', *, *, #1622, .T. ) ;
#4313 = PRESENTATION_STYLE_ASSIGNMENT (( #1438 ) ) ;
#4314 = ORIENTED_EDGE ( 'NONE', *, *, #4745, .T. ) ;
#4315 = CARTESIAN_POINT ( 'NONE',  ( 0.05944368121785965908, 0.1708259431283862262, 0.5989999999999999769 ) ) ;
#4316 = CARTESIAN_POINT ( 'NONE',  ( 0.4404137500883977263, 0.0002692949293695035560, 0.5989999999999999769 ) ) ;
#4317 = MECHANICAL_DESIGN_GEOMETRIC_PRESENTATION_REPRESENTATION (  '', ( #546 ), #6328 ) ;
#4318 = LINE ( 'NONE', #5821, #4610 ) ;
#4319 = LINE ( 'NONE', #1464, #1209 ) ;
#4320 = CARTESIAN_POINT ( 'NONE',  ( 0.3706094418757649445, 0.007221598853189104515, -0.6000000000000000888 ) ) ;
#4321 = MECHANICAL_DESIGN_GEOMETRIC_PRESENTATION_REPRESENTATION (  '', ( #7641 ), #5852 ) ;
#4322 = CARTESIAN_POINT ( 'NONE',  ( 0.3279674862869053076, 0.1389807243019586525, -0.5989999999999997549 ) ) ;
#4323 = ADVANCED_FACE ( 'NONE', ( #3788 ), #802, .T. ) ;
#4324 = SURFACE_STYLE_USAGE ( .BOTH. , #3222 ) ;
#4325 = CARTESIAN_POINT ( 'NONE',  ( 0.3328507490020746751, -0.08427541857796910785, -0.5999999999999999778 ) ) ;
#4326 = FILL_AREA_STYLE ('',( #2505 ) ) ;
#4327 = LINE ( 'NONE', #1346, #2782 ) ;
#4328 =( NAMED_UNIT ( * ) PLANE_ANGLE_UNIT ( ) SI_UNIT ( $, .RADIAN. ) );
#4329 = FILL_AREA_STYLE_COLOUR ( '', #2180 ) ;
#4330 = VERTEX_POINT ( 'NONE', #6019 ) ;
#4331 = DIRECTION ( 'NONE',  ( -1.000000000000000000, -0.0000000000000000000, -0.0000000000000000000 ) ) ;
#4332 = CARTESIAN_POINT ( 'NONE',  ( 0.3306427913121919859, 0.02575465682761977210, -0.5999999999999999778 ) ) ;
#4333 = CARTESIAN_POINT ( 'NONE',  ( 0.2247167242390212538, -0.09177583097725826311, -0.5989999999999999769 ) ) ;
#4334 =( NAMED_UNIT ( * ) PLANE_ANGLE_UNIT ( ) SI_UNIT ( $, .RADIAN. ) );
#4335 = CYLINDRICAL_SURFACE ( 'NONE', #6323, 0.02999999999999997113 ) ;
#4336 = PRESENTATION_LAYER_ASSIGNMENT (  '', '', ( #788 ) ) ;
#4337 = EDGE_CURVE ( 'NONE', #1308, #6621, #3240, .T. ) ;
#4338 = FILL_AREA_STYLE_COLOUR ( '', #6615 ) ;
#4339 = MECHANICAL_DESIGN_GEOMETRIC_PRESENTATION_REPRESENTATION (  '', ( #6719 ), #7614 ) ;
#4340 =( NAMED_UNIT ( * ) SI_UNIT ( $, .STERADIAN. ) SOLID_ANGLE_UNIT ( ) );
#4341 = ORIENTED_EDGE ( 'NONE', *, *, #6416, .F. ) ;
#4342 = EDGE_CURVE ( 'NONE', #3972, #5491, #4800, .T. ) ;
#4343 = PRESENTATION_STYLE_ASSIGNMENT (( #5110 ) ) ;
#4344 = DIRECTION ( 'NONE',  ( 3.161846635422034774E-16, 1.000000000000000000, -3.614007241618351532E-15 ) ) ;
#4345 = PLANE ( 'NONE',  #2918 ) ;
#4346 = CARTESIAN_POINT ( 'NONE',  ( 0.3708866937512163564, 0.02329657755932710780, -0.5989999999999999769 ) ) ;
#4347 = CARTESIAN_POINT ( 'NONE',  ( 0.3705003280246997321, 0.04055613636284249868, -0.6000000000000001998 ) ) ;
#4348 = CARTESIAN_POINT ( 'NONE',  ( 0.2973282157579631435, -0.1460938667996341256, 0.5989999999999999769 ) ) ;
#4349 = CARTESIAN_POINT ( 'NONE',  ( -0.3261666947247298665, 0.1400460864686211837, -0.5989999999999999769 ) ) ;
#4350 = FILL_AREA_STYLE_COLOUR ( '', #3870 ) ;
#4351 = CARTESIAN_POINT ( 'NONE',  ( 0.2456536906161726208, -0.1243593743704132504, -0.5989999999999999769 ) ) ;
#4352 = FILL_AREA_STYLE ('',( #5481 ) ) ;
#4353 = VECTOR ( 'NONE', #3722, 1000.000000000000000 ) ;
#4354 = ORIENTED_EDGE ( 'NONE', *, *, #3060, .T. ) ;
#4355 = B_SPLINE_CURVE_WITH_KNOTS ( 'NONE', 3,
 ( #4260, #2972, #5493, #4155, #7085, #5471, #1219, #7284, #1191, #4881, #1961, #792, #626, #6699, #4847, #1986, #2535, #4718, #7255 ),
 .UNSPECIFIED., .F., .F.,
 ( 4, 1, 1, 1, 1, 1, 1, 1, 1, 1, 1, 1, 1, 1, 1, 1, 4 ),
 ( 0.0000000000000000000, 0.06488527681657797752, 0.1271384161393489809, 0.1873270973904664904, 0.2461955700795512014, 0.3038706566704954537, 0.3616887795469063138, 0.4199839335589395373, 0.4796231941939218535, 0.5398249918547913806, 0.6002412912934528277, 0.6615031316206386736, 0.7239598388480761315, 0.7888282650204218038, 0.8559495557432338364, 0.9264211154567251194, 1.000000000000000000 ),
 .UNSPECIFIED. ) ;
#4356 = DIRECTION ( 'NONE',  ( -0.0000000000000000000, -0.0000000000000000000, -1.000000000000000000 ) ) ;
#4357 = MECHANICAL_DESIGN_GEOMETRIC_PRESENTATION_REPRESENTATION (  '', ( #670 ), #2799 ) ;
#4358 = ORIENTED_EDGE ( 'NONE', *, *, #3060, .F. ) ;
#4359 = ADVANCED_FACE ( 'NONE', ( #6020 ), #5096, .T. ) ;
#4360 = SURFACE_SIDE_STYLE ('',( #5509 ) ) ;
#4361 =( GEOMETRIC_REPRESENTATION_CONTEXT ( 3 ) GLOBAL_UNCERTAINTY_ASSIGNED_CONTEXT ( ( #4939 ) ) GLOBAL_UNIT_ASSIGNED_CONTEXT ( ( #4203, #2485, #686 ) ) REPRESENTATION_CONTEXT ( 'NONE', 'WORKASPACE' ) );
#4362 = COLOUR_RGB ( '',0.2509803921568627416, 0.2509803921568627416, 0.2509803921568627416 ) ;
#4363 = AXIS2_PLACEMENT_3D ( 'NONE', #3216, #1414, #6088 ) ;
#4364 = ORIENTED_EDGE ( 'NONE', *, *, #4879, .F. ) ;
#4365 = ORIENTED_EDGE ( 'NONE', *, *, #1284, .T. ) ;
#4366 = UNCERTAINTY_MEASURE_WITH_UNIT (LENGTH_MEASURE( 1.000000000000000082E-05 ), #640, 'distance_accuracy_value', 'NONE');
#4367 = CARTESIAN_POINT ( 'NONE',  ( -1.850000000000000089, -0.2750000000000000222, -0.5500000000000000444 ) ) ;
#4368 = DIRECTION ( 'NONE',  ( 0.08682659386424930459, 0.08682659386424834702, -0.9924325091389669673 ) ) ;
#4369 = CARTESIAN_POINT ( 'NONE',  ( 0.05944368121785965908, 0.1708259431283862262, 0.5989999999999999769 ) ) ;
#4370 =( NAMED_UNIT ( * ) SI_UNIT ( $, .STERADIAN. ) SOLID_ANGLE_UNIT ( ) );
#4371 = CARTESIAN_POINT ( 'NONE',  ( 0.1992417168902546054, 0.1485727543651844951, -0.5999999999999998668 ) ) ;
#4372 =( NAMED_UNIT ( * ) PLANE_ANGLE_UNIT ( ) SI_UNIT ( $, .RADIAN. ) );
#4373 = CARTESIAN_POINT ( 'NONE',  ( 0.3131484324977720779, 0.09800846245452733696, -0.5989999999999999769 ) ) ;
#4374 = PRESENTATION_STYLE_ASSIGNMENT (( #1632 ) ) ;
#4375 = CARTESIAN_POINT ( 'NONE',  ( -0.2313118205209142852, 0.1785921591405809639, -0.5999999999999998668 ) ) ;
#4376 = AXIS2_PLACEMENT_3D ( 'NONE', #7608, #4649, #4670 ) ;
#4377 = LINE ( 'NONE', #5174, #1434 ) ;
#4378 = LINE ( 'NONE', #2704, #1253 ) ;
#4379 = EDGE_CURVE ( 'NONE', #5764, #822, #6172, .T. ) ;
#4380 = CARTESIAN_POINT ( 'NONE',  ( 0.0000000000000000000, 0.0000000000000000000, 0.5989999999999999769 ) ) ;
#4381 =( LENGTH_UNIT ( ) NAMED_UNIT ( * ) SI_UNIT ( .MILLI., .METRE. ) );
#4382 = CARTESIAN_POINT ( 'NONE',  ( -0.3298263535507660604, 0.005221428626624587468, -0.6000000000000000888 ) ) ;
#4383 = CARTESIAN_POINT ( 'NONE',  ( -1.338163133249900882, -0.7582772923071483540, 0.1352960060544477205 ) ) ;
#4384 = APPLICATION_PROTOCOL_DEFINITION ( 'draft international standard', 'automotive_design', 1998, #2676 ) ;
#4385 = ADVANCED_FACE ( 'NONE', ( #5632 ), #4164, .T. ) ;
#4386 = ADVANCED_FACE ( 'NONE', ( #7266 ), #6679, .F. ) ;
#4387 =( LENGTH_UNIT ( ) NAMED_UNIT ( * ) SI_UNIT ( .MILLI., .METRE. ) );
#4388 =( NAMED_UNIT ( * ) SI_UNIT ( $, .STERADIAN. ) SOLID_ANGLE_UNIT ( ) );
#4389 = PRESENTATION_STYLE_ASSIGNMENT (( #1511 ) ) ;
#4390 = ORIENTED_EDGE ( 'NONE', *, *, #2631, .T. ) ;
#4391 = LINE ( 'NONE', #4481, #5824 ) ;
#4392 = AXIS2_PLACEMENT_3D ( 'NONE', #4145, #6508, #712 ) ;
#4393 = CARTESIAN_POINT ( 'NONE',  ( 0.3542819234305560339, 0.1021272321914985931, -0.5989999999999999769 ) ) ;
#4394 =( NAMED_UNIT ( * ) PLANE_ANGLE_UNIT ( ) SI_UNIT ( $, .RADIAN. ) );
#4395 = FILL_AREA_STYLE_COLOUR ( '', #1205 ) ;
#4396 = ADVANCED_FACE ( 'NONE', ( #5736 ), #4345, .T. ) ;
#4397 = CARTESIAN_POINT ( 'NONE',  ( 0.1901411312881873261, 0.1471277711513402364, -0.6000000000000000888 ) ) ;
#4398 =( NAMED_UNIT ( * ) PLANE_ANGLE_UNIT ( ) SI_UNIT ( $, .RADIAN. ) );
#4399 = PRESENTATION_STYLE_ASSIGNMENT (( #2041 ) ) ;
#4400 = PRESENTATION_STYLE_ASSIGNMENT (( #2621 ) ) ;
#4401 = DIRECTION ( 'NONE',  ( 0.0000000000000000000, -0.9961946980917455452, -0.08715574274765805485 ) ) ;
#4402 = ORIENTED_EDGE ( 'NONE', *, *, #2030, .F. ) ;
#4403 = DIRECTION ( 'NONE',  ( 0.0000000000000000000, -1.000000000000000000, 0.0000000000000000000 ) ) ;
#4404 = ORIENTED_EDGE ( 'NONE', *, *, #2327, .F. ) ;
#4405 = STYLED_ITEM ( 'NONE', ( #4298 ), #6678 ) ;
#4406 =( NAMED_UNIT ( * ) PLANE_ANGLE_UNIT ( ) SI_UNIT ( $, .RADIAN. ) );
#4407 =( NAMED_UNIT ( * ) SI_UNIT ( $, .STERADIAN. ) SOLID_ANGLE_UNIT ( ) );
#4408 = EDGE_CURVE ( 'NONE', #7576, #2950, #4144, .T. ) ;
#4409 = DIRECTION ( 'NONE',  ( -7.228014483236703064E-15, -1.000000000000000000, 0.0000000000000000000 ) ) ;
#4410 = PRESENTATION_LAYER_ASSIGNMENT (  '', '', ( #863 ) ) ;
#4411 = UNCERTAINTY_MEASURE_WITH_UNIT (LENGTH_MEASURE( 1.000000000000000082E-05 ), #683, 'distance_accuracy_value', 'NONE');
#4412 = VERTEX_POINT ( 'NONE', #2562 ) ;
#4413 = CARTESIAN_POINT ( 'NONE',  ( -0.5238430321488817265, 0.1305439623166722019, -0.5999999999999999778 ) ) ;
#4414 = DIRECTION ( 'NONE',  ( -1.355252715606880543E-16, -1.000000000000000000, 0.0000000000000000000 ) ) ;
#4415 = EDGE_LOOP ( 'NONE', ( #637, #4179, #432, #5674 ) ) ;
#4416 = EDGE_CURVE ( 'NONE', #7183, #2487, #5534, .T. ) ;
#4417 = CARTESIAN_POINT ( 'NONE',  ( -1.270016866663923105, 0.7200168666639229498, -0.5699999999999999512 ) ) ;
#4418 = CARTESIAN_POINT ( 'NONE',  ( 1.588985775486360774, -0.2750000000000000222, 0.003944918839624810165 ) ) ;
#4419 = ORIENTED_EDGE ( 'NONE', *, *, #1899, .T. ) ;
#4420 = CARTESIAN_POINT ( 'NONE',  ( 0.1748134205703820165, -0.1173727826686825487, -0.5989999999999997549 ) ) ;
#4421 = EDGE_LOOP ( 'NONE', ( #5382, #2513, #5958, #2125 ) ) ;
#4422 = CARTESIAN_POINT ( 'NONE',  ( 0.3705003280246997321, 0.04055613636284249868, -0.5989999999999999769 ) ) ;
#4423 = SURFACE_STYLE_USAGE ( .BOTH. , #340 ) ;
#4424 = CARTESIAN_POINT ( 'NONE',  ( 0.1477159620438993348, 0.1304802665837173359, -0.5999999999999999778 ) ) ;
#4425 = VERTEX_POINT ( 'NONE', #2537 ) ;
#4426 = ORIENTED_EDGE ( 'NONE', *, *, #514, .T. ) ;
#4427 = LINE ( 'NONE', #1080, #203 ) ;
#4428 =( NAMED_UNIT ( * ) SI_UNIT ( $, .STERADIAN. ) SOLID_ANGLE_UNIT ( ) );
#4429 = ADVANCED_FACE ( 'NONE', ( #6374 ), #7257, .T. ) ;
#4430 = SURFACE_SIDE_STYLE ('',( #4851 ) ) ;
#4431 = SURFACE_STYLE_FILL_AREA ( #5683 ) ;
#4432 = CARTESIAN_POINT ( 'NONE',  ( -0.1064099773187257153, 0.2147283821527764813, 0.5989999999999999769 ) ) ;
#4433 = ORIENTED_EDGE ( 'NONE', *, *, #598, .T. ) ;
#4434 = MECHANICAL_DESIGN_GEOMETRIC_PRESENTATION_REPRESENTATION (  '', ( #3639 ), #5655 ) ;
#4435 = EDGE_CURVE ( 'NONE', #2237, #3846, #2216, .T. ) ;
#4436 =( GEOMETRIC_REPRESENTATION_CONTEXT ( 3 ) GLOBAL_UNCERTAINTY_ASSIGNED_CONTEXT ( ( #1816 ) ) GLOBAL_UNIT_ASSIGNED_CONTEXT ( ( #676, #3540, #6561 ) ) REPRESENTATION_CONTEXT ( 'NONE', 'WORKASPACE' ) );
#4437 = CARTESIAN_POINT ( 'NONE',  ( -0.2733269197462125932, -0.07596560956470924109, -0.5989999999999999769 ) ) ;
#4438 = EDGE_CURVE ( 'NONE', #2091, #3766, #554, .T. ) ;
#4439 = ORIENTED_EDGE ( 'NONE', *, *, #1581, .F. ) ;
#4440 = PLANE ( 'NONE',  #2365 ) ;
#4441 = AXIS2_PLACEMENT_3D ( 'NONE', #1659, #512, #4628 ) ;
#4442 = DIRECTION ( 'NONE',  ( 0.0000000000000000000, 1.000000000000000000, 0.0000000000000000000 ) ) ;
#4443 =( NAMED_UNIT ( * ) SI_UNIT ( $, .STERADIAN. ) SOLID_ANGLE_UNIT ( ) );
#4444 = CARTESIAN_POINT ( 'NONE',  ( 0.3708866937512163564, 0.02329657755932710780, -0.6000000000000000888 ) ) ;
#4445 = VERTEX_POINT ( 'NONE', #3694 ) ;
#4446 = SURFACE_SIDE_STYLE ('',( #5575 ) ) ;
#4447 = CARTESIAN_POINT ( 'NONE',  ( 1.032390010713868378, 0.2750000000000000222, 0.0000000000000000000 ) ) ;
#4448 = VERTEX_POINT ( 'NONE', #3186 ) ;
#4449 = DIRECTION ( 'NONE',  ( -0.0000000000000000000, 0.0000000000000000000, 1.000000000000000000 ) ) ;
#4450 = SURFACE_STYLE_USAGE ( .BOTH. , #6761 ) ;
#4451 = STYLED_ITEM ( 'NONE', ( #7280 ), #6156 ) ;
#4452 = CARTESIAN_POINT ( 'NONE',  ( 0.3022815452250991464, 0.01468114545719977765, 0.5989999999999999769 ) ) ;
#4453 = VECTOR ( 'NONE', #2952, 1000.000000000000000 ) ;
#4454 = EDGE_CURVE ( 'NONE', #2851, #3359, #5729, .T. ) ;
#4455 = UNCERTAINTY_MEASURE_WITH_UNIT (LENGTH_MEASURE( 1.000000000000000082E-05 ), #5996, 'distance_accuracy_value', 'NONE');
#4456 = CARTESIAN_POINT ( 'NONE',  ( -1.350000000000000311, 0.8000000000000002665, 0.0000000000000000000 ) ) ;
#4457 = ORIENTED_EDGE ( 'NONE', *, *, #6878, .T. ) ;
#4458 = EDGE_LOOP ( 'NONE', ( #5370, #419, #724, #2050 ) ) ;
#4459 = DIRECTION ( 'NONE',  ( 1.000000000000000000, 0.0000000000000000000, 0.0000000000000000000 ) ) ;
#4460 = DIRECTION ( 'NONE',  ( 1.000000000000000000, 0.0000000000000000000, 0.0000000000000000000 ) ) ;
#4461 = CARTESIAN_POINT ( 'NONE',  ( 0.3964964498487773548, -0.1210441236601850767, -0.5999999999999999778 ) ) ;
#4462 = AXIS2_PLACEMENT_3D ( 'NONE', #4655, #1807, #5265 ) ;
#4463 = CARTESIAN_POINT ( 'NONE',  ( 0.4541949792618403259, -0.04721784327160095940, 0.5989999999999998659 ) ) ;
#4464 = CYLINDRICAL_SURFACE ( 'NONE', #3707, 0.02999999999999997113 ) ;
#4465 = VECTOR ( 'NONE', #6744, 1000.000000000000114 ) ;
#4466 = DIRECTION ( 'NONE',  ( -0.0000000000000000000, -0.0000000000000000000, 1.000000000000000000 ) ) ;
#4467 = FILL_AREA_STYLE_COLOUR ( '', #2964 ) ;
#4468 = FILL_AREA_STYLE_COLOUR ( '', #5001 ) ;
#4469 = ADVANCED_FACE ( 'NONE', ( #5264 ), #4131, .T. ) ;
#4470 = MECHANICAL_DESIGN_GEOMETRIC_PRESENTATION_REPRESENTATION (  '', ( #2374 ), #5528 ) ;
#4471 = LINE ( 'NONE', #1378, #1613 ) ;
#4472 =( NAMED_UNIT ( * ) PLANE_ANGLE_UNIT ( ) SI_UNIT ( $, .RADIAN. ) );
#4473 = CARTESIAN_POINT ( 'NONE',  ( 0.2302616937512164119, -0.1247026602455509336, -0.5999999999999999778 ) ) ;
#4474 = CARTESIAN_POINT ( 'NONE',  ( 0.3279674862869053076, 0.1389807243019586525, -0.5989999999999997549 ) ) ;
#4475 = CARTESIAN_POINT ( 'NONE',  ( 0.2874162421934694511, 0.1708259431283862262, 0.5999999999999999778 ) ) ;
#4476 = SURFACE_STYLE_FILL_AREA ( #44 ) ;
#4477 =( NAMED_UNIT ( * ) SI_UNIT ( $, .STERADIAN. ) SOLID_ANGLE_UNIT ( ) );
#4478 =( LENGTH_UNIT ( ) NAMED_UNIT ( * ) SI_UNIT ( .MILLI., .METRE. ) );
#4479 = SURFACE_SIDE_STYLE ('',( #3450 ) ) ;
#4480 = CARTESIAN_POINT ( 'NONE',  ( -0.5303424439092295772, 0.1252631289323063446, -0.5989999999999999769 ) ) ;
#4481 = CARTESIAN_POINT ( 'NONE',  ( -1.299902707606675367, 0.7475068018844457374, 0.5726146722824297930 ) ) ;
#4482 = CIRCLE ( 'NONE', #4062, 0.02999999999999997113 ) ;
#4483 = PRESENTATION_STYLE_ASSIGNMENT (( #487 ) ) ;
#4484 = EDGE_LOOP ( 'NONE', ( #492, #893, #4544, #7016 ) ) ;
#4485 = CARTESIAN_POINT ( 'NONE',  ( 0.0000000000000000000, -0.7200168666639227277, 0.5699999999999999512 ) ) ;
#4486 = EDGE_CURVE ( 'NONE', #2474, #5398, #6912, .T. ) ;
#4487 = DIRECTION ( 'NONE',  ( 1.000000000000000000, 0.0000000000000000000, 1.224646799147352961E-16 ) ) ;
#4488 = FILL_AREA_STYLE_COLOUR ( '', #7338 ) ;
#4489 = COLOUR_RGB ( '',1.000000000000000000, 1.000000000000000000, 1.000000000000000000 ) ;
#4490 = B_SPLINE_CURVE_WITH_KNOTS ( 'NONE', 3,
 ( #1696, #4097, #5924, #1777, #1932, #6056, #2518, #154, #5448, #2380, #4310 ),
 .UNSPECIFIED., .F., .F.,
 ( 4, 1, 1, 1, 1, 1, 1, 1, 4 ),
 ( 0.0000000000000000000, 0.1577982071812360221, 0.3061917210691621483, 0.4436485036788493375, 0.5722006579886240729, 0.6915189310245575260, 0.8019275491415325252, 0.9051355876168557524, 1.000000000000000000 ),
 .UNSPECIFIED. ) ;
#4491 =( LENGTH_UNIT ( ) NAMED_UNIT ( * ) SI_UNIT ( .MILLI., .METRE. ) );
#4492 = CARTESIAN_POINT ( 'NONE',  ( -0.3239711646951853874, -0.01857970837052773730, -0.5989999999999998659 ) ) ;
#4493 = FILL_AREA_STYLE_COLOUR ( '', #6302 ) ;
#4494 = ORIENTED_EDGE ( 'NONE', *, *, #3791, .F. ) ;
#4495 = FACE_OUTER_BOUND ( 'NONE', #6541, .T. ) ;
#4496 = DIRECTION ( 'NONE',  ( 1.000000000000000000, 0.0000000000000000000, 0.0000000000000000000 ) ) ;
#4497 = VERTEX_POINT ( 'NONE', #6277 ) ;
#4498 = ORIENTED_EDGE ( 'NONE', *, *, #1300, .F. ) ;
#4499 =( NAMED_UNIT ( * ) SI_UNIT ( $, .STERADIAN. ) SOLID_ANGLE_UNIT ( ) );
#4500 = SURFACE_STYLE_FILL_AREA ( #4513 ) ;
#4501 = MECHANICAL_DESIGN_GEOMETRIC_PRESENTATION_REPRESENTATION (  '', ( #2488 ), #2893 ) ;
#4502 = DIRECTION ( 'NONE',  ( -0.0000000000000000000, -0.0000000000000000000, -1.000000000000000000 ) ) ;
#4503 = ORIENTED_EDGE ( 'NONE', *, *, #1430, .F. ) ;
#4504 = LINE ( 'NONE', #3672, #2768 ) ;
#4505 = CARTESIAN_POINT ( 'NONE',  ( 0.2471833213149078889, -0.08996723509223093773, -0.5999999999999999778 ) ) ;
#4506 = SURFACE_STYLE_USAGE ( .BOTH. , #400 ) ;
#4507 = PRESENTATION_LAYER_ASSIGNMENT (  '', '', ( #5964 ) ) ;
#4508 = ORIENTED_EDGE ( 'NONE', *, *, #3763, .T. ) ;
#4509 =( NAMED_UNIT ( * ) PLANE_ANGLE_UNIT ( ) SI_UNIT ( $, .RADIAN. ) );
#4510 = DIRECTION ( 'NONE',  ( -0.0000000000000000000, -1.000000000000000000, -0.0000000000000000000 ) ) ;
#4511 = VERTEX_POINT ( 'NONE', #5692 ) ;
#4512 = CARTESIAN_POINT ( 'NONE',  ( 0.3416094643836954381, 0.009717126279608296127, 0.5989999999999999769 ) ) ;
#4513 = FILL_AREA_STYLE ('',( #7419 ) ) ;
#4514 = COLOUR_RGB ( '',1.000000000000000000, 1.000000000000000000, 1.000000000000000000 ) ;
#4515 = CARTESIAN_POINT ( 'NONE',  ( -0.2148221477121982081, 0.1460290470715222277, -0.5989999999999999769 ) ) ;
#4516 = CARTESIAN_POINT ( 'NONE',  ( -0.3376931789691472452, 0.1291345637138614777, -0.5990000000000001990 ) ) ;
#4517 = UNCERTAINTY_MEASURE_WITH_UNIT (LENGTH_MEASURE( 1.000000000000000082E-05 ), #1527, 'distance_accuracy_value', 'NONE');
#4518 = VECTOR ( 'NONE', #6063, 1000.000000000000000 ) ;
#4519 = CARTESIAN_POINT ( 'NONE',  ( 0.2973282157579631435, -0.1460938667996341256, 0.5989999999999999769 ) ) ;
#4520 = EDGE_CURVE ( 'NONE', #5305, #2109, #3290, .T. ) ;
#4521 = CARTESIAN_POINT ( 'NONE',  ( -0.2921788132000143201, -0.06410318425805007492, -0.5989999999999999769 ) ) ;
#4522 = STYLED_ITEM ( 'NONE', ( #4483 ), #1529 ) ;
#4523 = PRESENTATION_STYLE_ASSIGNMENT (( #4788 ) ) ;
#4524 = CARTESIAN_POINT ( 'NONE',  ( -1.297506801884445782, 0.7200168666639229498, 0.5999999999999999778 ) ) ;
#4525 = SURFACE_STYLE_USAGE ( .BOTH. , #416 ) ;
#4526 = FILL_AREA_STYLE ('',( #2791 ) ) ;
#4527 = ORIENTED_EDGE ( 'NONE', *, *, #5793, .T. ) ;
#4528 = EDGE_CURVE ( 'NONE', #2473, #4611, #7258, .T. ) ;
#4529 = SURFACE_SIDE_STYLE ('',( #3056 ) ) ;
#4530 = CARTESIAN_POINT ( 'NONE',  ( 0.3178994949140394599, -0.1460002054815614514, 0.5999999999999999778 ) ) ;
#4531 = ORIENTED_EDGE ( 'NONE', *, *, #60, .F. ) ;
#4532 = SURFACE_STYLE_FILL_AREA ( #2255 ) ;
#4533 = CARTESIAN_POINT ( 'NONE',  ( 0.2182785536580317820, -0.1245621181812736483, -0.5989999999999998659 ) ) ;
#4534 = ORIENTED_EDGE ( 'NONE', *, *, #3229, .T. ) ;
#4535 = SURFACE_STYLE_FILL_AREA ( #3615 ) ;
#4536 = CARTESIAN_POINT ( 'NONE',  ( 1.350225305093208039, 0.7703394641504560658, 0.002575248999449004927 ) ) ;
#4537 = FILL_AREA_STYLE_COLOUR ( '', #4783 ) ;
#4538 = CARTESIAN_POINT ( 'NONE',  ( -0.3692668426485391509, -0.0002541559695930721129, -0.5990000000000000879 ) ) ;
#4539 = PRESENTATION_STYLE_ASSIGNMENT (( #7406 ) ) ;
#4540 = AXIS2_PLACEMENT_3D ( 'NONE', #5745, #6268, #3415 ) ;
#4541 = CARTESIAN_POINT ( 'NONE',  ( 0.3022815452250991464, 0.01468114545719977765, 0.6000000000000000888 ) ) ;
#4542 = VERTEX_POINT ( 'NONE', #2265 ) ;
#4543 = CARTESIAN_POINT ( 'NONE',  ( -0.5311970139800589186, 0.1225308754562358105, -0.6000000000000000888 ) ) ;
#4544 = ORIENTED_EDGE ( 'NONE', *, *, #6721, .T. ) ;
#4545 =( NAMED_UNIT ( * ) PLANE_ANGLE_UNIT ( ) SI_UNIT ( $, .RADIAN. ) );
#4546 = CARTESIAN_POINT ( 'NONE',  ( -0.6644791599073202049, -0.1210441236601850767, -0.5999999999999999778 ) ) ;
#4547 = DIRECTION ( 'NONE',  ( 1.000000000000000000, 0.0000000000000000000, -5.330734548809087965E-16 ) ) ;
#4549 = ORIENTED_EDGE ( 'NONE', *, *, #2384, .F. ) ;
#4548 = CARTESIAN_POINT ( 'NONE',  ( 0.4544400460816699905, -0.05615104681976310769, 0.5999999999999998668 ) ) ;
#4550 = STYLED_ITEM ( 'NONE', ( #551 ), #4104 ) ;
#4551 = B_SPLINE_CURVE_WITH_KNOTS ( 'NONE', 3,
 ( #1771, #4638, #1692, #7041, #7080, #3550, #4734, #5244, #5218, #1666, #5854, #6430, #4230, #4794, #687, #4204, #3565, #6546, #1793 ),
 .UNSPECIFIED., .F., .F.,
 ( 4, 1, 1, 1, 1, 1, 1, 1, 1, 1, 1, 1, 1, 1, 1, 1, 4 ),
 ( 0.0000000000000000000, 0.07430379644281587259, 0.1443936103644179458, 0.2104994961032797818, 0.2735426065034681220, 0.3338247445790735179, 0.3925296724085027278, 0.4500874545995853238, 0.5078206115557879485, 0.5654649127768465178, 0.6231487223336197312, 0.6812971927909353687, 0.7409134981565808076, 0.8018557521958579182, 0.8652412377209434124, 0.9309416570467443641, 1.000000000000000000 ),
 .UNSPECIFIED. ) ;
#4552 = SURFACE_STYLE_USAGE ( .BOTH. , #3440 ) ;
#4553 = AXIS2_PLACEMENT_3D ( 'NONE', #6648, #6005, #5511 ) ;
#4554 = VERTEX_POINT ( 'NONE', #7356 ) ;
#4555 = LINE ( 'NONE', #7312, #3546 ) ;
#4556 = CARTESIAN_POINT ( 'NONE',  ( -0.5315713855170760560, 0.1213339251203026936, -0.5989999999999999769 ) ) ;
#4557 = ADVANCED_FACE ( 'NONE', ( #5063 ), #6457, .T. ) ;
#4558 = CARTESIAN_POINT ( 'NONE',  ( 0.2252973397544450751, -0.1255155202862479891, 0.5989999999999999769 ) ) ;
#4559 = SURFACE_SIDE_STYLE ('',( #767 ) ) ;
#4560 = DIRECTION ( 'NONE',  ( 0.08682659386424780579, 0.08682659386424779191, 0.9924325091389669673 ) ) ;
#4561 = FACE_OUTER_BOUND ( 'NONE', #3977, .T. ) ;
#4562 = UNCERTAINTY_MEASURE_WITH_UNIT (LENGTH_MEASURE( 1.000000000000000082E-05 ), #1417, 'distance_accuracy_value', 'NONE');
#4563 = ORIENTED_EDGE ( 'NONE', *, *, #4681, .F. ) ;
#4564 = FILL_AREA_STYLE_COLOUR ( '', #4051 ) ;
#4565 = CARTESIAN_POINT ( 'NONE',  ( 0.2868713864149116111, -0.1450359532249090033, 0.5999999999999999778 ) ) ;
#4566 = STYLED_ITEM ( 'NONE', ( #173 ), #6799 ) ;
#4567 = ORIENTED_EDGE ( 'NONE', *, *, #124, .F. ) ;
#4568 = CARTESIAN_POINT ( 'NONE',  ( 0.3592265341996294659, 0.003258602406720101374, 0.5989999999999998659 ) ) ;
#4569 = EDGE_CURVE ( 'NONE', #4705, #4723, #457, .T. ) ;
#4570 = SURFACE_SIDE_STYLE ('',( #2651 ) ) ;
#4571 = AXIS2_PLACEMENT_3D ( 'NONE', #310, #4414, #357 ) ;
#4572 = DIRECTION ( 'NONE',  ( 0.0000000000000000000, 0.0000000000000000000, 1.000000000000000000 ) ) ;
#4573 = SURFACE_STYLE_FILL_AREA ( #5018 ) ;
#4574 = DIRECTION ( 'NONE',  ( -0.0000000000000000000, 0.0000000000000000000, -1.000000000000000000 ) ) ;
#4575 = PRESENTATION_LAYER_ASSIGNMENT (  '', '', ( #3429 ) ) ;
#4576 =( NAMED_UNIT ( * ) PLANE_ANGLE_UNIT ( ) SI_UNIT ( $, .RADIAN. ) );
#4577 = PRESENTATION_STYLE_ASSIGNMENT (( #6390 ) ) ;
#4578 = DIRECTION ( 'NONE',  ( -0.0000000000000000000, 0.0000000000000000000, -1.000000000000000000 ) ) ;
#4579 = FACE_OUTER_BOUND ( 'NONE', #6844, .T. ) ;
#4580 = VECTOR ( 'NONE', #5869, 1000.000000000000000 ) ;
#4581 = LINE ( 'NONE', #462, #3380 ) ;
#4582 = ORIENTED_EDGE ( 'NONE', *, *, #4435, .T. ) ;
#4583 = FACE_OUTER_BOUND ( 'NONE', #584, .T. ) ;
#4584 = DIRECTION ( 'NONE',  ( -0.0000000000000000000, -1.000000000000000000, -0.0000000000000000000 ) ) ;
#4585 = CARTESIAN_POINT ( 'NONE',  ( 0.3305594453571539804, 0.02136829511888840849, -0.5999999999999999778 ) ) ;
#4586 = CARTESIAN_POINT ( 'NONE',  ( 0.3455076610482828992, -0.1407448669986942624, 0.6000000000000000888 ) ) ;
#4587 = LINE ( 'NONE', #3735, #6538 ) ;
#4588 = SURFACE_SIDE_STYLE ('',( #7102 ) ) ;
#4589 = CARTESIAN_POINT ( 'NONE',  ( 0.3078430714617621522, -0.1462472276033211227, 0.5999999999999999778 ) ) ;
#4590 = ORIENTED_EDGE ( 'NONE', *, *, #4799, .T. ) ;
#4591 = DIRECTION ( 'NONE',  ( 1.000000000000000000, 0.0000000000000000000, 0.0000000000000000000 ) ) ;
#4592 = DIRECTION ( 'NONE',  ( -1.000000000000000000, 0.0000000000000000000, 5.330734548809088951E-16 ) ) ;
#4593 = FILL_AREA_STYLE ('',( #1548 ) ) ;
#4594 = DIRECTION ( 'NONE',  ( -0.0000000000000000000, -0.0000000000000000000, -1.000000000000000000 ) ) ;
#4595 = STYLED_ITEM ( 'NONE', ( #184 ), #3729 ) ;
#4596 = LINE ( 'NONE', #3577, #5261 ) ;
#4597 = EDGE_CURVE ( 'NONE', #6218, #7458, #3487, .T. ) ;
#4598 = PRESENTATION_LAYER_ASSIGNMENT (  '', '', ( #515 ) ) ;
#4599 = CARTESIAN_POINT ( 'NONE',  ( -0.3377235964015533054, -0.06834173454502842637, -0.5990000000000000879 ) ) ;
#4600 = EDGE_CURVE ( 'NONE', #6306, #7410, #7077, .T. ) ;
#4601 = DIRECTION ( 'NONE',  ( -0.0000000000000000000, -0.0000000000000000000, 1.000000000000000000 ) ) ;
#4602 = VECTOR ( 'NONE', #3452, 1000.000000000000000 ) ;
#4603 = AXIS2_PLACEMENT_3D ( 'NONE', #2633, #7376, #1489 ) ;
#4604 = B_SPLINE_CURVE_WITH_KNOTS ( 'NONE', 3,
 ( #2801, #4618, #2772, #4538, #5803, #1599, #402, #6923, #2737, #6948, #5727, #6389, #3425, #3371, #7499, #7532, #6870, #479, #2842 ),
 .UNSPECIFIED., .F., .F.,
 ( 4, 1, 1, 1, 1, 1, 1, 1, 1, 1, 1, 1, 1, 1, 1, 1, 4 ),
 ( 0.0000000000000000000, 0.06806869584499398995, 0.1334274328189550829, 0.1961460338131565395, 0.2570485924493127738, 0.3168826631591620813, 0.3761872086663216042, 0.4359603353635461698, 0.4965352368627262702, 0.5574653434807333996, 0.6176868634101471134, 0.6779436406969063800, 0.7388052848060405742, 0.8009493367665843078, 0.8648146674702267278, 0.9310247810786573819, 1.000000000000000000 ),
 .UNSPECIFIED. ) ;
#4605 = ORIENTED_EDGE ( 'NONE', *, *, #4671, .T. ) ;
#4606 = ADVANCED_FACE ( 'NONE', ( #6165 ), #4070, .T. ) ;
#4607 = DIRECTION ( 'NONE',  ( 0.9315776194850603487, -0.3635424856527064152, 0.0000000000000000000 ) ) ;
#4608 = VERTEX_POINT ( 'NONE', #6025 ) ;
#4609 = CARTESIAN_POINT ( 'NONE',  ( 0.3975006515609765256, -0.08982822476801366474, 0.6000000000000000888 ) ) ;
#4610 = VECTOR ( 'NONE', #1079, 1000.000000000000000 ) ;
#4611 = VERTEX_POINT ( 'NONE', #2512 ) ;
#4612 = AXIS2_PLACEMENT_3D ( 'NONE', #2751, #2148, #4574 ) ;
#4613 = DIRECTION ( 'NONE',  ( 0.08682659386424777803, -0.08682659386424777803, 0.9924325091389669673 ) ) ;
#4614 = DIRECTION ( 'NONE',  ( 1.000000000000000000, 0.0000000000000000000, 0.0000000000000000000 ) ) ;
#4615 = CARTESIAN_POINT ( 'NONE',  ( 0.3537570449820728324, -0.1376424719752947501, 0.5989999999999999769 ) ) ;
#4616 = EDGE_CURVE ( 'NONE', #3167, #237, #4659, .T. ) ;
#4617 =( GEOMETRIC_REPRESENTATION_CONTEXT ( 3 ) GLOBAL_UNCERTAINTY_ASSIGNED_CONTEXT ( ( #6896 ) ) GLOBAL_UNIT_ASSIGNED_CONTEXT ( ( #4201, #70, #1160 ) ) REPRESENTATION_CONTEXT ( 'NONE', 'WORKASPACE' ) );
#4618 = CARTESIAN_POINT ( 'NONE',  ( -0.3716750729172583201, 0.02706246684156856513, -0.5989999999999998659 ) ) ;
#4619 = UNCERTAINTY_MEASURE_WITH_UNIT (LENGTH_MEASURE( 1.000000000000000082E-05 ), #5860, 'distance_accuracy_value', 'NONE');
#4620 = ORIENTED_EDGE ( 'NONE', *, *, #2450, .F. ) ;
#4621 = VERTEX_POINT ( 'NONE', #7126 ) ;
#4622 = CIRCLE ( 'NONE', #7027, 0.01000000000000000368 ) ;
#4623 = DIRECTION ( 'NONE',  ( 0.0000000000000000000, -1.000000000000000000, 0.0000000000000000000 ) ) ;
#4624 = AXIS2_PLACEMENT_3D ( 'NONE', #3310, #5111, #7432 ) ;
#4625 =( LENGTH_UNIT ( ) NAMED_UNIT ( * ) SI_UNIT ( .MILLI., .METRE. ) );
#4626 = FILL_AREA_STYLE_COLOUR ( '', #1534 ) ;
#4627 = PRESENTATION_STYLE_ASSIGNMENT (( #800 ) ) ;
#4628 = DIRECTION ( 'NONE',  ( 0.0000000000000000000, 0.0000000000000000000, -1.000000000000000000 ) ) ;
#4629 = ORIENTED_EDGE ( 'NONE', *, *, #1526, .T. ) ;
#4630 = CARTESIAN_POINT ( 'NONE',  ( -0.2622778166797042343, 0.1735873716250540544, -0.5989999999999996438 ) ) ;
#4631 = CARTESIAN_POINT ( 'NONE',  ( -1.646612987842787978, 0.2750000000000000222, -0.5400000000000000355 ) ) ;
#4632 =( GEOMETRIC_REPRESENTATION_CONTEXT ( 3 ) GLOBAL_UNCERTAINTY_ASSIGNED_CONTEXT ( ( #740 ) ) GLOBAL_UNIT_ASSIGNED_CONTEXT ( ( #4381, #4993, #1353 ) ) REPRESENTATION_CONTEXT ( 'NONE', 'WORKASPACE' ) );
#4633 = PRESENTATION_LAYER_ASSIGNMENT (  '', '', ( #7641 ) ) ;
#4634 = ORIENTED_EDGE ( 'NONE', *, *, #2539, .T. ) ;
#4635 = CARTESIAN_POINT ( 'NONE',  ( 0.1477159620438993348, 0.1707241690227417341, -0.5989999999999999769 ) ) ;
#4636 = LINE ( 'NONE', #7401, #3426 ) ;
#4637 = CARTESIAN_POINT ( 'NONE',  ( -0.5474059891756128948, 0.1789558763398149122, -0.5989999999999999769 ) ) ;
#4638 = CARTESIAN_POINT ( 'NONE',  ( -0.3314539964643041237, 0.03646753822253821081, -0.5989999999999999769 ) ) ;
#4639 = FACE_OUTER_BOUND ( 'NONE', #1826, .T. ) ;
#4640 = FILL_AREA_STYLE_COLOUR ( '', #6539 ) ;
#4641 = CARTESIAN_POINT ( 'NONE',  ( -1.646612987842787978, 0.2750000000000000222, -0.5400000000000000355 ) ) ;
#4642 = ORIENTED_EDGE ( 'NONE', *, *, #3012, .T. ) ;
#4643 =( NAMED_UNIT ( * ) SI_UNIT ( $, .STERADIAN. ) SOLID_ANGLE_UNIT ( ) );
#4644 = CARTESIAN_POINT ( 'NONE',  ( 0.4009070958520060679, -0.06400637394478454756, 0.5989999999999999769 ) ) ;
#4645 = CARTESIAN_POINT ( 'NONE',  ( 0.08917937667804562429, 0.1789558763398149122, -0.5989999999999999769 ) ) ;
#4646 = ADVANCED_FACE ( 'NONE', ( #7627 ), #4771, .T. ) ;
#4647 = PRESENTATION_LAYER_ASSIGNMENT (  '', '', ( #4235 ) ) ;
#4648 = CARTESIAN_POINT ( 'NONE',  ( 0.4176676453331017447, 0.02742002580772539416, 0.5999999999999999778 ) ) ;
#4649 = DIRECTION ( 'NONE',  ( 0.0000000000000000000, 1.000000000000000000, 0.0000000000000000000 ) ) ;
#4650 = EDGE_CURVE ( 'NONE', #4542, #2181, #4482, .T. ) ;
#4651 = DIRECTION ( 'NONE',  ( 0.08715574274765516827, 0.0000000000000000000, 0.9961946980917458783 ) ) ;
#4652 = ORIENTED_EDGE ( 'NONE', *, *, #5155, .T. ) ;
#4653 = CARTESIAN_POINT ( 'NONE',  ( -0.5259692513707348027, 0.1423705104861563986, -0.5989999999999999769 ) ) ;
#4654 = CARTESIAN_POINT ( 'NONE',  ( 0.1738992878848321655, -0.08442281508491124298, -0.5989999999999999769 ) ) ;
#4655 = CARTESIAN_POINT ( 'NONE',  ( 1.270016866663922439, 0.7200168666639229498, 0.5699999999999999512 ) ) ;
#4656 = CARTESIAN_POINT ( 'NONE',  ( 1.299902707606674923, 0.7200168666639229498, -0.5726146722824297930 ) ) ;
#4657 = CARTESIAN_POINT ( 'NONE',  ( -1.429594623791681229, 0.2750000000000000222, -0.009999999999999953371 ) ) ;
#4658 = ORIENTED_EDGE ( 'NONE', *, *, #7322, .T. ) ;
#4659 = B_SPLINE_CURVE_WITH_KNOTS ( 'NONE', 3,
 ( #1870, #3659, #171, #4273, #4835, #149, #4253, #5981, #6571, #667, #6646 ),
 .UNSPECIFIED., .F., .F.,
 ( 4, 1, 1, 1, 1, 1, 1, 1, 4 ),
 ( 0.0000000000000000000, 0.1252796967356261115, 0.2494199707420509948, 0.3733567994928191913, 0.4966812787822861841, 0.6202029157439823415, 0.7450863201614561504, 0.8712691950190973866, 1.000000000000000000 ),
 .UNSPECIFIED. ) ;
#4660 = SURFACE_SIDE_STYLE ('',( #5972 ) ) ;
#4661 = ORIENTED_EDGE ( 'NONE', *, *, #7431, .T. ) ;
#4662 = FILL_AREA_STYLE_COLOUR ( '', #3955 ) ;
#4663 = CARTESIAN_POINT ( 'NONE',  ( 0.1765168519495669830, 0.1708259431283862262, 0.5989999999999999769 ) ) ;
#4664 = AXIS2_PLACEMENT_3D ( 'NONE', #4631, #5296, #2304 ) ;
#4665 = UNCERTAINTY_MEASURE_WITH_UNIT (LENGTH_MEASURE( 1.000000000000000082E-05 ), #2523, 'distance_accuracy_value', 'NONE');
#4666 = CYLINDRICAL_SURFACE ( 'NONE', #2796, 0.03000000000000002665 ) ;
#4667 =( LENGTH_UNIT ( ) NAMED_UNIT ( * ) SI_UNIT ( .MILLI., .METRE. ) );
#4668 = SURFACE_STYLE_USAGE ( .BOTH. , #3476 ) ;
#4669 = LINE ( 'NONE', #2313, #7423 ) ;
#4670 = DIRECTION ( 'NONE',  ( 0.0000000000000000000, -0.0000000000000000000, 1.000000000000000000 ) ) ;
#4671 = EDGE_CURVE ( 'NONE', #990, #5362, #7157, .T. ) ;
#4672 = CARTESIAN_POINT ( 'NONE',  ( 0.2789558763398109487, 0.05710643093326424335, 0.5999999999999999778 ) ) ;
#4673 = AXIS2_PLACEMENT_3D ( 'NONE', #7104, #5917, #4733 ) ;
#4674 = DIRECTION ( 'NONE',  ( 0.0000000000000000000, 1.000000000000000000, 0.0000000000000000000 ) ) ;
#4675 = COLOUR_RGB ( '',0.5019607843137254832, 0.5019607843137254832, 0.5019607843137254832 ) ;
#4676 = VERTEX_POINT ( 'NONE', #6593 ) ;
#4677 = VECTOR ( 'NONE', #3042, 1000.000000000000000 ) ;
#4678 = FILL_AREA_STYLE ('',( #2933 ) ) ;
#4679 = DIRECTION ( 'NONE',  ( 1.000000000000000000, -0.0000000000000000000, 0.0000000000000000000 ) ) ;
#4680 = CARTESIAN_POINT ( 'NONE',  ( -0.5259692513707348027, 0.1423705104861563986, -0.5989999999999999769 ) ) ;
#4681 = EDGE_CURVE ( 'NONE', #6306, #773, #4211, .T. ) ;
#4682 =( NAMED_UNIT ( * ) SI_UNIT ( $, .STERADIAN. ) SOLID_ANGLE_UNIT ( ) );
#4683 = CARTESIAN_POINT ( 'NONE',  ( 0.2939434657500256676, -0.06756745807984614050, -0.5989999999999999769 ) ) ;
#4684 = DIRECTION ( 'NONE',  ( 0.08682659386424776415, -0.08682659386424779191, -0.9924325091389669673 ) ) ;
#4685 =( NAMED_UNIT ( * ) PLANE_ANGLE_UNIT ( ) SI_UNIT ( $, .RADIAN. ) );
#4686 = SURFACE_STYLE_FILL_AREA ( #7422 ) ;
#4687 = ORIENTED_EDGE ( 'NONE', *, *, #4107, .T. ) ;
#4688 = VECTOR ( 'NONE', #4762, 1000.000000000000000 ) ;
#4689 = DIRECTION ( 'NONE',  ( -0.0000000000000000000, -0.0000000000000000000, -1.000000000000000000 ) ) ;
#4690 = MECHANICAL_DESIGN_GEOMETRIC_PRESENTATION_REPRESENTATION (  '', ( #4274 ), #3995 ) ;
#4691 = VECTOR ( 'NONE', #2795, 1000.000000000000114 ) ;
#4692 =( LENGTH_UNIT ( ) NAMED_UNIT ( * ) SI_UNIT ( .MILLI., .METRE. ) );
#4693 = VERTEX_POINT ( 'NONE', #2423 ) ;
#4694 = CARTESIAN_POINT ( 'NONE',  ( 0.3686664405238391784, -0.1291497270025513677, 0.5999999999999999778 ) ) ;
#4695 = ORIENTED_EDGE ( 'NONE', *, *, #4681, .T. ) ;
#4696 = SURFACE_STYLE_USAGE ( .BOTH. , #4588 ) ;
#4697 = VERTEX_POINT ( 'NONE', #710 ) ;
#4698 = FILL_AREA_STYLE ('',( #5256 ) ) ;
#4699 = VERTEX_POINT ( 'NONE', #3053 ) ;
#4700 = FACE_OUTER_BOUND ( 'NONE', #3444, .T. ) ;
#4701 = CARTESIAN_POINT ( 'NONE',  ( -0.2396278854759994470, 0.1444333453897458097, -0.5999999999999998668 ) ) ;
#4702 =( NAMED_UNIT ( * ) SI_UNIT ( $, .STERADIAN. ) SOLID_ANGLE_UNIT ( ) );
#4703 = MECHANICAL_DESIGN_GEOMETRIC_PRESENTATION_REPRESENTATION (  '', ( #4595 ), #4053 ) ;
#4704 = VERTEX_POINT ( 'NONE', #1250 ) ;
#4705 = VERTEX_POINT ( 'NONE', #5394 ) ;
#4706 = CARTESIAN_POINT ( 'NONE',  ( 0.3099979206114047980, 0.01458923822308050809, 0.5990000000000000879 ) ) ;
#4707 = CARTESIAN_POINT ( 'NONE',  ( 0.3099772178032255687, -0.1901496666277113778, 0.5999999999999999778 ) ) ;
#4708 = MECHANICAL_DESIGN_GEOMETRIC_PRESENTATION_REPRESENTATION (  '', ( #3984 ), #2616 ) ;
#4709 = B_SPLINE_CURVE_WITH_KNOTS ( 'NONE', 3,
 ( #2005, #3814, #3228, #7380, #326, #3734, #6818, #5738, #2717, #3953, #3385 ),
 .UNSPECIFIED., .F., .F.,
 ( 4, 1, 1, 1, 1, 1, 1, 1, 4 ),
 ( 0.0000000000000000000, 0.1124483899088007527, 0.2265276752126775817, 0.3444019493260279674, 0.4658649724874581732, 0.5916594493521163400, 0.7221684870248873400, 0.8586063875549263535, 1.000000000000000000 ),
 .UNSPECIFIED. ) ;
#4710 = CARTESIAN_POINT ( 'NONE',  ( -0.2176489664644371824, -0.1209402320473384057, -0.5999999999999998668 ) ) ;
#4711 = SURFACE_STYLE_USAGE ( .BOTH. , #7598 ) ;
#4712 = ORIENTED_EDGE ( 'NONE', *, *, #1801, .F. ) ;
#4713 = COLOUR_RGB ( '',1.000000000000000000, 1.000000000000000000, 1.000000000000000000 ) ;
#4714 = COLOUR_RGB ( '',0.2509803921568627416, 0.2509803921568627416, 0.2509803921568627416 ) ;
#4715 = UNCERTAINTY_MEASURE_WITH_UNIT (LENGTH_MEASURE( 1.000000000000000082E-05 ), #346, 'distance_accuracy_value', 'NONE');
#4716 = EDGE_LOOP ( 'NONE', ( #5914, #1109, #4534, #5823 ) ) ;
#4717 = MECHANICAL_DESIGN_GEOMETRIC_PRESENTATION_REPRESENTATION (  '', ( #2448 ), #5124 ) ;
#4718 = CARTESIAN_POINT ( 'NONE',  ( 0.3153423268037800486, -0.1900563140117826066, 0.5989999999999999769 ) ) ;
#4719 = PRESENTATION_STYLE_ASSIGNMENT (( #2204 ) ) ;
#4720 = PLANE ( 'NONE',  #2081 ) ;
#4721 = EDGE_CURVE ( 'NONE', #202, #5980, #7000, .T. ) ;
#4722 = STYLED_ITEM ( 'NONE', ( #7360 ), #845 ) ;
#4723 = VERTEX_POINT ( 'NONE', #6049 ) ;
#4724 = CARTESIAN_POINT ( 'NONE',  ( -0.2149936416146371876, 0.1789558763398149122, -0.5989999999999999769 ) ) ;
#4725 = ORIENTED_EDGE ( 'NONE', *, *, #3235, .T. ) ;
#4726 = ORIENTED_EDGE ( 'NONE', *, *, #6770, .F. ) ;
#4727 = AXIS2_PLACEMENT_3D ( 'NONE', #4417, #361, #4496 ) ;
#4728 =( NAMED_UNIT ( * ) SI_UNIT ( $, .STERADIAN. ) SOLID_ANGLE_UNIT ( ) );
#4729 = CARTESIAN_POINT ( 'NONE',  ( -0.2724324891046430164, 0.1350220212279465148, -0.5989999999999999769 ) ) ;
#4730 = LINE ( 'NONE', #417, #1861 ) ;
#4731 = AXIS2_PLACEMENT_3D ( 'NONE', #841, #2640, #3231 ) ;
#4732 = FILL_AREA_STYLE ('',( #3001 ) ) ;
#4733 = DIRECTION ( 'NONE',  ( 1.000000000000000000, 0.0000000000000000000, 0.0000000000000000000 ) ) ;
#4734 = CARTESIAN_POINT ( 'NONE',  ( -0.3192198428449965486, 0.09196572276260614465, -0.5989999999999999769 ) ) ;
#4735 = LINE ( 'NONE', #2652, #1046 ) ;
#4736 = ORIENTED_EDGE ( 'NONE', *, *, #4059, .T. ) ;
#4737 = SURFACE_STYLE_USAGE ( .BOTH. , #7146 ) ;
#4738 = ORIENTED_EDGE ( 'NONE', *, *, #4960, .F. ) ;
#4739 = VECTOR ( 'NONE', #1313, 1000.000000000000000 ) ;
#4740 = ORIENTED_EDGE ( 'NONE', *, *, #7624, .T. ) ;
#4741 =( GEOMETRIC_REPRESENTATION_CONTEXT ( 3 ) GLOBAL_UNCERTAINTY_ASSIGNED_CONTEXT ( ( #3526 ) ) GLOBAL_UNIT_ASSIGNED_CONTEXT ( ( #118, #6592, #71 ) ) REPRESENTATION_CONTEXT ( 'NONE', 'WORKASPACE' ) );
#4742 = EDGE_CURVE ( 'NONE', #862, #7183, #7434, .T. ) ;
#4743 = PRESENTATION_LAYER_ASSIGNMENT (  '', '', ( #6351 ) ) ;
#4745 = EDGE_CURVE ( 'NONE', #6812, #6306, #2843, .T. ) ;
#4744 = ORIENTED_EDGE ( 'NONE', *, *, #227, .F. ) ;
#4746 = CARTESIAN_POINT ( 'NONE',  ( -0.2511872977057749701, 0.1422380651086194159, -0.6000000000000003109 ) ) ;
#4747 = SURFACE_STYLE_USAGE ( .BOTH. , #2436 ) ;
#4748 = ORIENTED_EDGE ( 'NONE', *, *, #6270, .F. ) ;
#4749 = CARTESIAN_POINT ( 'NONE',  ( -0.3692616414113045198, 0.06430674276764006270, -0.5989999999999999769 ) ) ;
#4750 = PRODUCT_DEFINITION_CONTEXT ( 'detailed design', #7306, 'design' ) ;
#4751 = ORIENTED_EDGE ( 'NONE', *, *, #6425, .F. ) ;
#4752 = CARTESIAN_POINT ( 'NONE',  ( -0.2119067513707348360, -0.1210441236601850767, -0.5999999999999999778 ) ) ;
#4753 = UNCERTAINTY_MEASURE_WITH_UNIT (LENGTH_MEASURE( 1.000000000000000082E-05 ), #2183, 'distance_accuracy_value', 'NONE');
#4754 = CARTESIAN_POINT ( 'NONE',  ( 0.2300080781941601926, 0.1494287708333347231, -0.5999999999999997558 ) ) ;
#4755 =( GEOMETRIC_REPRESENTATION_CONTEXT ( 3 ) GLOBAL_UNCERTAINTY_ASSIGNED_CONTEXT ( ( #4455 ) ) GLOBAL_UNIT_ASSIGNED_CONTEXT ( ( #5996, #4133, #2460 ) ) REPRESENTATION_CONTEXT ( 'NONE', 'WORKASPACE' ) );
#4756 = STYLED_ITEM ( 'NONE', ( #5963 ), #2228 ) ;
#4757 = COLOUR_RGB ( '',0.2509803921568627416, 0.2509803921568627416, 0.2509803921568627416 ) ;
#4758 = SURFACE_STYLE_FILL_AREA ( #2263 ) ;
#4759 = CARTESIAN_POINT ( 'NONE',  ( 0.4523528538858238579, -0.08828593041769501604, 0.5999999999999992006 ) ) ;
#4760 = VECTOR ( 'NONE', #597, 1000.000000000000000 ) ;
#4761 = DIRECTION ( 'NONE',  ( -0.9961946980917454342, 0.0000000000000000000, 0.08715574274765894303 ) ) ;
#4762 = DIRECTION ( 'NONE',  ( 2.710505431213761085E-16, -1.000000000000000000, 0.0000000000000000000 ) ) ;
#4763 =( NAMED_UNIT ( * ) PLANE_ANGLE_UNIT ( ) SI_UNIT ( $, .RADIAN. ) );
#4764 = PRESENTATION_LAYER_ASSIGNMENT (  '', '', ( #5971 ) ) ;
#4765 = CARTESIAN_POINT ( 'NONE',  ( 0.2285707267423864042, -0.09167650155209325358, -0.5999999999999997558 ) ) ;
#4766 = FILL_AREA_STYLE ('',( #3627 ) ) ;
#4767 = ORIENTED_EDGE ( 'NONE', *, *, #2781, .F. ) ;
#4768 = CARTESIAN_POINT ( 'NONE',  ( -0.3658016338234909015, -0.01561326585227370591, -0.5999999999999999778 ) ) ;
#4769 = DIRECTION ( 'NONE',  ( 0.0000000000000000000, -1.000000000000000000, 0.0000000000000000000 ) ) ;
#4770 = ORIENTED_EDGE ( 'NONE', *, *, #5403, .T. ) ;
#4771 = PLANE ( 'NONE',  #5268 ) ;
#4772 = VECTOR ( 'NONE', #4684, 1000.000000000000114 ) ;
#4773 = EDGE_LOOP ( 'NONE', ( #175, #1101, #1230, #1981 ) ) ;
#4774 = MECHANICAL_DESIGN_GEOMETRIC_PRESENTATION_REPRESENTATION (  '', ( #4926 ), #6671 ) ;
#4775 = PRESENTATION_STYLE_ASSIGNMENT (( #36 ) ) ;
#4776 = ORIENTED_EDGE ( 'NONE', *, *, #3017, .F. ) ;
#4777 = CARTESIAN_POINT ( 'NONE',  ( 0.4545656324373718582, -0.06072893492039429381, 0.5999999999999992006 ) ) ;
#4778 = SURFACE_STYLE_USAGE ( .BOTH. , #3531 ) ;
#4779 = LINE ( 'NONE', #6855, #1278 ) ;
#4780 = EDGE_CURVE ( 'NONE', #1928, #1701, #3357, .T. ) ;
#4781 = SURFACE_STYLE_FILL_AREA ( #454 ) ;
#4782 = LINE ( 'NONE', #3698, #2408 ) ;
#4783 = COLOUR_RGB ( '',1.000000000000000000, 1.000000000000000000, 1.000000000000000000 ) ;
#4784 = CARTESIAN_POINT ( 'NONE',  ( 0.2626839085759011816, 0.01398331781048912231, 0.5989999999999999769 ) ) ;
#4785 = DIRECTION ( 'NONE',  ( -0.0000000000000000000, 0.0000000000000000000, -1.000000000000000000 ) ) ;
#4786 = ORIENTED_EDGE ( 'NONE', *, *, #5315, .T. ) ;
#4787 = VERTEX_POINT ( 'NONE', #6670 ) ;
#4788 = SURFACE_STYLE_USAGE ( .BOTH. , #1292 ) ;
#4789 = CARTESIAN_POINT ( 'NONE',  ( 1.850000000000000089, -0.2750000000000000222, -0.6999999999999999556 ) ) ;
#4790 = MECHANICAL_DESIGN_GEOMETRIC_PRESENTATION_REPRESENTATION (  '', ( #6138 ), #3470 ) ;
#4791 = SURFACE_SIDE_STYLE ('',( #2821 ) ) ;
#4792 = LINE ( 'NONE', #6854, #5380 ) ;
#4793 = DIRECTION ( 'NONE',  ( 0.0000000000000000000, -0.0000000000000000000, -1.000000000000000000 ) ) ;
#4794 = CARTESIAN_POINT ( 'NONE',  ( -0.2621333595395821670, 0.1390752990386697474, -0.5989999999999997549 ) ) ;
#4795 = ORIENTED_EDGE ( 'NONE', *, *, #4175, .F. ) ;
#4796 = FACE_OUTER_BOUND ( 'NONE', #1200, .T. ) ;
#4797 = SURFACE_SIDE_STYLE ('',( #2653 ) ) ;
#4798 = CARTESIAN_POINT ( 'NONE',  ( 0.3859874307210021671, 0.04662320223080007597, 0.5999999999999998668 ) ) ;
#4799 = EDGE_CURVE ( 'NONE', #1214, #6973, #7038, .T. ) ;
#4800 = LINE ( 'NONE', #3114, #38 ) ;
#4801 = MECHANICAL_DESIGN_GEOMETRIC_PRESENTATION_REPRESENTATION (  '', ( #81 ), #7324 ) ;
#4802 = EDGE_CURVE ( 'NONE', #4723, #4445, #5055, .T. ) ;
#4803 = EDGE_LOOP ( 'NONE', ( #2680, #2585, #2098, #4364, #4296, #1236, #1501, #522 ) ) ;
#4804 = CARTESIAN_POINT ( 'NONE',  ( 0.2461106155647313498, 0.01294409010393307927, 0.6000000000000001998 ) ) ;
#4805 =( LENGTH_UNIT ( ) NAMED_UNIT ( * ) SI_UNIT ( .MILLI., .METRE. ) );
#4806 = SURFACE_STYLE_USAGE ( .BOTH. , #702 ) ;
#4807 = ORIENTED_EDGE ( 'NONE', *, *, #2856, .T. ) ;
#4808 = PRESENTATION_STYLE_ASSIGNMENT (( #5279 ) ) ;
#4809 = CARTESIAN_POINT ( 'NONE',  ( 0.5501549864341431784, -0.1210441236601850767, -0.5989999999999999769 ) ) ;
#4810 = CARTESIAN_POINT ( 'NONE',  ( 0.2994290064643817528, 0.1162754067885646975, -0.5990000000000000879 ) ) ;
#4811 = CARTESIAN_POINT ( 'NONE',  ( 1.337648308068758674, 0.8000000000000007105, -1.691948312140464730E-15 ) ) ;
#4812 = LINE ( 'NONE', #3915, #3254 ) ;
#4813 = CARTESIAN_POINT ( 'NONE',  ( 0.1626746612092974387, 0.1760152762839473917, -0.5999999999999998668 ) ) ;
#4814 = EDGE_LOOP ( 'NONE', ( #1567, #2143, #5070, #7506 ) ) ;
#4815 = CARTESIAN_POINT ( 'NONE',  ( -0.5767314464926859285, -0.003970952928477775382, -0.5989999999999999769 ) ) ;
#4816 = ORIENTED_EDGE ( 'NONE', *, *, #4780, .T. ) ;
#4817 = CARTESIAN_POINT ( 'NONE',  ( 0.4009070958520060679, -0.06400637394478454756, 0.5989999999999999769 ) ) ;
#4818 = PRESENTATION_LAYER_ASSIGNMENT (  '', '', ( #3742 ) ) ;
#4819 = EDGE_CURVE ( 'NONE', #3199, #2851, #4287, .T. ) ;
#4820 = EDGE_CURVE ( 'NONE', #745, #1206, #7341, .T. ) ;
#4821 = STYLED_ITEM ( 'NONE', ( #2838 ), #4945 ) ;
#4822 = CARTESIAN_POINT ( 'NONE',  ( -1.646612987842787978, 0.2750000000000000222, -0.5499999999999999334 ) ) ;
#4823 = CARTESIAN_POINT ( 'NONE',  ( 0.3708866937512163564, 0.02329657755932710780, -0.5999999999999999778 ) ) ;
#4824 =( LENGTH_UNIT ( ) NAMED_UNIT ( * ) SI_UNIT ( .MILLI., .METRE. ) );
#4825 = UNCERTAINTY_MEASURE_WITH_UNIT (LENGTH_MEASURE( 1.000000000000000082E-05 ), #3712, 'distance_accuracy_value', 'NONE');
#4826 = CARTESIAN_POINT ( 'NONE',  ( 0.3305594453571539804, 0.02136829511888840849, -0.5999999999999997558 ) ) ;
#4827 = CARTESIAN_POINT ( 'NONE',  ( 0.3706094418757649445, 0.007221598853189104515, -0.6000000000000000888 ) ) ;
#4828 = DIRECTION ( 'NONE',  ( 0.08682659386424930459, -0.08682659386424834702, -0.9924325091389669673 ) ) ;
#4829 =( NAMED_UNIT ( * ) PLANE_ANGLE_UNIT ( ) SI_UNIT ( $, .RADIAN. ) );
#4830 = CARTESIAN_POINT ( 'NONE',  ( 0.3289114349233800416, 0.05259303779766402037, -0.6000000000000000888 ) ) ;
#4831 = ADVANCED_FACE ( 'NONE', ( #5621 ), #713, .T. ) ;
#4832 = CARTESIAN_POINT ( 'NONE',  ( -0.4376498916146371876, -0.1210441236601850767, -0.5999999999999999778 ) ) ;
#4833 = LINE ( 'NONE', #3737, #2200 ) ;
#4834 = VERTEX_POINT ( 'NONE', #2662 ) ;
#4835 = CARTESIAN_POINT ( 'NONE',  ( 0.1725292813234560463, 0.1423055209760613338, -0.5989999999999997549 ) ) ;
#4836 = COLOUR_RGB ( '',1.000000000000000000, 1.000000000000000000, 1.000000000000000000 ) ;
#4837 = VECTOR ( 'NONE', #5911, 1000.000000000000000 ) ;
#4838 = PRESENTATION_LAYER_ASSIGNMENT (  '', '', ( #4956 ) ) ;
#4839 = CARTESIAN_POINT ( 'NONE',  ( 0.1708101952976497362, 0.1781085498415665713, -0.5989999999999999769 ) ) ;
#4840 = EDGE_CURVE ( 'NONE', #3199, #7601, #5514, .T. ) ;
#4841 = DIRECTION ( 'NONE',  ( 0.0000000000000000000, -0.0000000000000000000, -1.000000000000000000 ) ) ;
#4842 = STYLED_ITEM ( 'NONE', ( #2032 ), #877 ) ;
#4843 = VECTOR ( 'NONE', #5132, 999.9999999999998863 ) ;
#4844 = ORIENTED_EDGE ( 'NONE', *, *, #4742, .T. ) ;
#4845 = SURFACE_STYLE_FILL_AREA ( #3406 ) ;
#4846 = STYLED_ITEM ( 'NONE', ( #7125 ), #147 ) ;
#4847 = CARTESIAN_POINT ( 'NONE',  ( 0.3556714171110845757, -0.1853516953311011572, 0.5989999999999999769 ) ) ;
#4848 = LINE ( 'NONE', #5422, #3751 ) ;
#4849 = CARTESIAN_POINT ( 'NONE',  ( 1.487221836148109100, -0.2750000000000000222, -0.5539449188396247115 ) ) ;
#4850 = LINE ( 'NONE', #5977, #2854 ) ;
#4851 = SURFACE_STYLE_FILL_AREA ( #5131 ) ;
#4852 = AXIS2_PLACEMENT_3D ( 'NONE', #2234, #5239, #2330 ) ;
#4853 = CARTESIAN_POINT ( 'NONE',  ( -1.646612987842787978, 0.2750000000000000222, -0.5400000000000000355 ) ) ;
#4854 = DIRECTION ( 'NONE',  ( -0.0000000000000000000, -0.0000000000000000000, -1.000000000000000000 ) ) ;
#4855 = AXIS2_PLACEMENT_3D ( 'NONE', #5189, #1630, #6908 ) ;
#4856 = CARTESIAN_POINT ( 'NONE',  ( 0.005785144632493820216, 0.1708259431283862262, 0.5989999999999999769 ) ) ;
#4857 = ORIENTED_EDGE ( 'NONE', *, *, #532, .T. ) ;
#4858 = ORIENTED_EDGE ( 'NONE', *, *, #2614, .T. ) ;
#4859 = CARTESIAN_POINT ( 'NONE',  ( 0.3193976893472186274, -0.03308209692631772225, -0.5999999999999998668 ) ) ;
#4860 =( LENGTH_UNIT ( ) NAMED_UNIT ( * ) SI_UNIT ( .MILLI., .METRE. ) );
#4861 = FILL_AREA_STYLE ('',( #7294 ) ) ;
#4862 = PLANE ( 'NONE',  #1565 ) ;
#4863 = LINE ( 'NONE', #7006, #3300 ) ;
#4864 = ORIENTED_EDGE ( 'NONE', *, *, #720, .F. ) ;
#4865 = FACE_OUTER_BOUND ( 'NONE', #4773, .T. ) ;
#4866 = CARTESIAN_POINT ( 'NONE',  ( 0.2252973397544450751, -0.1745246666277113778, 0.5989999999999999769 ) ) ;
#4867 = CARTESIAN_POINT ( 'NONE',  ( 0.3131484324977720779, 0.09800846245452733696, -0.5989999999999999769 ) ) ;
#4868 = CARTESIAN_POINT ( 'NONE',  ( -0.07179623307805192700, -0.1210441236601850767, -0.5999999999999999778 ) ) ;
#4869 = VERTEX_POINT ( 'NONE', #955 ) ;
#4870 = CARTESIAN_POINT ( 'NONE',  ( -0.05716208673658842998, 0.01432172999835149528, -0.5989999999999999769 ) ) ;
#4871 = VERTEX_POINT ( 'NONE', #2106 ) ;
#4872 = CARTESIAN_POINT ( 'NONE',  ( 0.04893547423902126770, -0.08811729439189239232, -0.5989999999999999769 ) ) ;
#4873 = COLOUR_RGB ( '',0.2509803921568627416, 0.2509803921568627416, 0.2509803921568627416 ) ;
#4874 = ADVANCED_FACE ( 'NONE', ( #5716 ), #1579, .T. ) ;
#4875 = PRESENTATION_LAYER_ASSIGNMENT (  '', '', ( #935 ) ) ;
#4876 = ORIENTED_EDGE ( 'NONE', *, *, #763, .F. ) ;
#4877 = VERTEX_POINT ( 'NONE', #6232 ) ;
#4878 = CARTESIAN_POINT ( 'NONE',  ( 0.3614585193205986924, -0.1337358044111734146, 0.5989999999999997549 ) ) ;
#4879 = EDGE_CURVE ( 'NONE', #4224, #7484, #6532, .T. ) ;
#4880 = CARTESIAN_POINT ( 'NONE',  ( 0.3464028409607911585, 0.05683435090977928539, 0.5999999999999998668 ) ) ;
#4881 = CARTESIAN_POINT ( 'NONE',  ( 0.4154215646809792939, -0.1547396156808345802, 0.5989999999999999769 ) ) ;
#4882 = VECTOR ( 'NONE', #2960, 1000.000000000000000 ) ;
#4883 = UNCERTAINTY_MEASURE_WITH_UNIT (LENGTH_MEASURE( 1.000000000000000082E-05 ), #2171, 'distance_accuracy_value', 'NONE');
#4884 =( NAMED_UNIT ( * ) SI_UNIT ( $, .STERADIAN. ) SOLID_ANGLE_UNIT ( ) );
#4885 = CARTESIAN_POINT ( 'NONE',  ( 0.3706094418757649445, 0.007221598853189104515, -0.5989999999999999769 ) ) ;
#4886 = CARTESIAN_POINT ( 'NONE',  ( 1.646612987842787978, -0.2750000000000000222, -0.6999999999999997335 ) ) ;
#4887 = CARTESIAN_POINT ( 'NONE',  ( 0.4350534373154206769, 0.1708259431283862262, 0.5989999999999999769 ) ) ;
#4888 =( NAMED_UNIT ( * ) SI_UNIT ( $, .STERADIAN. ) SOLID_ANGLE_UNIT ( ) );
#4889 = ORIENTED_EDGE ( 'NONE', *, *, #2489, .F. ) ;
#4890 =( LENGTH_UNIT ( ) NAMED_UNIT ( * ) SI_UNIT ( .MILLI., .METRE. ) );
#4891 = CARTESIAN_POINT ( 'NONE',  ( 0.3706094418757649445, 0.007221598853189104515, -0.5989999999999999769 ) ) ;
#4892 = SURFACE_STYLE_USAGE ( .BOTH. , #3146 ) ;
#4893 =( LENGTH_UNIT ( ) NAMED_UNIT ( * ) SI_UNIT ( .MILLI., .METRE. ) );
#4894 = ORIENTED_EDGE ( 'NONE', *, *, #4600, .F. ) ;
#4895 = ORIENTED_EDGE ( 'NONE', *, *, #7030, .F. ) ;
#4896 = MECHANICAL_DESIGN_GEOMETRIC_PRESENTATION_REPRESENTATION (  '', ( #4451 ), #5718 ) ;
#4897 = DIRECTION ( 'NONE',  ( 0.9961946980917454342, 0.0000000000000000000, -0.08715574274765894303 ) ) ;
#4898 = CARTESIAN_POINT ( 'NONE',  ( 0.3230438359412183824, 0.07678381935822237159, -0.6000000000000000888 ) ) ;
#4899 = CARTESIAN_POINT ( 'NONE',  ( 0.1504736610825502807, -0.07412178015749880389, -0.5989999999999999769 ) ) ;
#4900 = VERTEX_POINT ( 'NONE', #3863 ) ;
#4901 = CARTESIAN_POINT ( 'NONE',  ( 0.1549725523089810209, 0.1736697789983465967, -0.6000000000000000888 ) ) ;
#4902 = SURFACE_STYLE_FILL_AREA ( #4247 ) ;
#4903 = DIRECTION ( 'NONE',  ( -0.9406672605435405510, 0.3393303772748776925, 0.0000000000000000000 ) ) ;
#4904 = CARTESIAN_POINT ( 'NONE',  ( 0.1477159620438993348, 0.1707241690227417341, -0.5989999999999999769 ) ) ;
#4905 = CARTESIAN_POINT ( 'NONE',  ( 0.3078430714617621522, -0.1462472276033211227, 0.5989999999999999769 ) ) ;
#4906 = FACE_OUTER_BOUND ( 'NONE', #4963, .T. ) ;
#4907 = EDGE_CURVE ( 'NONE', #4693, #1025, #2095, .T. ) ;
#4908 = PRESENTATION_LAYER_ASSIGNMENT (  '', '', ( #7225 ) ) ;
#4909 = SURFACE_STYLE_USAGE ( .BOTH. , #2620 ) ;
#4910 = CARTESIAN_POINT ( 'NONE',  ( 0.3464028409607911585, 0.05683435090977928539, 0.5989999999999998659 ) ) ;
#4911 = EDGE_CURVE ( 'NONE', #6621, #7296, #5979, .T. ) ;
#4912 = EDGE_LOOP ( 'NONE', ( #1902, #2425, #7600, #5294 ) ) ;
#4913 = CARTESIAN_POINT ( 'NONE',  ( 0.2354694122166668124, -0.1245865131200955545, -0.5999999999999998668 ) ) ;
#4914 = ADVANCED_FACE ( 'NONE', ( #3275 ), #1518, .T. ) ;
#4915 = CARTESIAN_POINT ( 'NONE',  ( 0.2343620919430138283, 0.1822410325076344317, -0.5989999999999999769 ) ) ;
#4916 = LINE ( 'NONE', #7233, #4353 ) ;
#4917 = ORIENTED_EDGE ( 'NONE', *, *, #4528, .F. ) ;
#4918 = DIRECTION ( 'NONE',  ( 2.536030193926868292E-14, 3.688575084102990269E-13, 1.000000000000000000 ) ) ;
#4919 = CARTESIAN_POINT ( 'NONE',  ( 0.2354694122166668124, -0.1245865131200955545, -0.5989999999999998659 ) ) ;
#4920 = PLANE ( 'NONE',  #2087 ) ;
#4921 = DIRECTION ( 'NONE',  ( -0.0000000000000000000, -0.0000000000000000000, -1.000000000000000000 ) ) ;
#4922 = CARTESIAN_POINT ( 'NONE',  ( 0.2732189179977693172, 0.1367866158707935764, -0.5989999999999999769 ) ) ;
#4923 = CARTESIAN_POINT ( 'NONE',  ( 0.3068115833971371553, 0.1075864756556006024, -0.5999999999999997558 ) ) ;
#4924 = ORIENTED_EDGE ( 'NONE', *, *, #2856, .F. ) ;
#4925 = CARTESIAN_POINT ( 'NONE',  ( -0.3609217006308179099, 0.09279702887808255474, -0.5999999999999998668 ) ) ;
#4926 = STYLED_ITEM ( 'NONE', ( #2363 ), #2750 ) ;
#4927 = ORIENTED_EDGE ( 'NONE', *, *, #4454, .F. ) ;
#4928 = DIRECTION ( 'NONE',  ( 2.710505431213761085E-16, -1.000000000000000000, -1.250666253888989580E-33 ) ) ;
#4929 = UNCERTAINTY_MEASURE_WITH_UNIT (LENGTH_MEASURE( 1.000000000000000082E-05 ), #5207, 'distance_accuracy_value', 'NONE');
#4930 = CARTESIAN_POINT ( 'NONE',  ( 0.3859874307210021671, 0.04662320223080007597, 0.5989999999999998659 ) ) ;
#4931 = VECTOR ( 'NONE', #6451, 1000.000000000000000 ) ;
#4932 = SURFACE_STYLE_FILL_AREA ( #4233 ) ;
#4933 = CARTESIAN_POINT ( 'NONE',  ( 0.1765168519495669830, 0.1708259431283862262, 0.5989999999999999769 ) ) ;
#4934 = SURFACE_STYLE_USAGE ( .BOTH. , #233 ) ;
#4935 = DIRECTION ( 'NONE',  ( 1.000000000000000000, -0.0000000000000000000, -0.0000000000000000000 ) ) ;
#4936 = ADVANCED_FACE ( 'NONE', ( #1440 ), #6875, .T. ) ;
#4937 = PRESENTATION_LAYER_ASSIGNMENT (  '', '', ( #4550 ) ) ;
#4938 = CIRCLE ( 'NONE', #5525, 0.1599999999999997813 ) ;
#4939 = UNCERTAINTY_MEASURE_WITH_UNIT (LENGTH_MEASURE( 1.000000000000000082E-05 ), #4203, 'distance_accuracy_value', 'NONE');
#4940 = FACE_OUTER_BOUND ( 'NONE', #96, .T. ) ;
#4941 = STYLED_ITEM ( 'NONE', ( #3723 ), #5586 ) ;
#4942 = CARTESIAN_POINT ( 'NONE',  ( 0.3684677933189526300, 0.05725922387598228469, -0.5989999999999999769 ) ) ;
#4943 = CARTESIAN_POINT ( 'NONE',  ( 1.429594623791681229, 0.2750000000000000222, -0.009999999999999953371 ) ) ;
#4944 = CARTESIAN_POINT ( 'NONE',  ( 0.3468938489865918684, 0.1153577835596763940, -0.5989999999999999769 ) ) ;
#4945 = ADVANCED_FACE ( 'NONE', ( #3641 ), #568, .T. ) ;
#4946 = CARTESIAN_POINT ( 'NONE',  ( 0.2179712974097529898, 0.1496875836568880846, -0.5999999999999999778 ) ) ;
#4947 = FILL_AREA_STYLE_COLOUR ( '', #11 ) ;
#4948 = SURFACE_STYLE_FILL_AREA ( #1759 ) ;
#4949 = ORIENTED_EDGE ( 'NONE', *, *, #5013, .F. ) ;
#4950 = VECTOR ( 'NONE', #1966, 1000.000000000000000 ) ;
#4951 = CARTESIAN_POINT ( 'NONE',  ( -1.350000000000000311, 0.7701141590572478934, 0.0000000000000000000 ) ) ;
#4952 = LINE ( 'NONE', #3304, #6071 ) ;
#4953 = SURFACE_SIDE_STYLE ('',( #3847 ) ) ;
#4954 = CARTESIAN_POINT ( 'NONE',  ( -0.2767096547888477365, 0.1692558220061700924, -0.6000000000000004219 ) ) ;
#4955 = SURFACE_STYLE_FILL_AREA ( #7019 ) ;
#4956 = STYLED_ITEM ( 'NONE', ( #475 ), #6272 ) ;
#4957 = PRESENTATION_STYLE_ASSIGNMENT (( #5649 ) ) ;
#4958 = PLANE ( 'NONE',  #2267 ) ;
#4959 = ORIENTED_EDGE ( 'NONE', *, *, #1877, .T. ) ;
#4960 = EDGE_CURVE ( 'NONE', #4900, #3112, #6991, .T. ) ;
#4961 =( NAMED_UNIT ( * ) SI_UNIT ( $, .STERADIAN. ) SOLID_ANGLE_UNIT ( ) );
#4962 = STYLED_ITEM ( 'NONE', ( #7180 ), #827 ) ;
#4963 = EDGE_LOOP ( 'NONE', ( #3705, #1626, #1843, #1239 ) ) ;
#4964 = CARTESIAN_POINT ( 'NONE',  ( 0.08917937667804562429, -0.1210441236601850767, -0.5989999999999999769 ) ) ;
#4965 = ORIENTED_EDGE ( 'NONE', *, *, #3770, .F. ) ;
#4966 = SURFACE_STYLE_FILL_AREA ( #7521 ) ;
#4967 = EDGE_CURVE ( 'NONE', #1701, #7113, #3826, .T. ) ;
#4968 = APPLICATION_CONTEXT ( 'automotive_design' ) ;
#4969 = VERTEX_POINT ( 'NONE', #4197 ) ;
#4970 = ORIENTED_EDGE ( 'NONE', *, *, #1801, .T. ) ;
#4971 = DIRECTION ( 'NONE',  ( -0.0000000000000000000, -1.000000000000000000, -0.0000000000000000000 ) ) ;
#4972 = LINE ( 'NONE', #1766, #1111 ) ;
#4973 = FILL_AREA_STYLE_COLOUR ( '', #3193 ) ;
#4974 = CARTESIAN_POINT ( 'NONE',  ( 0.4009070958520060679, -0.06400637394478454756, 0.5989999999999999769 ) ) ;
#4975 = SURFACE_SIDE_STYLE ('',( #6725 ) ) ;
#4976 = PLANE ( 'NONE',  #6319 ) ;
#4977 = CARTESIAN_POINT ( 'NONE',  ( -1.270016866663922883, 0.7200168666639229498, 0.5699999999999999512 ) ) ;
#4978 = VECTOR ( 'NONE', #159, 1000.000000000000000 ) ;
#4979 =( NAMED_UNIT ( * ) PLANE_ANGLE_UNIT ( ) SI_UNIT ( $, .RADIAN. ) );
#4980 = ORIENTED_EDGE ( 'NONE', *, *, #6153, .F. ) ;
#4981 = LINE ( 'NONE', #3701, #661 ) ;
#4982 = DIRECTION ( 'NONE',  ( 0.0000000000000000000, 1.000000000000000000, 0.0000000000000000000 ) ) ;
#4983 = SPHERICAL_SURFACE ( 'NONE', #1444, 0.02999999999999999889 ) ;
#4984 = CARTESIAN_POINT ( 'NONE',  ( 0.2874162421934694511, 0.1708259431283862262, 0.5989999999999999769 ) ) ;
#4985 = ORIENTED_EDGE ( 'NONE', *, *, #7205, .T. ) ;
#4986 = CARTESIAN_POINT ( 'NONE',  ( -1.646612987842787978, 0.2750000000000000222, -0.6999999999999998446 ) ) ;
#4987 = FILL_AREA_STYLE ('',( #1404 ) ) ;
#4988 = CARTESIAN_POINT ( 'NONE',  ( 0.4080313628011490446, 0.03484191967347366470, 0.5999999999999997558 ) ) ;
#4989 = ADVANCED_FACE ( 'NONE', ( #6252 ), #4110, .T. ) ;
#4990 = UNCERTAINTY_MEASURE_WITH_UNIT (LENGTH_MEASURE( 1.000000000000000082E-05 ), #6684, 'distance_accuracy_value', 'NONE');
#4991 = AXIS2_PLACEMENT_3D ( 'NONE', #7213, #4198, #4785 ) ;
#4992 = EDGE_CURVE ( 'NONE', #7410, #5170, #2457, .T. ) ;
#4993 =( NAMED_UNIT ( * ) PLANE_ANGLE_UNIT ( ) SI_UNIT ( $, .RADIAN. ) );
#4994 = AXIS2_PLACEMENT_3D ( 'NONE', #5557, #7389, #5526 ) ;
#4995 =( LENGTH_UNIT ( ) NAMED_UNIT ( * ) SI_UNIT ( .MILLI., .METRE. ) );
#4996 = EDGE_LOOP ( 'NONE', ( #6572, #4124, #2812, #1057, #6337, #505, #2131, #4864, #1098, #7557, #741, #5454, #631, #337 ) ) ;
#4997 = ORIENTED_EDGE ( 'NONE', *, *, #6010, .F. ) ;
#4998 = EDGE_CURVE ( 'NONE', #6922, #4224, #7242, .T. ) ;
#4999 =( NAMED_UNIT ( * ) PLANE_ANGLE_UNIT ( ) SI_UNIT ( $, .RADIAN. ) );
#5000 =( GEOMETRIC_REPRESENTATION_CONTEXT ( 3 ) GLOBAL_UNCERTAINTY_ASSIGNED_CONTEXT ( ( #3843 ) ) GLOBAL_UNIT_ASSIGNED_CONTEXT ( ( #5039, #2167, #5650 ) ) REPRESENTATION_CONTEXT ( 'NONE', 'WORKASPACE' ) );
#5001 = COLOUR_RGB ( '',0.2509803921568627416, 0.2509803921568627416, 0.2509803921568627416 ) ;
#5002 = FILL_AREA_STYLE ('',( #3136 ) ) ;
#5003 = CARTESIAN_POINT ( 'NONE',  ( 0.1748134205703820165, -0.1173727826686825487, -0.5989999999999997549 ) ) ;
#5004 = CARTESIAN_POINT ( 'NONE',  ( 0.3468938489865918684, 0.1153577835596763940, -0.5989999999999999769 ) ) ;
#5005 = ORIENTED_EDGE ( 'NONE', *, *, #80, .F. ) ;
#5006 = SURFACE_SIDE_STYLE ('',( #6332 ) ) ;
#5007 = PLANE ( 'NONE',  #103 ) ;
#5008 = DIRECTION ( 'NONE',  ( 0.0000000000000000000, 0.0000000000000000000, -1.000000000000000000 ) ) ;
#5009 = CARTESIAN_POINT ( 'NONE',  ( 1.429594623791681229, 0.2750000000000000222, 0.1500000000000000500 ) ) ;
#5010 = STYLED_ITEM ( 'NONE', ( #2626 ), #5641 ) ;
#5011 = ORIENTED_EDGE ( 'NONE', *, *, #1300, .T. ) ;
#5012 =( LENGTH_UNIT ( ) NAMED_UNIT ( * ) SI_UNIT ( .MILLI., .METRE. ) );
#5013 = EDGE_CURVE ( 'NONE', #7288, #3361, #4118, .T. ) ;
#5014 = CARTESIAN_POINT ( 'NONE',  ( 0.2825463151973858222, 0.1309414736771606635, -0.5989999999999999769 ) ) ;
#5015 = STYLED_ITEM ( 'NONE', ( #6880 ), #2138 ) ;
#5016 =( NAMED_UNIT ( * ) SI_UNIT ( $, .STERADIAN. ) SOLID_ANGLE_UNIT ( ) );
#5017 = COLOUR_RGB ( '',1.000000000000000000, 1.000000000000000000, 1.000000000000000000 ) ;
#5018 = FILL_AREA_STYLE ('',( #2031 ) ) ;
#5019 = ORIENTED_EDGE ( 'NONE', *, *, #1684, .F. ) ;
#5020 = STYLED_ITEM ( 'NONE', ( #944 ), #13 ) ;
#5021 = COLOUR_RGB ( '',0.2509803921568627416, 0.2509803921568627416, 0.2509803921568627416 ) ;
#5022 = ORIENTED_EDGE ( 'NONE', *, *, #1167, .F. ) ;
#5023 = CARTESIAN_POINT ( 'NONE',  ( -0.2627896036517640144, -0.08047929577744659946, -0.5999999999999998668 ) ) ;
#5024 = CYLINDRICAL_SURFACE ( 'NONE', #6741, 0.03000000000000002665 ) ;
#5025 = ADVANCED_FACE ( 'NONE', ( #2198 ), #4920, .T. ) ;
#5026 = ORIENTED_EDGE ( 'NONE', *, *, #375, .T. ) ;
#5027 = SURFACE_SIDE_STYLE ('',( #6367 ) ) ;
#5028 = DIRECTION ( 'NONE',  ( -0.9961946980917455452, -2.700191139724029727E-16, -0.08715574274765836016 ) ) ;
#5029 = DIRECTION ( 'NONE',  ( 0.0000000000000000000, -1.000000000000000000, 0.0000000000000000000 ) ) ;
#5030 =( LENGTH_UNIT ( ) NAMED_UNIT ( * ) SI_UNIT ( .MILLI., .METRE. ) );
#5031 = DIRECTION ( 'NONE',  ( 1.000000000000000000, -0.0000000000000000000, -0.0000000000000000000 ) ) ;
#5032 = VECTOR ( 'NONE', #5571, 1000.000000000000000 ) ;
#5033 = CARTESIAN_POINT ( 'NONE',  ( 0.04893547423902126770, 0.01432172999835149528, -0.5989999999999999769 ) ) ;
#5034 = CARTESIAN_POINT ( 'NONE',  ( 0.1556840788940303255, 0.1351103426960056642, -0.5989999999999999769 ) ) ;
#5035 = CARTESIAN_POINT ( 'NONE',  ( -1.350000000000000311, 0.8000000000000002665, 0.0000000000000000000 ) ) ;
#5036 =( NAMED_UNIT ( * ) SI_UNIT ( $, .STERADIAN. ) SOLID_ANGLE_UNIT ( ) );
#5037 = CARTESIAN_POINT ( 'NONE',  ( -0.8324871361935458625, 0.7276980124117917725, 0.5989999999999999769 ) ) ;
#5038 = VECTOR ( 'NONE', #1107, 1000.000000000000000 ) ;
#5039 =( LENGTH_UNIT ( ) NAMED_UNIT ( * ) SI_UNIT ( .MILLI., .METRE. ) );
#5040 = PRESENTATION_LAYER_ASSIGNMENT (  '', '', ( #6234 ) ) ;
#5041 = COLOUR_RGB ( '',0.5019607843137254832, 0.5019607843137254832, 0.5019607843137254832 ) ;
#5042 = CARTESIAN_POINT ( 'NONE',  ( -0.05716208673658842998, 0.01432172999835149528, -0.5989999999999999769 ) ) ;
#5043 = ORIENTED_EDGE ( 'NONE', *, *, #2472, .T. ) ;
#5044 = EDGE_CURVE ( 'NONE', #5056, #1268, #5508, .T. ) ;
#5045 =( NAMED_UNIT ( * ) PLANE_ANGLE_UNIT ( ) SI_UNIT ( $, .RADIAN. ) );
#5046 = DIRECTION ( 'NONE',  ( 0.0000000000000000000, -0.0000000000000000000, 1.000000000000000000 ) ) ;
#5047 = PRESENTATION_STYLE_ASSIGNMENT (( #7249 ) ) ;
#5048 = EDGE_LOOP ( 'NONE', ( #3299, #6431, #5689, #2026 ) ) ;
#5049 = VECTOR ( 'NONE', #5029, 1000.000000000000000 ) ;
#5050 = CYLINDRICAL_SURFACE ( 'NONE', #4664, 0.1599999999999997813 ) ;
#5051 = CARTESIAN_POINT ( 'NONE',  ( -0.3003893316558140514, -0.05670066604441548197, -0.5989999999999998659 ) ) ;
#5052 = CARTESIAN_POINT ( 'NONE',  ( 1.646612987842787978, 0.2750000000000000222, -0.5400000000000000355 ) ) ;
#5053 = SURFACE_STYLE_USAGE ( .BOTH. , #6219 ) ;
#5054 = CARTESIAN_POINT ( 'NONE',  ( 0.2066399729786870809, -0.1236102232778498178, -0.5989999999999999769 ) ) ;
#5055 = LINE ( 'NONE', #5594, #3836 ) ;
#5056 = VERTEX_POINT ( 'NONE', #729 ) ;
#5057 = STYLED_ITEM ( 'NONE', ( #3467 ), #5578 ) ;
#5058 = CARTESIAN_POINT ( 'NONE',  ( 0.2922994387447024334, 0.1657391277615032077, -0.5989999999999999769 ) ) ;
#5059 = SURFACE_STYLE_USAGE ( .BOTH. , #4446 ) ;
#5060 = CARTESIAN_POINT ( 'NONE',  ( -0.2274297832253946439, 0.1457696263230318923, -0.6000000000000000888 ) ) ;
#5061 = CARTESIAN_POINT ( 'NONE',  ( 0.5501549864341431784, -0.1210441236601850767, -0.5999999999999999778 ) ) ;
#5062 = DIRECTION ( 'NONE',  ( -0.0000000000000000000, -0.0000000000000000000, -1.000000000000000000 ) ) ;
#5063 = FACE_OUTER_BOUND ( 'NONE', #172, .T. ) ;
#5064 = ORIENTED_EDGE ( 'NONE', *, *, #227, .T. ) ;
#5065 = VECTOR ( 'NONE', #7375, 1000.000000000000000 ) ;
#5066 = PRODUCT ( 'SOD-123_L2.7-W1.6-LS3.7-RD-2', 'SOD-123_L2.7-W1.6-LS3.7-RD-2', '', ( #6829 ) ) ;
#5067 = CARTESIAN_POINT ( 'NONE',  ( 0.2983156324373719137, 0.01472838215277644941, 0.5999999999999999778 ) ) ;
#5068 = ADVANCED_FACE ( 'NONE', ( #1076 ), #3069, .T. ) ;
#5069 =( NAMED_UNIT ( * ) PLANE_ANGLE_UNIT ( ) SI_UNIT ( $, .RADIAN. ) );
#5070 = ORIENTED_EDGE ( 'NONE', *, *, #2953, .T. ) ;
#5071 = CARTESIAN_POINT ( 'NONE',  ( -1.270016866663923105, 0.7499027076066754338, 0.5726146722824297930 ) ) ;
#5072 = SURFACE_STYLE_USAGE ( .BOTH. , #5292 ) ;
#5073 = LINE ( 'NONE', #2270, #4303 ) ;
#5074 = ORIENTED_EDGE ( 'NONE', *, *, #7426, .T. ) ;
#5075 = FILL_AREA_STYLE_COLOUR ( '', #7116 ) ;
#5076 = CARTESIAN_POINT ( 'NONE',  ( 0.2455543381212468013, -0.1346297059516680938, 0.5989999999999999769 ) ) ;
#5077 = EDGE_CURVE ( 'NONE', #7081, #4699, #2398, .T. ) ;
#5078 = CARTESIAN_POINT ( 'NONE',  ( 0.2080166281730857492, 0.1825405965750940829, -0.5999999999999998668 ) ) ;
#5079 = AXIS2_PLACEMENT_3D ( 'NONE', #7123, #3052, #5461 ) ;
#5080 = EDGE_LOOP ( 'NONE', ( #3416, #1142, #6260, #1557, #6809, #6392 ) ) ;
#5081 = DIRECTION ( 'NONE',  ( 0.0000000000000000000, 0.0000000000000000000, 1.000000000000000000 ) ) ;
#5082 = CARTESIAN_POINT ( 'NONE',  ( -0.3077077548236545335, -0.04837823682880465492, -0.5989999999999999769 ) ) ;
#5083 = ORIENTED_EDGE ( 'NONE', *, *, #5944, .T. ) ;
#5084 = EDGE_CURVE ( 'NONE', #4511, #4078, #1617, .T. ) ;
#5085 = FACE_BOUND ( 'NONE', #6079, .T. ) ;
#5086 = CARTESIAN_POINT ( 'NONE',  ( 0.1849134043141905936, -0.1200292375370936998, -0.5989999999999999769 ) ) ;
#5087 = FACE_OUTER_BOUND ( 'NONE', #3607, .T. ) ;
#5088 = CARTESIAN_POINT ( 'NONE',  ( 0.3380755586341018804, 0.1276701764958617646, -0.5989999999999999769 ) ) ;
#5089 = DIRECTION ( 'NONE',  ( -0.0000000000000000000, -0.0000000000000000000, -1.000000000000000000 ) ) ;
#5090 = CARTESIAN_POINT ( 'NONE',  ( 0.5501549864341431784, -0.1210441236601850767, -0.5989999999999999769 ) ) ;
#5091 = PLANE ( 'NONE',  #6949 ) ;
#5092 = AXIS2_PLACEMENT_3D ( 'NONE', #826, #6338, #1616 ) ;
#5093 = EDGE_LOOP ( 'NONE', ( #4889, #6526, #6915, #7106 ) ) ;
#5094 = PRESENTATION_STYLE_ASSIGNMENT (( #4012 ) ) ;
#5095 = CARTESIAN_POINT ( 'NONE',  ( -1.320114159057247383, -0.7999999999999998224, 0.0000000000000000000 ) ) ;
#5096 = PLANE ( 'NONE',  #4089 ) ;
#5097 = SURFACE_STYLE_USAGE ( .BOTH. , #6873 ) ;
#5098 = EDGE_LOOP ( 'NONE', ( #692, #4795, #2137, #1967 ) ) ;
#5099 = FACE_OUTER_BOUND ( 'NONE', #467, .T. ) ;
#5100 = UNCERTAINTY_MEASURE_WITH_UNIT (LENGTH_MEASURE( 1.000000000000000082E-05 ), #1675, 'distance_accuracy_value', 'NONE');
#5101 = ORIENTED_EDGE ( 'NONE', *, *, #3302, .F. ) ;
#5102 = DIRECTION ( 'NONE',  ( 1.000000000000000000, 0.0000000000000000000, 5.330734548809088951E-16 ) ) ;
#5103 = DIRECTION ( 'NONE',  ( -1.000000000000000000, -0.0000000000000000000, -0.0000000000000000000 ) ) ;
#5104 = VECTOR ( 'NONE', #1277, 1000.000000000000000 ) ;
#5105 = CARTESIAN_POINT ( 'NONE',  ( -0.1303328184439055681, -0.1210441236601850767, -0.5999999999999999778 ) ) ;
#5106 = PRESENTATION_LAYER_ASSIGNMENT (  '', '', ( #3639 ) ) ;
#5107 = B_SPLINE_CURVE_WITH_KNOTS ( 'NONE', 3,
 ( #1783, #5385, #5316, #2341, #5968, #2433, #592 ),
 .UNSPECIFIED., .F., .F.,
 ( 4, 1, 1, 1, 4 ),
 ( 0.0000000000000000000, 0.1744817153170511170, 0.3982857591281124821, 0.6738978473986669826, 1.000000000000000000 ),
 .UNSPECIFIED. ) ;
#5108 = FILL_AREA_STYLE_COLOUR ( '', #3269 ) ;
#5109 = SURFACE_STYLE_FILL_AREA ( #6329 ) ;
#5110 = SURFACE_STYLE_USAGE ( .BOTH. , #5771 ) ;
#5111 = DIRECTION ( 'NONE',  ( -0.0000000000000000000, 0.0000000000000000000, 1.000000000000000000 ) ) ;
#5112 = ADVANCED_FACE ( 'NONE', ( #64 ), #5161, .T. ) ;
#5113 =( GEOMETRIC_REPRESENTATION_CONTEXT ( 3 ) GLOBAL_UNCERTAINTY_ASSIGNED_CONTEXT ( ( #222 ) ) GLOBAL_UNIT_ASSIGNED_CONTEXT ( ( #1763, #5904, #1857 ) ) REPRESENTATION_CONTEXT ( 'NONE', 'WORKASPACE' ) );
#5114 = CARTESIAN_POINT ( 'NONE',  ( 0.3752974802875843618, -0.1238778742769622021, 0.5999999999999999778 ) ) ;
#5115 = ORIENTED_EDGE ( 'NONE', *, *, #7090, .T. ) ;
#5116 = CARTESIAN_POINT ( 'NONE',  ( 0.1652707406935066403, -0.1140414300855948776, -0.6000000000000003109 ) ) ;
#5117 = CARTESIAN_POINT ( 'NONE',  ( 0.3049667527171500137, 0.1581789030946081365, -0.5999999999999999778 ) ) ;
#5118 = VECTOR ( 'NONE', #7290, 1000.000000000000000 ) ;
#5119 = CARTESIAN_POINT ( 'NONE',  ( 1.338163133249900660, -0.7582772923071483540, -0.1352960060544477483 ) ) ;
#5120 = DIRECTION ( 'NONE',  ( -0.08715574274765516827, 0.0000000000000000000, -0.9961946980917458783 ) ) ;
#5121 = VERTEX_POINT ( 'NONE', #5863 ) ;
#5122 = CARTESIAN_POINT ( 'NONE',  ( -0.1705767208829299386, 0.1460290470715222277, -0.5989999999999999769 ) ) ;
#5123 = CARTESIAN_POINT ( 'NONE',  ( 0.2661052448567717277, -0.1411447796363337615, 0.5999999999999998668 ) ) ;
#5124 =( GEOMETRIC_REPRESENTATION_CONTEXT ( 3 ) GLOBAL_UNCERTAINTY_ASSIGNED_CONTEXT ( ( #3185 ) ) GLOBAL_UNIT_ASSIGNED_CONTEXT ( ( #1332, #156, #4443 ) ) REPRESENTATION_CONTEXT ( 'NONE', 'WORKASPACE' ) );
#5125 = CARTESIAN_POINT ( 'NONE',  ( 0.3212204108761723687, 0.01355340070474980729, 0.5989999999999998659 ) ) ;
#5126 = FACE_OUTER_BOUND ( 'NONE', #381, .T. ) ;
#5127 = EDGE_CURVE ( 'NONE', #229, #7605, #3957, .T. ) ;
#5128 = ORIENTED_EDGE ( 'NONE', *, *, #3714, .T. ) ;
#5129 = STYLED_ITEM ( 'NONE', ( #4627 ), #717 ) ;
#5130 = COLOUR_RGB ( '',1.000000000000000000, 1.000000000000000000, 1.000000000000000000 ) ;
#5131 = FILL_AREA_STYLE ('',( #324 ) ) ;
#5132 = DIRECTION ( 'NONE',  ( -0.07419174491480179379, -0.9972439947106711555, 0.0000000000000000000 ) ) ;
#5133 = CARTESIAN_POINT ( 'NONE',  ( 0.2922994387447024334, 0.1657391277615032077, -0.5999999999999999778 ) ) ;
#5134 = CARTESIAN_POINT ( 'NONE',  ( -1.350000000000000089, -0.2749999999999999667, 0.0000000000000000000 ) ) ;
#5135 = MECHANICAL_DESIGN_GEOMETRIC_PRESENTATION_REPRESENTATION (  '', ( #5519 ), #764 ) ;
#5136 = CARTESIAN_POINT ( 'NONE',  ( 0.1501039990970955418, 0.1716935259120037638, -0.5999999999999999778 ) ) ;
#5137 = CARTESIAN_POINT ( 'NONE',  ( -1.429594623791681229, 0.2750000000000000222, -0.009999999999999953371 ) ) ;
#5138 = SURFACE_SIDE_STYLE ('',( #1298 ) ) ;
#5139 = ORIENTED_EDGE ( 'NONE', *, *, #327, .F. ) ;
#5140 = AXIS2_PLACEMENT_3D ( 'NONE', #2006, #7304, #3767 ) ;
#5141 = CARTESIAN_POINT ( 'NONE',  ( -1.350000000000000089, 0.2749999999999999667, 0.0000000000000000000 ) ) ;
#5142 = PRESENTATION_LAYER_ASSIGNMENT (  '', '', ( #2374 ) ) ;
#5143 = CARTESIAN_POINT ( 'NONE',  ( 0.2262200956611387648, -0.1246552591024330248, -0.5989999999999998659 ) ) ;
#5144 = ORIENTED_EDGE ( 'NONE', *, *, #746, .F. ) ;
#5145 =( NAMED_UNIT ( * ) PLANE_ANGLE_UNIT ( ) SI_UNIT ( $, .RADIAN. ) );
#5146 = UNCERTAINTY_MEASURE_WITH_UNIT (LENGTH_MEASURE( 1.000000000000000082E-05 ), #4275, 'distance_accuracy_value', 'NONE');
#5147 = DIRECTION ( 'NONE',  ( -0.0000000000000000000, 0.0000000000000000000, 1.000000000000000000 ) ) ;
#5148 = COLOUR_RGB ( '',1.000000000000000000, 1.000000000000000000, 1.000000000000000000 ) ;
#5149 = CARTESIAN_POINT ( 'NONE',  ( 0.3212204108761723687, 0.01355340070474980729, 0.5999999999999998668 ) ) ;
#5150 =( NAMED_UNIT ( * ) PLANE_ANGLE_UNIT ( ) SI_UNIT ( $, .RADIAN. ) );
#5151 = DIRECTION ( 'NONE',  ( 1.355252715606880543E-16, 1.000000000000000000, -0.0000000000000000000 ) ) ;
#5152 = SURFACE_STYLE_USAGE ( .BOTH. , #4430 ) ;
#5153 = CARTESIAN_POINT ( 'NONE',  ( 0.1477159620438993626, -0.07256851390408754210, -0.5989999999999999769 ) ) ;
#5154 =( GEOMETRIC_REPRESENTATION_CONTEXT ( 3 ) GLOBAL_UNCERTAINTY_ASSIGNED_CONTEXT ( ( #7072 ) ) GLOBAL_UNIT_ASSIGNED_CONTEXT ( ( #3363, #4092, #2861 ) ) REPRESENTATION_CONTEXT ( 'NONE', 'WORKASPACE' ) );
#5155 = EDGE_CURVE ( 'NONE', #4497, #5449, #4207, .T. ) ;
#5156 = PRESENTATION_STYLE_ASSIGNMENT (( #5790 ) ) ;
#5157 =( GEOMETRIC_REPRESENTATION_CONTEXT ( 3 ) GLOBAL_UNCERTAINTY_ASSIGNED_CONTEXT ( ( #919 ) ) GLOBAL_UNIT_ASSIGNED_CONTEXT ( ( #5405, #5500, #1882 ) ) REPRESENTATION_CONTEXT ( 'NONE', 'WORKASPACE' ) );
#5158 = VECTOR ( 'NONE', #5784, 1000.000000000000114 ) ;
#5159 = ORIENTED_EDGE ( 'NONE', *, *, #104, .F. ) ;
#5160 = LINE ( 'NONE', #5477, #4677 ) ;
#5161 = CYLINDRICAL_SURFACE ( 'NONE', #2681, 0.03000000000000007869 ) ;
#5162 = CARTESIAN_POINT ( 'NONE',  ( -0.3717962330780518188, 0.03272874219347342989, -0.5999999999999999778 ) ) ;
#5163 = EDGE_CURVE ( 'NONE', #3046, #2135, #2261, .T. ) ;
#5164 = CARTESIAN_POINT ( 'NONE',  ( -0.1064099773187257153, 0.2147283821527764813, 0.5989999999999999769 ) ) ;
#5165 = B_SPLINE_CURVE_WITH_KNOTS ( 'NONE', 3,
 ( #3443, #3962, #4530, #2863, #4014, #1591, #443, #2207, #7524, #5114, #5195, #2264, #500, #967, #4609, #5221, #5826, #6409, #7580 ),
 .UNSPECIFIED., .F., .F.,
 ( 4, 1, 1, 1, 1, 1, 1, 1, 1, 1, 1, 1, 1, 1, 1, 1, 4 ),
 ( 0.0000000000000000000, 0.07311097863980878242, 0.1427163625997054930, 0.2093342775539381029, 0.2740417002862157725, 0.3365169556271566664, 0.3982069297656996576, 0.4590086733383963447, 0.5195507362522336914, 0.5796987050645917572, 0.6382005993985716552, 0.6961203200338537123, 0.7541528447644905153, 0.8127993795403227750, 0.8728360432877736441, 0.9350609913430658615, 1.000000000000000000 ),
 .UNSPECIFIED. ) ;
#5166 =( LENGTH_UNIT ( ) NAMED_UNIT ( * ) SI_UNIT ( .MILLI., .METRE. ) );
#5167 = ORIENTED_EDGE ( 'NONE', *, *, #4215, .F. ) ;
#5168 = VECTOR ( 'NONE', #6072, 1000.000000000000000 ) ;
#5169 = VECTOR ( 'NONE', #1820, 1000.000000000000000 ) ;
#5170 = VERTEX_POINT ( 'NONE', #4680 ) ;
#5171 = CARTESIAN_POINT ( 'NONE',  ( -0.5311970139800589186, 0.1225308754562358105, -0.5989999999999999769 ) ) ;
#5172 = ADVANCED_FACE ( 'NONE', ( #1628 ), #5050, .T. ) ;
#5173 =( GEOMETRIC_REPRESENTATION_CONTEXT ( 3 ) GLOBAL_UNCERTAINTY_ASSIGNED_CONTEXT ( ( #6131 ) ) GLOBAL_UNIT_ASSIGNED_CONTEXT ( ( #3411, #518, #7542 ) ) REPRESENTATION_CONTEXT ( 'NONE', 'WORKASPACE' ) );
#5174 = CARTESIAN_POINT ( 'NONE',  ( -0.1064099773187257153, 0.1708259431283862262, 0.5989999999999999769 ) ) ;
#5175 = PRESENTATION_STYLE_ASSIGNMENT (( #4552 ) ) ;
#5176 = DIRECTION ( 'NONE',  ( 0.0000000000000000000, 1.000000000000000000, 0.0000000000000000000 ) ) ;
#5177 = CARTESIAN_POINT ( 'NONE',  ( -0.2995078487507968346, 0.1175397680402132661, -0.6000000000000000888 ) ) ;
#5178 = STYLED_ITEM ( 'NONE', ( #48 ), #2373 ) ;
#5179 = ORIENTED_EDGE ( 'NONE', *, *, #5344, .T. ) ;
#5180 = CARTESIAN_POINT ( 'NONE',  ( -1.646612987842787978, 0.2750000000000000222, -0.5400000000000000355 ) ) ;
#5181 = ORIENTED_EDGE ( 'NONE', *, *, #6190, .T. ) ;
#5182 = CARTESIAN_POINT ( 'NONE',  ( 0.3507764857572652217, 0.006825131649425609549, 0.5989999999999999769 ) ) ;
#5183 = PLANE ( 'NONE',  #3081 ) ;
#5184 = VECTOR ( 'NONE', #7025, 1000.000000000000000 ) ;
#5185 = DIRECTION ( 'NONE',  ( 0.0000000000000000000, -0.0000000000000000000, 1.000000000000000000 ) ) ;
#5186 = SURFACE_STYLE_USAGE ( .BOTH. , #7508 ) ;
#5187 = ORIENTED_EDGE ( 'NONE', *, *, #1284, .F. ) ;
#5188 = CARTESIAN_POINT ( 'NONE',  ( -0.3716750729172583201, 0.02706246684156856513, -0.5999999999999998668 ) ) ;
#5189 = CARTESIAN_POINT ( 'NONE',  ( 0.1477159620438993348, -0.07256851390408752822, -0.5989999999999999769 ) ) ;
#5190 = PRESENTATION_LAYER_ASSIGNMENT (  '', '', ( #5888 ) ) ;
#5191 = FACE_OUTER_BOUND ( 'NONE', #552, .T. ) ;
#5192 = SURFACE_STYLE_USAGE ( .BOTH. , #1022 ) ;
#5193 = CARTESIAN_POINT ( 'NONE',  ( 0.3159985592666401666, 0.05863082117716668373, 0.5989999999999999769 ) ) ;
#5194 = CARTESIAN_POINT ( 'NONE',  ( -0.1705767208829299386, 0.1460290470715222277, -0.5989999999999999769 ) ) ;
#5195 = CARTESIAN_POINT ( 'NONE',  ( 0.3813089863388495204, -0.1180594562190209473, 0.6000000000000000888 ) ) ;
#5196 = CARTESIAN_POINT ( 'NONE',  ( 0.04893547423902126770, 0.01432172999835149528, -0.5999999999999999778 ) ) ;
#5197 = EDGE_LOOP ( 'NONE', ( #1854, #5623, #1733, #3330 ) ) ;
#5198 = CARTESIAN_POINT ( 'NONE',  ( 0.3303966726731862313, 0.01280183418076701052, -0.6000000000000000888 ) ) ;
#5199 = CARTESIAN_POINT ( 'NONE',  ( -0.5211674221024420461, 0.1213339251203026936, -0.5999999999999999778 ) ) ;
#5200 = CARTESIAN_POINT ( 'NONE',  ( -0.3314487958329083717, 0.02725651023008043156, -0.5999999999999999778 ) ) ;
#5201 = PRESENTATION_STYLE_ASSIGNMENT (( #1552 ) ) ;
#5202 =( BOUNDED_CURVE ( )  B_SPLINE_CURVE ( 3, ( #4951, #7397, #6227, #1425 ),
 .UNSPECIFIED., .F., .F. ) 
 B_SPLINE_CURVE_WITH_KNOTS ( ( 4, 4 ),
 ( 5.501585242055420544, 7.064785372303755473 ),
 .UNSPECIFIED. ) 
 CURVE ( )  GEOMETRIC_REPRESENTATION_ITEM ( )  RATIONAL_B_SPLINE_CURVE ( ( 1.000000000000000000, 0.8065248903853478035, 0.8065248903853478035, 1.000000000000000000 ) ) 
 REPRESENTATION_ITEM ( '' )  );
#5204 = MECHANICAL_DESIGN_GEOMETRIC_PRESENTATION_REPRESENTATION (  '', ( #5488 ), #5595 ) ;
#5203 = CARTESIAN_POINT ( 'NONE',  ( 1.270016866663922439, -1.721193807412822265E-16, 0.5699999999999999512 ) ) ;
#5205 = EDGE_CURVE ( 'NONE', #4676, #433, #6445, .T. ) ;
#5206 = CARTESIAN_POINT ( 'NONE',  ( 0.3556714171110845757, -0.1853516953311011572, 0.5989999999999999769 ) ) ;
#5207 =( LENGTH_UNIT ( ) NAMED_UNIT ( * ) SI_UNIT ( .MILLI., .METRE. ) );
#5208 =( NAMED_UNIT ( * ) PLANE_ANGLE_UNIT ( ) SI_UNIT ( $, .RADIAN. ) );
#5209 = ORIENTED_EDGE ( 'NONE', *, *, #591, .F. ) ;
#5210 = CARTESIAN_POINT ( 'NONE',  ( 0.2789200879150437462, 0.1719633046845269464, -0.5999999999999998668 ) ) ;
#5211 = DIRECTION ( 'NONE',  ( 0.0000000000000000000, -1.000000000000000000, 0.0000000000000000000 ) ) ;
#5212 = CARTESIAN_POINT ( 'NONE',  ( 0.4009070958520060679, -0.06400637394478454756, 0.5989999999999999769 ) ) ;
#5214 = EDGE_LOOP ( 'NONE', ( #5677, #3305, #5115, #3598 ) ) ;
#5213 = CARTESIAN_POINT ( 'NONE',  ( 0.2836853376504275825, -0.1892673066425592521, 0.5989999999999997549 ) ) ;
#5215 = B_SPLINE_CURVE_WITH_KNOTS ( 'NONE', 3,
 ( #6783, #6760, #6686, #7335, #1369, #1971, #6093 ),
 .UNSPECIFIED., .F., .F.,
 ( 4, 1, 1, 1, 4 ),
 ( 0.0000000000000000000, 0.2702650867818812697, 0.5261481515932948660, 0.7700928756993693503, 1.000000000000000000 ),
 .UNSPECIFIED. ) ;
#5216 = DIRECTION ( 'NONE',  ( 1.000000000000000000, 0.0000000000000000000, 0.0000000000000000000 ) ) ;
#5217 = FILL_AREA_STYLE ('',( #2814 ) ) ;
#5218 = CARTESIAN_POINT ( 'NONE',  ( -0.3070809132786876394, 0.1099468963208857925, -0.5989999999999998659 ) ) ;
#5219 =( GEOMETRIC_REPRESENTATION_CONTEXT ( 3 ) GLOBAL_UNCERTAINTY_ASSIGNED_CONTEXT ( ( #6517 ) ) GLOBAL_UNIT_ASSIGNED_CONTEXT ( ( #525, #6304, #994 ) ) REPRESENTATION_CONTEXT ( 'NONE', 'WORKASPACE' ) );
#5220 = FACE_OUTER_BOUND ( 'NONE', #6215, .T. ) ;
#5221 = CARTESIAN_POINT ( 'NONE',  ( 0.3994458690126219125, -0.08161333935587954114, 0.5999999999999998668 ) ) ;
#5222 =( NAMED_UNIT ( * ) SI_UNIT ( $, .STERADIAN. ) SOLID_ANGLE_UNIT ( ) );
#5223 = CARTESIAN_POINT ( 'NONE',  ( 0.2301753885349328566, 0.01137472361619105976, 0.5989999999999999769 ) ) ;
#5224 = CARTESIAN_POINT ( 'NONE',  ( 0.3865275021070826988, -0.1116750730527832219, 0.5989999999999998659 ) ) ;
#5225 =( NAMED_UNIT ( * ) PLANE_ANGLE_UNIT ( ) SI_UNIT ( $, .RADIAN. ) );
#5226 = ORIENTED_EDGE ( 'NONE', *, *, #5544, .F. ) ;
#5227 =( NAMED_UNIT ( * ) SI_UNIT ( $, .STERADIAN. ) SOLID_ANGLE_UNIT ( ) );
#5228 =( GEOMETRIC_REPRESENTATION_CONTEXT ( 3 ) GLOBAL_UNCERTAINTY_ASSIGNED_CONTEXT ( ( #4137 ) ) GLOBAL_UNIT_ASSIGNED_CONTEXT ( ( #67, #187, #4340 ) ) REPRESENTATION_CONTEXT ( 'NONE', 'WORKASPACE' ) );
#5229 = ORIENTED_EDGE ( 'NONE', *, *, #6270, .T. ) ;
#5230 =( NAMED_UNIT ( * ) SI_UNIT ( $, .STERADIAN. ) SOLID_ANGLE_UNIT ( ) );
#5231 = EDGE_CURVE ( 'NONE', #6108, #6160, #2100, .T. ) ;
#5232 =( LENGTH_UNIT ( ) NAMED_UNIT ( * ) SI_UNIT ( .MILLI., .METRE. ) );
#5233 = AXIS2_PLACEMENT_3D ( 'NONE', #7546, #4607, #6965 ) ;
#5234 = CARTESIAN_POINT ( 'NONE',  ( 0.2353811796702200421, 0.01188741126944048432, 0.6000000000000000888 ) ) ;
#5235 = CARTESIAN_POINT ( 'NONE',  ( -0.3692668426485391509, -0.0002541559695930721129, -0.6000000000000001998 ) ) ;
#5236 = DIRECTION ( 'NONE',  ( -1.355252715606880543E-16, -1.000000000000000000, -1.659705900203724010E-32 ) ) ;
#5237 = CARTESIAN_POINT ( 'NONE',  ( 0.3740808755936816388, -0.005841803054505615746, 0.5989999999999998659 ) ) ;
#5238 = EDGE_CURVE ( 'NONE', #7256, #6797, #3646, .T. ) ;
#5239 = DIRECTION ( 'NONE',  ( 0.0000000000000000000, -1.000000000000000000, 0.0000000000000000000 ) ) ;
#5240 = FACE_OUTER_BOUND ( 'NONE', #5197, .T. ) ;
#5241 = VECTOR ( 'NONE', #5278, 999.9999999999998863 ) ;
#5242 = LINE ( 'NONE', #2414, #6899 ) ;
#5243 = DIRECTION ( 'NONE',  ( 0.0000000000000000000, -0.0000000000000000000, 1.000000000000000000 ) ) ;
#5244 = CARTESIAN_POINT ( 'NONE',  ( -0.3136518933949372090, 0.1013894812913345711, -0.5989999999999998659 ) ) ;
#5245 = UNCERTAINTY_MEASURE_WITH_UNIT (LENGTH_MEASURE( 1.000000000000000082E-05 ), #5548, 'distance_accuracy_value', 'NONE');
#5246 =( NAMED_UNIT ( * ) SI_UNIT ( $, .STERADIAN. ) SOLID_ANGLE_UNIT ( ) );
#5247 = PRESENTATION_STYLE_ASSIGNMENT (( #5186 ) ) ;
#5248 = ORIENTED_EDGE ( 'NONE', *, *, #564, .F. ) ;
#5249 = SURFACE_SIDE_STYLE ('',( #6790 ) ) ;
#5250 = DIRECTION ( 'NONE',  ( 0.08715574274765836016, -0.0000000000000000000, 0.9961946980917455452 ) ) ;
#5251 = CARTESIAN_POINT ( 'NONE',  ( 0.4007230935216682388, -0.07296408862893064007, 0.5989999999999999769 ) ) ;
#5252 = DIRECTION ( 'NONE',  ( 0.0000000000000000000, -1.000000000000000000, 0.0000000000000000000 ) ) ;
#5253 = CARTESIAN_POINT ( 'NONE',  ( 0.3740808755936816388, -0.005841803054505615746, 0.5999999999999998668 ) ) ;
#5254 = VECTOR ( 'NONE', #1921, 1000.000000000000000 ) ;
#5255 = ORIENTED_EDGE ( 'NONE', *, *, #746, .T. ) ;
#5256 = FILL_AREA_STYLE_COLOUR ( '', #5953 ) ;
#5257 = CARTESIAN_POINT ( 'NONE',  ( 1.350225305093208039, 0.7703394641504560658, -0.002575248999449002325 ) ) ;
#5258 = FILL_AREA_STYLE ('',( #4626 ) ) ;
#5259 = CARTESIAN_POINT ( 'NONE',  ( 0.2247167242390212538, -0.09177583097725826311, -0.5999999999999999778 ) ) ;
#5260 =( GEOMETRIC_REPRESENTATION_CONTEXT ( 3 ) GLOBAL_UNCERTAINTY_ASSIGNED_CONTEXT ( ( #3274 ) ) GLOBAL_UNIT_ASSIGNED_CONTEXT ( ( #5395, #645, #6550 ) ) REPRESENTATION_CONTEXT ( 'NONE', 'WORKASPACE' ) );
#5261 = VECTOR ( 'NONE', #1800, 1000.000000000000000 ) ;
#5262 = EDGE_CURVE ( 'NONE', #3857, #296, #2466, .T. ) ;
#5263 = AXIS2_PLACEMENT_3D ( 'NONE', #5320, #3583, #6498 ) ;
#5264 = FACE_OUTER_BOUND ( 'NONE', #6792, .T. ) ;
#5265 = DIRECTION ( 'NONE',  ( 0.0000000000000000000, 0.0000000000000000000, 1.000000000000000000 ) ) ;
#5266 = EDGE_CURVE ( 'NONE', #3177, #137, #543, .T. ) ;
#5267 = CARTESIAN_POINT ( 'NONE',  ( -0.3157372625612860362, 0.1487007205453771408, -0.5989999999999999769 ) ) ;
#5268 = AXIS2_PLACEMENT_3D ( 'NONE', #1814, #4206, #3030 ) ;
#5269 = B_SPLINE_CURVE_WITH_KNOTS ( 'NONE', 3,
 ( #2597, #3398, #3349, #2823, #5755, #1065, #2215, #3911, #6312, #1672, #6342, #1003, #2164, #3940, #1648, #6288, #1573, #5200, #3970 ),
 .UNSPECIFIED., .F., .F.,
 ( 4, 1, 1, 1, 1, 1, 1, 1, 1, 1, 1, 1, 1, 1, 1, 1, 4 ),
 ( 0.0000000000000000000, 0.07082657255516286443, 0.1381690332798000409, 0.2024753315338425896, 0.2639737544135197234, 0.3233803205980374518, 0.3817976227131854028, 0.4393900745193892177, 0.4969027245459974318, 0.5546621696093699816, 0.6127418784921974115, 0.6715388363911721781, 0.7316557220901981351, 0.7942978116139530753, 0.8594822049793584551, 0.9276813254527899177, 1.000000000000000000 ),
 .UNSPECIFIED. ) ;
#5270 = VERTEX_POINT ( 'NONE', #7036 ) ;
#5271 = DIRECTION ( 'NONE',  ( -0.3390537954853694025, -0.9407669869669987861, 0.0000000000000000000 ) ) ;
#5272 = FILL_AREA_STYLE ('',( #4662 ) ) ;
#5273 = SURFACE_SIDE_STYLE ('',( #6404 ) ) ;
#5274 = VECTOR ( 'NONE', #6985, 1000.000000000000000 ) ;
#5275 = ORIENTED_EDGE ( 'NONE', *, *, #486, .F. ) ;
#5276 = ORIENTED_EDGE ( 'NONE', *, *, #3423, .F. ) ;
#5277 =( GEOMETRIC_REPRESENTATION_CONTEXT ( 3 ) GLOBAL_UNCERTAINTY_ASSIGNED_CONTEXT ( ( #6740 ) ) GLOBAL_UNIT_ASSIGNED_CONTEXT ( ( #5761, #4002, #2225 ) ) REPRESENTATION_CONTEXT ( 'NONE', 'WORKASPACE' ) );
#5278 = DIRECTION ( 'NONE',  ( -0.08715574274765516827, 0.0000000000000000000, -0.9961946980917458783 ) ) ;
#5279 = SURFACE_STYLE_USAGE ( .BOTH. , #503 ) ;
#5280 = CARTESIAN_POINT ( 'NONE',  ( 0.3178994949140394599, -0.1460002054815614514, 0.5999999999999999778 ) ) ;
#5281 = EDGE_CURVE ( 'NONE', #2474, #5633, #3473, .T. ) ;
#5282 = LINE ( 'NONE', #5122, #5372 ) ;
#5283 = PRESENTATION_STYLE_ASSIGNMENT (( #372 ) ) ;
#5284 = PRESENTATION_LAYER_ASSIGNMENT (  '', '', ( #5379 ) ) ;
#5285 = CARTESIAN_POINT ( 'NONE',  ( 1.349999999999999645, -0.7876483080687589622, 9.080193194566099635E-16 ) ) ;
#5286 = ADVANCED_FACE ( 'NONE', ( #4583 ), #2643, .F. ) ;
#5287 = ORIENTED_EDGE ( 'NONE', *, *, #355, .F. ) ;
#5288 =( NAMED_UNIT ( * ) PLANE_ANGLE_UNIT ( ) SI_UNIT ( $, .RADIAN. ) );
#5289 =( GEOMETRIC_REPRESENTATION_CONTEXT ( 3 ) GLOBAL_UNCERTAINTY_ASSIGNED_CONTEXT ( ( #2789 ) ) GLOBAL_UNIT_ASSIGNED_CONTEXT ( ( #1513, #4406, #5016 ) ) REPRESENTATION_CONTEXT ( 'NONE', 'WORKASPACE' ) );
#5290 = CARTESIAN_POINT ( 'NONE',  ( -1.439556570772598798, 0.2750000000000000222, -0.009128442572523463167 ) ) ;
#5291 = CARTESIAN_POINT ( 'NONE',  ( -0.3312629049294128492, 0.04539940183474062280, -0.5990000000000000879 ) ) ;
#5292 = SURFACE_SIDE_STYLE ('',( #6791 ) ) ;
#5293 = PRESENTATION_STYLE_ASSIGNMENT (( #2961 ) ) ;
#5294 = ORIENTED_EDGE ( 'NONE', *, *, #1517, .T. ) ;
#5295 =( NAMED_UNIT ( * ) PLANE_ANGLE_UNIT ( ) SI_UNIT ( $, .RADIAN. ) );
#5296 = DIRECTION ( 'NONE',  ( -0.0000000000000000000, -1.000000000000000000, -0.0000000000000000000 ) ) ;
#5297 =( GEOMETRIC_REPRESENTATION_CONTEXT ( 3 ) GLOBAL_UNCERTAINTY_ASSIGNED_CONTEXT ( ( #7597 ) ) GLOBAL_UNIT_ASSIGNED_CONTEXT ( ( #7609, #1148, #3376 ) ) REPRESENTATION_CONTEXT ( 'NONE', 'WORKASPACE' ) );
#5298 = UNCERTAINTY_MEASURE_WITH_UNIT (LENGTH_MEASURE( 1.000000000000000082E-05 ), #3693, 'distance_accuracy_value', 'NONE');
#5299 = AXIS2_PLACEMENT_3D ( 'NONE', #3727, #3091, #931 ) ;
#5300 = DIRECTION ( 'NONE',  ( 1.000000000000000000, 0.0000000000000000000, 5.330734548809087965E-16 ) ) ;
#5301 = VECTOR ( 'NONE', #5706, 1000.000000000000000 ) ;
#5302 = CARTESIAN_POINT ( 'NONE',  ( 0.2632881888577293661, 0.1415428249743520828, -0.5999999999999999778 ) ) ;
#5303 =( NAMED_UNIT ( * ) SI_UNIT ( $, .STERADIAN. ) SOLID_ANGLE_UNIT ( ) );
#5304 = ORIENTED_EDGE ( 'NONE', *, *, #5865, .T. ) ;
#5305 = VERTEX_POINT ( 'NONE', #5934 ) ;
#5306 = FILL_AREA_STYLE ('',( #2354 ) ) ;
#5307 = LINE ( 'NONE', #4383, #3692 ) ;
#5308 = CARTESIAN_POINT ( 'NONE',  ( 0.3946641250019212177, -0.09758180931748003384, 0.5990000000000000879 ) ) ;
#5309 = CIRCLE ( 'NONE', #3925, 0.02999999999999997113 ) ;
#5310 = UNCERTAINTY_MEASURE_WITH_UNIT (LENGTH_MEASURE( 1.000000000000000082E-05 ), #5754, 'distance_accuracy_value', 'NONE');
#5311 = DIRECTION ( 'NONE',  ( 0.0000000000000000000, 1.000000000000000000, 0.0000000000000000000 ) ) ;
#5312 = CARTESIAN_POINT ( 'NONE',  ( 0.3276178777387410701, -0.1450336671063865990, 0.6000000000000000888 ) ) ;
#5313 = MECHANICAL_DESIGN_GEOMETRIC_PRESENTATION_REPRESENTATION (  '', ( #3057 ), #2780 ) ;
#5314 = DIRECTION ( 'NONE',  ( -0.0000000000000000000, -1.000000000000000000, -0.0000000000000000000 ) ) ;
#5315 = EDGE_CURVE ( 'NONE', #4191, #4448, #262, .T. ) ;
#5316 = CARTESIAN_POINT ( 'NONE',  ( -0.5303424439092295772, 0.1252631289323063446, -0.6000000000000000888 ) ) ;
#5317 = EDGE_LOOP ( 'NONE', ( #3906, #3802, #5921, #6939 ) ) ;
#5318 = LINE ( 'NONE', #5223, #7505 ) ;
#5319 = ORIENTED_EDGE ( 'NONE', *, *, #7346, .F. ) ;
#5320 = CARTESIAN_POINT ( 'NONE',  ( -0.4662893733219542480, -0.03689778219677045806, -0.5989999999999999769 ) ) ;
#5321 = FILL_AREA_STYLE_COLOUR ( '', #4675 ) ;
#5322 = CARTESIAN_POINT ( 'NONE',  ( 0.1765168519495669830, 0.1708259431283862262, 0.5989999999999999769 ) ) ;
#5323 = ADVANCED_FACE ( 'NONE', ( #1815 ), #4093, .T. ) ;
#5324 = CLOSED_SHELL ( 'NONE', ( #814, #2061, #3180, #5068, #5323, #6632, #5407, #4557, #1373, #2274, #6092, #997, #3264, #7014, #1017, #244, #5459, #2088, #6273, #1585, #4914, #5286, #1485, #5172, #480, #2017, #6644, #4386, #1529, #3169, #4359, #2740, #6673, #1343, #99, #1909, #1614, #284, #2947, #2108, #3634, #5112, #4469, #6766, #5586, #2984, #6111, #6057, #2373, #6335, #1740, #3195, #5486, #7454, #849, #4831, #3518, #3164, #6678, #147, #2138, #5357, #13, #4429, #4138, #3104, #4256, #2228, #2658, #3887, #2375, #4989, #3205, #7303, #4874, #2807, #437, #3736, #717, #5641, #1736, #4396, #4323, #2497, #4646, #1486, #5618, #5578, #877, #2522, #4104, #4261, #6944, #2529, #4606, #6156, #2750, #7369, #3142, #2338, #1919, #4385, #1962, #917, #1365, #4285, #6023, #450, #3729, #1392, #6889, #845, #5025, #5798, #3640, #3367, #7408, #4019, #6847, #787, #2508, #4100, #696, #6799, #827, #1168, #6272, #4202, #6656, #6120, #7300, #5543, #1956, #6145, #1087, #630, #4936, #3717, #6228, #4945, #804, #3074, #4067, #4294, #3034, #182, #3980 ) ) ;
#5325 = B_SPLINE_CURVE_WITH_KNOTS ( 'NONE', 3,
 ( #1226, #63, #3019, #85, #4196, #5428, #7260, #1856, #157, #5452, #5989 ),
 .UNSPECIFIED., .F., .F.,
 ( 4, 1, 1, 1, 1, 1, 1, 1, 4 ),
 ( 0.0000000000000000000, 0.1577982071812360221, 0.3061917210691621483, 0.4436485036788493375, 0.5722006579886240729, 0.6915189310245575260, 0.8019275491415325252, 0.9051355876168557524, 1.000000000000000000 ),
 .UNSPECIFIED. ) ;
#5326 = LINE ( 'NONE', #4887, #6124 ) ;
#5327 = CARTESIAN_POINT ( 'NONE',  ( 0.2857487383680733517, -0.07408449617660170516, -0.5989999999999999769 ) ) ;
#5328 = FILL_AREA_STYLE_COLOUR ( '', #6174 ) ;
#5329 = PRESENTATION_LAYER_ASSIGNMENT (  '', '', ( #6204 ) ) ;
#5330 = LINE ( 'NONE', #4293, #1426 ) ;
#5331 = PLANE ( 'NONE',  #614 ) ;
#5332 = AXIS2_PLACEMENT_3D ( 'NONE', #507, #1094, #6976 ) ;
#5333 = DIRECTION ( 'NONE',  ( 0.0000000000000000000, 0.0000000000000000000, 1.000000000000000000 ) ) ;
#5334 = DIRECTION ( 'NONE',  ( 0.0000000000000000000, -0.9961946980917455452, -0.08715574274765805485 ) ) ;
#5335 = CARTESIAN_POINT ( 'NONE',  ( 1.349999999999999645, -0.7701141590572472273, 0.0000000000000000000 ) ) ;
#5336 = SURFACE_STYLE_FILL_AREA ( #1183 ) ;
#5337 = CARTESIAN_POINT ( 'NONE',  ( 0.2878734510810257996, -0.1147773319301269163, -0.5999999999999997558 ) ) ;
#5338 = EDGE_CURVE ( 'NONE', #6812, #4704, #5974, .T. ) ;
#5339 = MECHANICAL_DESIGN_GEOMETRIC_PRESENTATION_REPRESENTATION (  '', ( #7588 ), #6654 ) ;
#5340 = CARTESIAN_POINT ( 'NONE',  ( 1.299902707606674701, -0.7200168666639225057, 0.5726146722824297930 ) ) ;
#5341 = FACE_OUTER_BOUND ( 'NONE', #3905, .T. ) ;
#5342 = FACE_OUTER_BOUND ( 'NONE', #7468, .T. ) ;
#5343 = DIRECTION ( 'NONE',  ( -1.000000000000000000, 0.0000000000000000000, -1.224646799147352961E-16 ) ) ;
#5344 = EDGE_CURVE ( 'NONE', #4834, #7319, #6357, .T. ) ;
#5345 = CARTESIAN_POINT ( 'NONE',  ( 0.2836853376504275825, -0.1892673066425592521, 0.5999999999999997558 ) ) ;
#5346 = CARTESIAN_POINT ( 'NONE',  ( 0.2576882624082461604, -0.08752241204818769771, -0.5989999999999999769 ) ) ;
#5347 = UNCERTAINTY_MEASURE_WITH_UNIT (LENGTH_MEASURE( 1.000000000000000082E-05 ), #4667, 'distance_accuracy_value', 'NONE');
#5348 = FILL_AREA_STYLE_COLOUR ( '', #3777 ) ;
#5349 = COLOUR_RGB ( '',0.2509803921568627416, 0.2509803921568627416, 0.2509803921568627416 ) ;
#5350 = ORIENTED_EDGE ( 'NONE', *, *, #4520, .F. ) ;
#5351 = COLOUR_RGB ( '',1.000000000000000000, 1.000000000000000000, 1.000000000000000000 ) ;
#5352 = AXIS2_PLACEMENT_3D ( 'NONE', #5885, #7049, #1727 ) ;
#5353 = VECTOR ( 'NONE', #422, 1000.000000000000000 ) ;
#5354 = ORIENTED_EDGE ( 'NONE', *, *, #6522, .T. ) ;
#5355 =( NAMED_UNIT ( * ) SI_UNIT ( $, .STERADIAN. ) SOLID_ANGLE_UNIT ( ) );
#5356 =( LENGTH_UNIT ( ) NAMED_UNIT ( * ) SI_UNIT ( .MILLI., .METRE. ) );
#5357 = ADVANCED_FACE ( 'NONE', ( #7075 ), #6620, .F. ) ;
#5358 = VECTOR ( 'NONE', #1714, 1000.000000000000000 ) ;
#5359 = COLOUR_RGB ( '',0.2509803921568627416, 0.2509803921568627416, 0.2509803921568627416 ) ;
#5360 = CARTESIAN_POINT ( 'NONE',  ( -0.2274297832253946439, 0.1457696263230318923, -0.5989999999999999769 ) ) ;
#5361 = VERTEX_POINT ( 'NONE', #1500 ) ;
#5362 = VERTEX_POINT ( 'NONE', #5604 ) ;
#5363 = CARTESIAN_POINT ( 'NONE',  ( -0.2514488498626519242, -0.08388444422514949872, -0.5989999999999997549 ) ) ;
#5364 = CARTESIAN_POINT ( 'NONE',  ( -0.3546336333434918497, 0.1057874902340749101, -0.5999999999999997558 ) ) ;
#5365 = DIRECTION ( 'NONE',  ( 0.08682659386424834702, 0.08682659386424898540, -0.9924325091389669673 ) ) ;
#5366 = MECHANICAL_DESIGN_GEOMETRIC_PRESENTATION_REPRESENTATION (  '', ( #4941 ), #3031 ) ;
#5367 = CARTESIAN_POINT ( 'NONE',  ( 0.3303966726731862313, 0.01280183418076701052, -0.5989999999999999769 ) ) ;
#5368 = CARTESIAN_POINT ( 'NONE',  ( 0.3693267246406665705, -0.1814888341086672574, 0.5989999999999999769 ) ) ;
#5369 = PLANE ( 'NONE',  #5443 ) ;
#5370 = ORIENTED_EDGE ( 'NONE', *, *, #4342, .F. ) ;
#5371 = FACE_OUTER_BOUND ( 'NONE', #3544, .T. ) ;
#5372 = VECTOR ( 'NONE', #5673, 1000.000000000000000 ) ;
#5373 = ORIENTED_EDGE ( 'NONE', *, *, #4209, .T. ) ;
#5374 = ORIENTED_EDGE ( 'NONE', *, *, #3482, .T. ) ;
#5375 = MECHANICAL_DESIGN_GEOMETRIC_PRESENTATION_REPRESENTATION (  '', ( #4566 ), #5277 ) ;
#5376 = SURFACE_STYLE_FILL_AREA ( #2306 ) ;
#5377 = DIRECTION ( 'NONE',  ( -0.0000000000000000000, 0.0000000000000000000, 1.000000000000000000 ) ) ;
#5378 = EDGE_CURVE ( 'NONE', #7484, #2415, #2004, .T. ) ;
#5379 = STYLED_ITEM ( 'NONE', ( #1563 ), #804 ) ;
#5380 = VECTOR ( 'NONE', #3227, 999.9999999999998863 ) ;
#5381 = ORIENTED_EDGE ( 'NONE', *, *, #4840, .T. ) ;
#5382 = ORIENTED_EDGE ( 'NONE', *, *, #5627, .F. ) ;
#5383 = FACE_OUTER_BOUND ( 'NONE', #6494, .T. ) ;
#5384 = EDGE_CURVE ( 'NONE', #4425, #50, #4378, .T. ) ;
#5385 = CARTESIAN_POINT ( 'NONE',  ( -0.5311970139800589186, 0.1225308754562358105, -0.6000000000000000888 ) ) ;
#5386 = CARTESIAN_POINT ( 'NONE',  ( -0.2621333595395821670, 0.1390752990386697474, -0.5989999999999997549 ) ) ;
#5387 = LINE ( 'NONE', #1490, #6016 ) ;
#5388 = CARTESIAN_POINT ( 'NONE',  ( 0.2247167242390212538, -0.09177583097725826311, -0.5999999999999997558 ) ) ;
#5389 = CARTESIAN_POINT ( 'NONE',  ( -0.3272236963016080247, 0.1394360100602142216, -0.5999999999999996447 ) ) ;
#5390 = VECTOR ( 'NONE', #1994, 1000.000000000000000 ) ;
#5391 = CARTESIAN_POINT ( 'NONE',  ( -0.3032907851765423435, -0.09767991464800868107, -0.6000000000000001998 ) ) ;
#5392 = CARTESIAN_POINT ( 'NONE',  ( 0.3305388969683585310, 0.03038848411046526921, -0.5989999999999998659 ) ) ;
#5393 =( NAMED_UNIT ( * ) PLANE_ANGLE_UNIT ( ) SI_UNIT ( $, .RADIAN. ) );
#5394 = CARTESIAN_POINT ( 'NONE',  ( -0.06447915990732011604, 0.1460290470715222277, -0.5989999999999999769 ) ) ;
#5395 =( LENGTH_UNIT ( ) NAMED_UNIT ( * ) SI_UNIT ( .MILLI., .METRE. ) );
#5396 = CARTESIAN_POINT ( 'NONE',  ( 0.4449595878679863392, -0.1133202614617945525, 0.5989999999999999769 ) ) ;
#5397 =( LENGTH_UNIT ( ) NAMED_UNIT ( * ) SI_UNIT ( .MILLI., .METRE. ) );
#5398 = VERTEX_POINT ( 'NONE', #6884 ) ;
#5399 = LINE ( 'NONE', #7438, #2908 ) ;
#5400 = ORIENTED_EDGE ( 'NONE', *, *, #6236, .T. ) ;
#5401 = EDGE_CURVE ( 'NONE', #4699, #229, #5165, .T. ) ;
#5402 = PRESENTATION_LAYER_ASSIGNMENT (  '', '', ( #5657 ) ) ;
#5403 = EDGE_CURVE ( 'NONE', #3990, #4224, #7330, .T. ) ;
#5404 =( GEOMETRIC_REPRESENTATION_CONTEXT ( 3 ) GLOBAL_UNCERTAINTY_ASSIGNED_CONTEXT ( ( #3609 ) ) GLOBAL_UNIT_ASSIGNED_CONTEXT ( ( #7216, #6069, #2525 ) ) REPRESENTATION_CONTEXT ( 'NONE', 'WORKASPACE' ) );
#5405 =( LENGTH_UNIT ( ) NAMED_UNIT ( * ) SI_UNIT ( .MILLI., .METRE. ) );
#5406 = CIRCLE ( 'NONE', #1598, 0.03000000000000003011 ) ;
#5407 = ADVANCED_FACE ( 'NONE', ( #252 ), #7253, .T. ) ;
#5408 = CARTESIAN_POINT ( 'NONE',  ( -0.5902223001512224565, -0.03689778219677045806, -0.5989999999999999769 ) ) ;
#5409 = ORIENTED_EDGE ( 'NONE', *, *, #2953, .F. ) ;
#5410 = CARTESIAN_POINT ( 'NONE',  ( 0.3267328234132136910, -0.01152348574948075521, -0.5989999999999999769 ) ) ;
#5411 =( LENGTH_UNIT ( ) NAMED_UNIT ( * ) SI_UNIT ( .MILLI., .METRE. ) );
#5412 = SURFACE_STYLE_USAGE ( .BOTH. , #4791 ) ;
#5413 = CIRCLE ( 'NONE', #4852, 0.01000000000000000368 ) ;
#5414 = CARTESIAN_POINT ( 'NONE',  ( 0.3186434425640592982, 0.08780060842819246980, -0.5989999999999999769 ) ) ;
#5415 = DIRECTION ( 'NONE',  ( 0.08715574274765836016, -0.0000000000000000000, 0.9961946980917455452 ) ) ;
#5416 = DIRECTION ( 'NONE',  ( -0.9353882635801357148, -0.3536223923290754967, 0.0000000000000000000 ) ) ;
#5417 = MECHANICAL_DESIGN_GEOMETRIC_PRESENTATION_REPRESENTATION (  '', ( #7525 ), #1215 ) ;
#5418 = CARTESIAN_POINT ( 'NONE',  ( 0.1794302961419011744, 0.1797143776591307585, -0.5989999999999999769 ) ) ;
#5419 = EDGE_CURVE ( 'NONE', #4412, #2333, #5242, .T. ) ;
#5420 = VECTOR ( 'NONE', #4442, 1000.000000000000000 ) ;
#5421 = CARTESIAN_POINT ( 'NONE',  ( -0.1064099773187257153, 0.2147283821527764813, 0.5989999999999999769 ) ) ;
#5422 = CARTESIAN_POINT ( 'NONE',  ( -0.3937474525902470157, -0.1210441236601850767, -0.5989999999999999769 ) ) ;
#5423 = VECTOR ( 'NONE', #5970, 1000.000000000000114 ) ;
#5424 = SURFACE_STYLE_FILL_AREA ( #5492 ) ;
#5425 = VERTEX_POINT ( 'NONE', #680 ) ;
#5426 = FACE_OUTER_BOUND ( 'NONE', #2043, .T. ) ;
#5427 = STYLED_ITEM ( 'NONE', ( #6053 ), #1956 ) ;
#5428 = CARTESIAN_POINT ( 'NONE',  ( 0.2606761654879104495, -0.1864321990909185156, 0.6000000000000000888 ) ) ;
#5429 = CARTESIAN_POINT ( 'NONE',  ( 0.2301753885349328843, 0.01137472361619106150, 0.6000000000000000888 ) ) ;
#5430 = COLOUR_RGB ( '',1.000000000000000000, 1.000000000000000000, 1.000000000000000000 ) ;
#5431 =( GEOMETRIC_REPRESENTATION_CONTEXT ( 3 ) GLOBAL_UNCERTAINTY_ASSIGNED_CONTEXT ( ( #2174 ) ) GLOBAL_UNIT_ASSIGNED_CONTEXT ( ( #4387, #1964, #2648 ) ) REPRESENTATION_CONTEXT ( 'NONE', 'WORKASPACE' ) );
#5432 = CARTESIAN_POINT ( 'NONE',  ( 1.308277292307148398, -0.7582772923071483540, 0.1326813337720179897 ) ) ;
#5433 = VECTOR ( 'NONE', #6691, 1000.000000000000000 ) ;
#5434 = CARTESIAN_POINT ( 'NONE',  ( 0.3193976893472186274, -0.03308209692631772225, -0.5989999999999999769 ) ) ;
#5435 = CARTESIAN_POINT ( 'NONE',  ( -0.2148221477121982081, 0.1460290470715222277, -0.5999999999999999778 ) ) ;
#5436 = VERTEX_POINT ( 'NONE', #3066 ) ;
#5437 = LINE ( 'NONE', #660, #4688 ) ;
#5438 = CARTESIAN_POINT ( 'NONE',  ( -0.6205767208829298109, -0.1210441236601850767, -0.5999999999999999778 ) ) ;
#5439 = ORIENTED_EDGE ( 'NONE', *, *, #84, .T. ) ;
#5440 = LINE ( 'NONE', #5506, #2315 ) ;
#5441 = SURFACE_STYLE_FILL_AREA ( #3932 ) ;
#5442 = EDGE_LOOP ( 'NONE', ( #663, #3620, #3776, #2218 ) ) ;
#5443 = AXIS2_PLACEMENT_3D ( 'NONE', #734, #53, #5978 ) ;
#5444 = ORIENTED_EDGE ( 'NONE', *, *, #2741, .T. ) ;
#5445 = CARTESIAN_POINT ( 'NONE',  ( 0.4542366599930446336, -0.07473300908154037470, 0.5989999999999999769 ) ) ;
#5446 = CIRCLE ( 'NONE', #3314, 0.02999999999999997113 ) ;
#5447 = EDGE_CURVE ( 'NONE', #3244, #2301, #4008, .T. ) ;
#5448 = CARTESIAN_POINT ( 'NONE',  ( 0.2328375384087312261, -0.1784426974702681967, 0.5989999999999999769 ) ) ;
#5449 = VERTEX_POINT ( 'NONE', #5469 ) ;
#5450 = ORIENTED_EDGE ( 'NONE', *, *, #5810, .T. ) ;
#5451 = DIRECTION ( 'NONE',  ( -0.0000000000000000000, -1.000000000000000000, -0.0000000000000000000 ) ) ;
#5452 = CARTESIAN_POINT ( 'NONE',  ( 0.2277391509579775597, -0.1757934782394190987, 0.6000000000000000888 ) ) ;
#5453 = DIRECTION ( 'NONE',  ( -0.0000000000000000000, -0.0000000000000000000, -1.000000000000000000 ) ) ;
#5454 = ORIENTED_EDGE ( 'NONE', *, *, #5344, .F. ) ;
#5455 = CARTESIAN_POINT ( 'NONE',  ( 0.2361365994892247744, -0.09148150588456091525, -0.5989999999999999769 ) ) ;
#5456 = CARTESIAN_POINT ( 'NONE',  ( 0.2605314291758150103, -0.1224488086927306152, -0.5989999999999999769 ) ) ;
#5457 = MECHANICAL_DESIGN_GEOMETRIC_PRESENTATION_REPRESENTATION (  '', ( #847 ), #4248 ) ;
#5458 = CARTESIAN_POINT ( 'NONE',  ( -1.270016866663923105, 0.7200168666639229498, 0.5699999999999999512 ) ) ;
#5459 = ADVANCED_FACE ( 'NONE', ( #5342 ), #6653, .T. ) ;
#5460 = FACE_OUTER_BOUND ( 'NONE', #4996, .T. ) ;
#5461 = DIRECTION ( 'NONE',  ( 0.0000000000000000000, 0.0000000000000000000, 1.000000000000000000 ) ) ;
#5462 = DIRECTION ( 'NONE',  ( 1.000000000000000000, 0.0000000000000000000, 0.0000000000000000000 ) ) ;
#5463 = CARTESIAN_POINT ( 'NONE',  ( -1.320339464150456221, 0.7703394641504560658, -0.005189921281878754830 ) ) ;
#5464 =( NAMED_UNIT ( * ) SI_UNIT ( $, .STERADIAN. ) SOLID_ANGLE_UNIT ( ) );
#5465 = CARTESIAN_POINT ( 'NONE',  ( 0.3368319616733806976, -0.1432890251351265076, 0.5989999999999998659 ) ) ;
#5466 = ORIENTED_EDGE ( 'NONE', *, *, #2741, .F. ) ;
#5467 = ORIENTED_EDGE ( 'NONE', *, *, #1899, .F. ) ;
#5468 = EDGE_CURVE ( 'NONE', #3999, #6715, #1806, .T. ) ;
#5469 = CARTESIAN_POINT ( 'NONE',  ( -1.439556570772598798, -0.2750000000000000222, -0.009128442572523459697 ) ) ;
#5470 =( GEOMETRIC_REPRESENTATION_CONTEXT ( 3 ) GLOBAL_UNCERTAINTY_ASSIGNED_CONTEXT ( ( #7117 ) ) GLOBAL_UNIT_ASSIGNED_CONTEXT ( ( #6482, #1233, #2353 ) ) REPRESENTATION_CONTEXT ( 'NONE', 'WORKASPACE' ) );
#5471 = CARTESIAN_POINT ( 'NONE',  ( 0.4449595878679863392, -0.1133202614617945525, 0.5989999999999999769 ) ) ;
#5472 = UNCERTAINTY_MEASURE_WITH_UNIT (LENGTH_MEASURE( 1.000000000000000082E-05 ), #6483, 'distance_accuracy_value', 'NONE');
#5473 = VECTOR ( 'NONE', #7285, 1000.000000000000000 ) ;
#5474 = CARTESIAN_POINT ( 'NONE',  ( 0.3496094785894774959, -0.06227438101437762080, -0.5989999999999997549 ) ) ;
#5475 = EDGE_CURVE ( 'NONE', #990, #1276, #6150, .T. ) ;
#5476 = ORIENTED_EDGE ( 'NONE', *, *, #2638, .T. ) ;
#5477 = CARTESIAN_POINT ( 'NONE',  ( 0.08917937667804562429, 0.1789558763398149122, -0.5989999999999999769 ) ) ;
#5478 =( NAMED_UNIT ( * ) PLANE_ANGLE_UNIT ( ) SI_UNIT ( $, .RADIAN. ) );
#5479 = DIRECTION ( 'NONE',  ( -0.0000000000000000000, -0.0000000000000000000, 1.000000000000000000 ) ) ;
#5480 = CARTESIAN_POINT ( 'NONE',  ( 0.3562270431625996214, -0.05001495972617470143, -0.6000000000000000888 ) ) ;
#5481 = FILL_AREA_STYLE_COLOUR ( '', #1231 ) ;
#5482 = SURFACE_STYLE_FILL_AREA ( #6437 ) ;
#5483 = LINE ( 'NONE', #7496, #4094 ) ;
#5484 = CARTESIAN_POINT ( 'NONE',  ( -1.350000000000000311, 0.7200168666639229498, -0.5699999999999999512 ) ) ;
#5485 = DIRECTION ( 'NONE',  ( 0.0000000000000000000, 1.000000000000000000, 0.0000000000000000000 ) ) ;
#5486 = ADVANCED_FACE ( 'NONE', ( #4940 ), #1896, .T. ) ;
#5487 = CARTESIAN_POINT ( 'NONE',  ( -0.3272236963016080247, 0.1394360100602142216, -0.5999999999999999778 ) ) ;
#5488 = STYLED_ITEM ( 'NONE', ( #2816 ), #2807 ) ;
#5489 = DIRECTION ( 'NONE',  ( -0.0000000000000000000, -0.0000000000000000000, -1.000000000000000000 ) ) ;
#5490 = VERTEX_POINT ( 'NONE', #3633 ) ;
#5491 = VERTEX_POINT ( 'NONE', #1351 ) ;
#5492 = FILL_AREA_STYLE ('',( #1958 ) ) ;
#5493 = CARTESIAN_POINT ( 'NONE',  ( 0.4542366599930446336, -0.07473300908154037470, 0.5989999999999999769 ) ) ;
#5494 = COLOUR_RGB ( '',0.2509803921568627416, 0.2509803921568627416, 0.2509803921568627416 ) ;
#5495 = STYLED_ITEM ( 'NONE', ( #4313 ), #3717 ) ;
#5496 =( LENGTH_UNIT ( ) NAMED_UNIT ( * ) SI_UNIT ( .MILLI., .METRE. ) );
#5497 = CARTESIAN_POINT ( 'NONE',  ( -1.270016866663922883, -0.7200168666639226167, -0.5699999999999999512 ) ) ;
#5498 = ORIENTED_EDGE ( 'NONE', *, *, #2065, .T. ) ;
#5499 = STYLED_ITEM ( 'NONE', ( #6701 ), #5025 ) ;
#5500 =( NAMED_UNIT ( * ) PLANE_ANGLE_UNIT ( ) SI_UNIT ( $, .RADIAN. ) );
#5501 = CARTESIAN_POINT ( 'NONE',  ( 0.2252973397544450751, -0.1255155202862479891, 0.5999999999999999778 ) ) ;
#5502 = FILL_AREA_STYLE_COLOUR ( '', #3768 ) ;
#5503 = CARTESIAN_POINT ( 'NONE',  ( 0.1556840788940303255, 0.1351103426960056642, -0.5999999999999999778 ) ) ;
#5504 = CARTESIAN_POINT ( 'NONE',  ( 0.3708866937512163564, 0.02329657755932710780, -0.5999999999999999778 ) ) ;
#5505 = DIRECTION ( 'NONE',  ( 0.3363908276654480889, -0.9417224702971437322, 0.0000000000000000000 ) ) ;
#5506 = CARTESIAN_POINT ( 'NONE',  ( 0.4350534373154206769, 0.1708259431283862262, 0.5999999999999999778 ) ) ;
#5507 = CARTESIAN_POINT ( 'NONE',  ( 0.2300080781941601926, 0.1494287708333347231, -0.5999999999999997558 ) ) ;
#5508 = LINE ( 'NONE', #140, #3927 ) ;
#5509 = SURFACE_STYLE_FILL_AREA ( #2553 ) ;
#5510 = MECHANICAL_DESIGN_GEOMETRIC_PRESENTATION_REPRESENTATION (  '', ( #4172 ), #625 ) ;
#5511 = DIRECTION ( 'NONE',  ( -1.000000000000000000, 0.0000000000000000000, 0.0000000000000000000 ) ) ;
#5512 = EDGE_CURVE ( 'NONE', #5361, #7458, #6247, .T. ) ;
#5513 = FILL_AREA_STYLE_COLOUR ( '', #6170 ) ;
#5514 = LINE ( 'NONE', #3834, #4843 ) ;
#5515 = CARTESIAN_POINT ( 'NONE',  ( 0.1708101952976497362, 0.1781085498415665713, -0.5989999999999999769 ) ) ;
#5516 = LINE ( 'NONE', #6438, #5812 ) ;
#5517 = ORIENTED_EDGE ( 'NONE', *, *, #6848, .F. ) ;
#5518 = CARTESIAN_POINT ( 'NONE',  ( 0.3112496600616577735, -0.1461635494698473314, 0.5989999999999997549 ) ) ;
#5519 = STYLED_ITEM ( 'NONE', ( #5201 ), #284 ) ;
#5520 = DIRECTION ( 'NONE',  ( -0.0000000000000000000, -0.0000000000000000000, -1.000000000000000000 ) ) ;
#5521 = FACE_OUTER_BOUND ( 'NONE', #1582, .T. ) ;
#5522 = UNCERTAINTY_MEASURE_WITH_UNIT (LENGTH_MEASURE( 1.000000000000000082E-05 ), #3522, 'distance_accuracy_value', 'NONE');
#5523 = CARTESIAN_POINT ( 'NONE',  ( 0.2605314291758150103, -0.1224488086927306152, -0.5989999999999999769 ) ) ;
#5524 = ORIENTED_EDGE ( 'NONE', *, *, #5401, .T. ) ;
#5525 = AXIS2_PLACEMENT_3D ( 'NONE', #6214, #3959, #356 ) ;
#5526 = DIRECTION ( 'NONE',  ( -1.445602896647340613E-14, 1.000000000000000000, 0.0000000000000000000 ) ) ;
#5527 = CARTESIAN_POINT ( 'NONE',  ( 0.3003792604586883463, -0.1091142086202636641, -0.5999999999999997558 ) ) ;
#5528 =( GEOMETRIC_REPRESENTATION_CONTEXT ( 3 ) GLOBAL_UNCERTAINTY_ASSIGNED_CONTEXT ( ( #5827 ) ) GLOBAL_UNIT_ASSIGNED_CONTEXT ( ( #5496, #7331, #238 ) ) REPRESENTATION_CONTEXT ( 'NONE', 'WORKASPACE' ) );
#5529 =( NAMED_UNIT ( * ) PLANE_ANGLE_UNIT ( ) SI_UNIT ( $, .RADIAN. ) );
#5530 = ORIENTED_EDGE ( 'NONE', *, *, #1121, .F. ) ;
#5531 = CARTESIAN_POINT ( 'NONE',  ( 0.2354694122166668124, -0.1245865131200955545, -0.5999999999999998668 ) ) ;
#5532 = CARTESIAN_POINT ( 'NONE',  ( -0.1705767208829299386, -0.08811729439189239232, -0.5989999999999999769 ) ) ;
#5533 = PLANE ( 'NONE',  #7011 ) ;
#5534 = LINE ( 'NONE', #6193, #270 ) ;
#5535 = FACE_OUTER_BOUND ( 'NONE', #671, .T. ) ;
#5536 = FILL_AREA_STYLE_COLOUR ( '', #418 ) ;
#5537 = CARTESIAN_POINT ( 'NONE',  ( 0.3068115833971371553, 0.1075864756556006024, -0.5989999999999997549 ) ) ;
#5538 = ORIENTED_EDGE ( 'NONE', *, *, #2065, .F. ) ;
#5539 = FILL_AREA_STYLE_COLOUR ( '', #5349 ) ;
#5540 = VECTOR ( 'NONE', #6141, 1000.000000000000000 ) ;
#5541 = ORIENTED_EDGE ( 'NONE', *, *, #5262, .F. ) ;
#5542 = DIRECTION ( 'NONE',  ( 0.0000000000000000000, -1.000000000000000000, 0.0000000000000000000 ) ) ;
#5543 = ADVANCED_FACE ( 'NONE', ( #7068 ), #6862, .T. ) ;
#5544 = EDGE_CURVE ( 'NONE', #397, #3752, #1512, .T. ) ;
#5545 = AXIS2_PLACEMENT_3D ( 'NONE', #2476, #6604, #4219 ) ;
#5546 = VECTOR ( 'NONE', #5453, 1000.000000000000000 ) ;
#5547 = CARTESIAN_POINT ( 'NONE',  ( 0.4449595878679863392, -0.1133202614617945525, 0.5999999999999993117 ) ) ;
#5548 =( LENGTH_UNIT ( ) NAMED_UNIT ( * ) SI_UNIT ( .MILLI., .METRE. ) );
#5549 = EDGE_CURVE ( 'NONE', #193, #5813, #4471, .T. ) ;
#5550 = DIRECTION ( 'NONE',  ( -0.0000000000000000000, -1.000000000000000000, -0.0000000000000000000 ) ) ;
#5551 =( GEOMETRIC_REPRESENTATION_CONTEXT ( 3 ) GLOBAL_UNCERTAINTY_ASSIGNED_CONTEXT ( ( #1221 ) ) GLOBAL_UNIT_ASSIGNED_CONTEXT ( ( #3005, #97, #3685 ) ) REPRESENTATION_CONTEXT ( 'NONE', 'WORKASPACE' ) );
#5552 = VECTOR ( 'NONE', #2392, 1000.000000000000000 ) ;
#5553 = CARTESIAN_POINT ( 'NONE',  ( 0.2874162421934694511, 0.1708259431283862262, 0.5999999999999999778 ) ) ;
#5554 = CARTESIAN_POINT ( 'NONE',  ( 0.4545656324373718582, -0.06072893492039429381, 0.5989999999999999769 ) ) ;
#5555 = ORIENTED_EDGE ( 'NONE', *, *, #3017, .T. ) ;
#5556 = LINE ( 'NONE', #6506, #3973 ) ;
#5557 = CARTESIAN_POINT ( 'NONE',  ( 1.270016866663922217, -0.7200168666639227277, 0.5699999999999999512 ) ) ;
#5558 = CARTESIAN_POINT ( 'NONE',  ( 0.2868713864149116111, -0.1450359532249090033, 0.5999999999999999778 ) ) ;
#5559 = CARTESIAN_POINT ( 'NONE',  ( 1.297506801884445338, 0.7499027076066754338, 0.5726146722824297930 ) ) ;
#5560 = VECTOR ( 'NONE', #6446, 1000.000000000000000 ) ;
#5561 = CARTESIAN_POINT ( 'NONE',  ( 0.3708866937512163564, 0.02329657755932710780, -0.5989999999999999769 ) ) ;
#5562 = ORIENTED_EDGE ( 'NONE', *, *, #80, .T. ) ;
#5563 = ORIENTED_EDGE ( 'NONE', *, *, #1154, .T. ) ;
#5564 = MECHANICAL_DESIGN_GEOMETRIC_PRESENTATION_REPRESENTATION (  '', ( #1058 ), #1842 ) ;
#5565 = FILL_AREA_STYLE ('',( #2575 ) ) ;
#5566 =( NAMED_UNIT ( * ) SI_UNIT ( $, .STERADIAN. ) SOLID_ANGLE_UNIT ( ) );
#5567 =( GEOMETRIC_REPRESENTATION_CONTEXT ( 3 ) GLOBAL_UNCERTAINTY_ASSIGNED_CONTEXT ( ( #6481 ) ) GLOBAL_UNIT_ASSIGNED_CONTEXT ( ( #2630, #4979, #6764 ) ) REPRESENTATION_CONTEXT ( 'NONE', 'WORKASPACE' ) );
#5568 = PRESENTATION_STYLE_ASSIGNMENT (( #280 ) ) ;
#5569 = CARTESIAN_POINT ( 'NONE',  ( -0.3546336333434918497, 0.1057874902340749101, -0.6000000000000000888 ) ) ;
#5570 = EDGE_LOOP ( 'NONE', ( #6134, #359, #5476, #4605 ) ) ;
#5571 = DIRECTION ( 'NONE',  ( -1.000000000000000000, 0.0000000000000000000, 0.0000000000000000000 ) ) ;
#5572 = SURFACE_STYLE_USAGE ( .BOTH. , #7344 ) ;
#5573 = UNCERTAINTY_MEASURE_WITH_UNIT (LENGTH_MEASURE( 1.000000000000000082E-05 ), #1299, 'distance_accuracy_value', 'NONE');
#5574 = CARTESIAN_POINT ( 'NONE',  ( 0.4246691249778027366, -0.1455827720483489907, 0.5989999999999999769 ) ) ;
#5575 = SURFACE_STYLE_FILL_AREA ( #3778 ) ;
#5576 = EDGE_LOOP ( 'NONE', ( #1773, #1888, #5856, #2029, #4048, #7098, #4857, #6137, #27, #2158, #5350, #2757 ) ) ;
#5577 = PRESENTATION_LAYER_ASSIGNMENT (  '', '', ( #7588 ) ) ;
#5578 = ADVANCED_FACE ( 'NONE', ( #2531 ), #6693, .F. ) ;
#5579 =( LENGTH_UNIT ( ) NAMED_UNIT ( * ) SI_UNIT ( .MILLI., .METRE. ) );
#5580 =( GEOMETRIC_REPRESENTATION_CONTEXT ( 3 ) GLOBAL_UNCERTAINTY_ASSIGNED_CONTEXT ( ( #4883 ) ) GLOBAL_UNIT_ASSIGNED_CONTEXT ( ( #2171, #4576, #3982 ) ) REPRESENTATION_CONTEXT ( 'NONE', 'WORKASPACE' ) );
#5581 = CARTESIAN_POINT ( 'NONE',  ( 0.1748134205703820165, -0.1173727826686825487, -0.5999999999999997558 ) ) ;
#5582 = CARTESIAN_POINT ( 'NONE',  ( 1.270016866663922439, 0.7200168666639229498, 0.5699999999999999512 ) ) ;
#5583 = ORIENTED_EDGE ( 'NONE', *, *, #263, .F. ) ;
#5584 = CARTESIAN_POINT ( 'NONE',  ( -0.07179623307805192700, -0.08811729439189239232, -0.5999999999999999778 ) ) ;
#5585 = CARTESIAN_POINT ( 'NONE',  ( 0.3708866937512163564, 0.02329657755932710780, -0.5989999999999999769 ) ) ;
#5586 = ADVANCED_FACE ( 'NONE', ( #335 ), #4666, .T. ) ;
#5587 = VECTOR ( 'NONE', #298, 1000.000000000000000 ) ;
#5588 = DIRECTION ( 'NONE',  ( -0.0000000000000000000, 0.0000000000000000000, -1.000000000000000000 ) ) ;
#5589 = CARTESIAN_POINT ( 'NONE',  ( 0.2179712974097529898, 0.1496875836568880846, -0.5999999999999999778 ) ) ;
#5590 = CARTESIAN_POINT ( 'NONE',  ( 0.1765168519495669830, 0.1708259431283862262, 0.5999999999999999778 ) ) ;
#5591 = LINE ( 'NONE', #3194, #2445 ) ;
#5592 = CARTESIAN_POINT ( 'NONE',  ( 0.3264516857145297046, 0.06504262219748120633, -0.5989999999999997549 ) ) ;
#5593 = EDGE_LOOP ( 'NONE', ( #133, #6765, #3677, #4457 ) ) ;
#5594 = CARTESIAN_POINT ( 'NONE',  ( 0.04893547423902126770, 0.1460290470715222277, -0.5989999999999999769 ) ) ;
#5595 =( GEOMETRIC_REPRESENTATION_CONTEXT ( 3 ) GLOBAL_UNCERTAINTY_ASSIGNED_CONTEXT ( ( #2447 ) ) GLOBAL_UNIT_ASSIGNED_CONTEXT ( ( #5720, #1060, #1032 ) ) REPRESENTATION_CONTEXT ( 'NONE', 'WORKASPACE' ) );
#5596 = ORIENTED_EDGE ( 'NONE', *, *, #4263, .F. ) ;
#5597 = SURFACE_SIDE_STYLE ('',( #5666 ) ) ;
#5598 = EDGE_CURVE ( 'NONE', #3112, #4871, #145, .T. ) ;
#5599 =( LENGTH_UNIT ( ) NAMED_UNIT ( * ) SI_UNIT ( .MILLI., .METRE. ) );
#5600 = CARTESIAN_POINT ( 'NONE',  ( 0.3973977441306607017, 0.04116055824689628800, 0.5990000000000000879 ) ) ;
#5601 = LINE ( 'NONE', #1778, #2712 ) ;
#5602 = COLOUR_RGB ( '',0.5019607843137254832, 0.5019607843137254832, 0.5019607843137254832 ) ;
#5603 = DIRECTION ( 'NONE',  ( 0.0000000000000000000, 0.0000000000000000000, -1.000000000000000000 ) ) ;
#5604 = CARTESIAN_POINT ( 'NONE',  ( 0.4350534373154206769, 0.2147283821527764813, 0.5999999999999999778 ) ) ;
#5605 = AXIS2_PLACEMENT_3D ( 'NONE', #6510, #5333, #6110 ) ;
#5606 = CARTESIAN_POINT ( 'NONE',  ( 1.646612987842787978, -0.2750000000000000222, -0.5400000000000000355 ) ) ;
#5607 = CARTESIAN_POINT ( 'NONE',  ( 0.1505309792763961096, -0.1070491180733480902, -0.5999999999999999778 ) ) ;
#5608 = STYLED_ITEM ( 'NONE', ( #3279 ), #5286 ) ;
#5609 = DIRECTION ( 'NONE',  ( -1.000000000000000000, 0.0000000000000000000, 0.0000000000000000000 ) ) ;
#5610 = CARTESIAN_POINT ( 'NONE',  ( 0.2286559619763117446, -0.1271864496103397302, 0.5999999999999999778 ) ) ;
#5611 = CARTESIAN_POINT ( 'NONE',  ( 0.3707560367146675584, 0.02913323089226622226, -0.5989999999999999769 ) ) ;
#5612 = VECTOR ( 'NONE', #980, 1000.000000000000000 ) ;
#5613 = CARTESIAN_POINT ( 'NONE',  ( -0.2514488498626519242, -0.08388444422514949872, -0.5999999999999997558 ) ) ;
#5614 = CARTESIAN_POINT ( 'NONE',  ( 0.1992417168902546054, 0.1485727543651844951, -0.5989999999999998659 ) ) ;
#5615 = FACE_OUTER_BOUND ( 'NONE', #3215, .T. ) ;
#5616 = ORIENTED_EDGE ( 'NONE', *, *, #3809, .T. ) ;
#5617 = LINE ( 'NONE', #6803, #1719 ) ;
#5618 = ADVANCED_FACE ( 'NONE', ( #2292 ), #4958, .T. ) ;
#5619 = CARTESIAN_POINT ( 'NONE',  ( 0.3186434425640592982, 0.08780060842819246980, -0.5989999999999999769 ) ) ;
#5620 = CARTESIAN_POINT ( 'NONE',  ( -0.3546336333434918497, 0.1057874902340749101, -0.5989999999999999769 ) ) ;
#5621 = FACE_OUTER_BOUND ( 'NONE', #7022, .T. ) ;
#5622 = PRESENTATION_LAYER_ASSIGNMENT (  '', '', ( #1403 ) ) ;
#5623 = ORIENTED_EDGE ( 'NONE', *, *, #3714, .F. ) ;
#5624 = LINE ( 'NONE', #7372, #459 ) ;
#5625 = COLOUR_RGB ( '',1.000000000000000000, 1.000000000000000000, 1.000000000000000000 ) ;
#5626 = CARTESIAN_POINT ( 'NONE',  ( 1.299902707606674923, 0.7200168666639229498, 0.5726146722824297930 ) ) ;
#5627 = EDGE_CURVE ( 'NONE', #7458, #2688, #1072, .T. ) ;
#5628 = CARTESIAN_POINT ( 'NONE',  ( 0.3464028409607911585, 0.05683435090977928539, 0.5989999999999998659 ) ) ;
#5629 =( GEOMETRIC_REPRESENTATION_CONTEXT ( 3 ) GLOBAL_UNCERTAINTY_ASSIGNED_CONTEXT ( ( #4046 ) ) GLOBAL_UNIT_ASSIGNED_CONTEXT ( ( #471, #3362, #1108 ) ) REPRESENTATION_CONTEXT ( 'NONE', 'WORKASPACE' ) );
#5630 = ORIENTED_EDGE ( 'NONE', *, *, #2450, .T. ) ;
#5631 = FILL_AREA_STYLE ('',( #7383 ) ) ;
#5632 = FACE_OUTER_BOUND ( 'NONE', #6203, .T. ) ;
#5633 = VERTEX_POINT ( 'NONE', #5626 ) ;
#5634 = EDGE_CURVE ( 'NONE', #3886, #163, #3459, .T. ) ;
#5635 = VECTOR ( 'NONE', #313, 1000.000000000000227 ) ;
#5636 = CARTESIAN_POINT ( 'NONE',  ( 1.297506801884445116, -0.7200168666639227277, 0.5999999999999999778 ) ) ;
#5637 = EDGE_LOOP ( 'NONE', ( #4043, #4917, #3958, #4652 ) ) ;
#5638 = LINE ( 'NONE', #1753, #1649 ) ;
#5639 = ORIENTED_EDGE ( 'NONE', *, *, #7513, .T. ) ;
#5640 =( NAMED_UNIT ( * ) PLANE_ANGLE_UNIT ( ) SI_UNIT ( $, .RADIAN. ) );
#5641 = ADVANCED_FACE ( 'NONE', ( #6782 ), #2057, .T. ) ;
#5642 = LINE ( 'NONE', #2853, #473 ) ;
#5643 = CARTESIAN_POINT ( 'NONE',  ( 0.2764526419561812998, -0.1434662312280615415, 0.6000000000000000888 ) ) ;
#5644 = CARTESIAN_POINT ( 'NONE',  ( 0.2237326383055451839, 0.1824883454211447542, -0.5989999999999998659 ) ) ;
#5645 = FILL_AREA_STYLE ('',( #1481 ) ) ;
#5646 = DIRECTION ( 'NONE',  ( 0.0000000000000000000, -1.000000000000000000, 0.0000000000000000000 ) ) ;
#5647 = EDGE_LOOP ( 'NONE', ( #5855, #4039, #1726, #3686 ) ) ;
#5648 = DIRECTION ( 'NONE',  ( -0.9961946980917455452, -2.700191139724029727E-16, 0.08715574274765836016 ) ) ;
#5649 = SURFACE_STYLE_USAGE ( .BOTH. , #3295 ) ;
#5650 =( NAMED_UNIT ( * ) SI_UNIT ( $, .STERADIAN. ) SOLID_ANGLE_UNIT ( ) );
#5651 = ORIENTED_EDGE ( 'NONE', *, *, #3160, .F. ) ;
#5652 = ORIENTED_EDGE ( 'NONE', *, *, #1939, .F. ) ;
#5653 = CARTESIAN_POINT ( 'NONE',  ( -1.299902707606674923, -0.7475068018844454043, -0.5726146722824297930 ) ) ;
#5654 = PRESENTATION_STYLE_ASSIGNMENT (( #4324 ) ) ;
#5655 =( GEOMETRIC_REPRESENTATION_CONTEXT ( 3 ) GLOBAL_UNCERTAINTY_ASSIGNED_CONTEXT ( ( #1680 ) ) GLOBAL_UNIT_ASSIGNED_CONTEXT ( ( #7472, #5145, #7393 ) ) REPRESENTATION_CONTEXT ( 'NONE', 'WORKASPACE' ) );
#5656 = EDGE_CURVE ( 'NONE', #3342, #4511, #2319, .T. ) ;
#5657 = STYLED_ITEM ( 'NONE', ( #7539 ), #7300 ) ;
#5658 = CARTESIAN_POINT ( 'NONE',  ( -0.3195289176306165824, -0.02930029517402816391, -0.5999999999999997558 ) ) ;
#5659 = CARTESIAN_POINT ( 'NONE',  ( 1.297506801884445338, -0.7499027076066749897, -0.5726146722824297930 ) ) ;
#5660 = EDGE_LOOP ( 'NONE', ( #2521, #6905, #718, #7093 ) ) ;
#5661 = ORIENTED_EDGE ( 'NONE', *, *, #3691, .T. ) ;
#5662 = EDGE_CURVE ( 'NONE', #868, #1832, #4709, .T. ) ;
#5663 = CARTESIAN_POINT ( 'NONE',  ( -1.270016866663922661, -0.7200168666639225057, -0.5699999999999999512 ) ) ;
#5664 = PRESENTATION_LAYER_ASSIGNMENT (  '', '', ( #4821 ) ) ;
#5665 = ORIENTED_EDGE ( 'NONE', *, *, #5044, .F. ) ;
#5666 = SURFACE_STYLE_FILL_AREA ( #3331 ) ;
#5667 = FILL_AREA_STYLE_COLOUR ( '', #634 ) ;
#5668 = CARTESIAN_POINT ( 'NONE',  ( 0.2262200956611387648, -0.1246552591024330248, -0.5989999999999998659 ) ) ;
#5669 = ORIENTED_EDGE ( 'NONE', *, *, #5281, .F. ) ;
#5670 = CARTESIAN_POINT ( 'NONE',  ( 0.2499438813803231962, 0.1801266539902430797, -0.5999999999999999778 ) ) ;
#5671 = CARTESIAN_POINT ( 'NONE',  ( 0.2973282157579631435, -0.1460938667996341256, 0.5999999999999999778 ) ) ;
#5672 = CARTESIAN_POINT ( 'NONE',  ( 0.05944368121785965908, -0.1852716178472235964, 0.5989999999999999769 ) ) ;
#5673 = DIRECTION ( 'NONE',  ( 0.0000000000000000000, -1.000000000000000000, 0.0000000000000000000 ) ) ;
#5674 = ORIENTED_EDGE ( 'NONE', *, *, #3032, .T. ) ;
#5675 = SURFACE_SIDE_STYLE ('',( #3935 ) ) ;
#5676 = PRESENTATION_LAYER_ASSIGNMENT (  '', '', ( #6553 ) ) ;
#5677 = ORIENTED_EDGE ( 'NONE', *, *, #3202, .F. ) ;
#5678 = CARTESIAN_POINT ( 'NONE',  ( 0.4009070958520060679, -0.06400637394478454756, 0.5999999999999999778 ) ) ;
#5679 = EDGE_CURVE ( 'NONE', #4697, #868, #4779, .T. ) ;
#5680 = DIRECTION ( 'NONE',  ( 1.355252715606880543E-16, 1.000000000000000000, -0.0000000000000000000 ) ) ;
#5681 = AXIS2_PLACEMENT_3D ( 'NONE', #4011, #442, #2289 ) ;
#5682 = UNCERTAINTY_MEASURE_WITH_UNIT (LENGTH_MEASURE( 1.000000000000000082E-05 ), #7329, 'distance_accuracy_value', 'NONE');
#5683 = FILL_AREA_STYLE ('',( #351 ) ) ;
#5684 = CARTESIAN_POINT ( 'NONE',  ( 0.2868713864149116111, -0.1450359532249090033, 0.5989999999999999769 ) ) ;
#5686 = ORIENTED_EDGE ( 'NONE', *, *, #3763, .F. ) ;
#5685 = SURFACE_SIDE_STYLE ('',( #7439 ) ) ;
#5687 = COLOUR_RGB ( '',0.2509803921568627416, 0.2509803921568627416, 0.2509803921568627416 ) ;
#5688 = CARTESIAN_POINT ( 'NONE',  ( -1.270016866663923105, 0.8000000000000002665, -0.5699999999999999512 ) ) ;
#5689 = ORIENTED_EDGE ( 'NONE', *, *, #3080, .T. ) ;
#5690 = PRESENTATION_LAYER_ASSIGNMENT (  '', '', ( #1858 ) ) ;
#5691 = VERTEX_POINT ( 'NONE', #957 ) ;
#5692 = CARTESIAN_POINT ( 'NONE',  ( -1.270016866663922439, -0.7200168666639227277, 0.5999999999999999778 ) ) ;
#5693 = CARTESIAN_POINT ( 'NONE',  ( 0.1955035502080827714, -0.1221641622618196699, -0.5989999999999999769 ) ) ;
#5694 = SURFACE_SIDE_STYLE ('',( #1627 ) ) ;
#5695 = FILL_AREA_STYLE_COLOUR ( '', #5687 ) ;
#5696 = CARTESIAN_POINT ( 'NONE',  ( -0.3070809132786876394, 0.1099468963208857925, -0.5999999999999998668 ) ) ;
#5697 = FACE_OUTER_BOUND ( 'NONE', #570, .T. ) ;
#5698 = FILL_AREA_STYLE ('',( #1002 ) ) ;
#5699 =( NAMED_UNIT ( * ) SI_UNIT ( $, .STERADIAN. ) SOLID_ANGLE_UNIT ( ) );
#5700 =( NAMED_UNIT ( * ) PLANE_ANGLE_UNIT ( ) SI_UNIT ( $, .RADIAN. ) );
#5701 = DIRECTION ( 'NONE',  ( 1.000000000000000000, 0.0000000000000000000, 0.0000000000000000000 ) ) ;
#5702 = SURFACE_SIDE_STYLE ('',( #4500 ) ) ;
#5703 =( NAMED_UNIT ( * ) PLANE_ANGLE_UNIT ( ) SI_UNIT ( $, .RADIAN. ) );
#5704 = FILL_AREA_STYLE_COLOUR ( '', #4123 ) ;
#5705 = STYLED_ITEM ( 'NONE', ( #6836 ), #3205 ) ;
#5706 = DIRECTION ( 'NONE',  ( -0.0000000000000000000, -0.0000000000000000000, -1.000000000000000000 ) ) ;
#5707 = EDGE_CURVE ( 'NONE', #4448, #2230, #908, .T. ) ;
#5708 = DIRECTION ( 'NONE',  ( -1.000000000000000000, 6.323693270844071521E-16, 7.228014483236704641E-15 ) ) ;
#5709 = CARTESIAN_POINT ( 'NONE',  ( 0.2148262270274847174, 0.1825894095944982365, -0.5999999999999999778 ) ) ;
#5710 = DIRECTION ( 'NONE',  ( -1.000000000000000000, 0.0000000000000000000, -5.330734548809088951E-16 ) ) ;
#5711 = COLOUR_RGB ( '',0.2509803921568627416, 0.2509803921568627416, 0.2509803921568627416 ) ;
#5712 = CARTESIAN_POINT ( 'NONE',  ( -0.3315523306390275038, 0.03187127268127831065, -0.5989999999999999769 ) ) ;
#5713 =( LENGTH_UNIT ( ) NAMED_UNIT ( * ) SI_UNIT ( .MILLI., .METRE. ) );
#5714 = CARTESIAN_POINT ( 'NONE',  ( -1.299902707606675367, 0.7200168666639229498, 0.5726146722824297930 ) ) ;
#5715 = FILL_AREA_STYLE ('',( #6754 ) ) ;
#5716 = FACE_OUTER_BOUND ( 'NONE', #4415, .T. ) ;
#5717 = EDGE_LOOP ( 'NONE', ( #3644, #2691, #6489, #2153 ) ) ;
#5718 =( GEOMETRIC_REPRESENTATION_CONTEXT ( 3 ) GLOBAL_UNCERTAINTY_ASSIGNED_CONTEXT ( ( #2777 ) ) GLOBAL_UNIT_ASSIGNED_CONTEXT ( ( #269, #4398, #898 ) ) REPRESENTATION_CONTEXT ( 'NONE', 'WORKASPACE' ) );
#5719 = CARTESIAN_POINT ( 'NONE',  ( 0.3169040998701276313, 0.1492327762523293910, -0.6000000000000001998 ) ) ;
#5720 =( LENGTH_UNIT ( ) NAMED_UNIT ( * ) SI_UNIT ( .MILLI., .METRE. ) );
#5721 = CARTESIAN_POINT ( 'NONE',  ( -0.2511872977057749701, 0.1422380651086194159, -0.6000000000000003109 ) ) ;
#5722 = UNCERTAINTY_MEASURE_WITH_UNIT (LENGTH_MEASURE( 1.000000000000000082E-05 ), #972, 'distance_accuracy_value', 'NONE');
#5723 = COLOUR_RGB ( '',0.5019607843137254832, 0.5019607843137254832, 0.5019607843137254832 ) ;
#5724 = EDGE_LOOP ( 'NONE', ( #2416, #5074, #1756, #6109 ) ) ;
#5725 = MECHANICAL_DESIGN_GEOMETRIC_PRESENTATION_REPRESENTATION (  '', ( #126 ), #3538 ) ;
#5726 =( LENGTH_UNIT ( ) NAMED_UNIT ( * ) SI_UNIT ( .MILLI., .METRE. ) );
#5727 = CARTESIAN_POINT ( 'NONE',  ( -0.3156732360605929988, -0.08900187097003554870, -0.5990000000000000879 ) ) ;
#5728 = CARTESIAN_POINT ( 'NONE',  ( 0.3043343704461793364, -0.1461960526540108107, 0.5999999999999998668 ) ) ;
#5729 = LINE ( 'NONE', #5553, #6628 ) ;
#5730 = VERTEX_POINT ( 'NONE', #1587 ) ;
#5731 =( NAMED_UNIT ( * ) SI_UNIT ( $, .STERADIAN. ) SOLID_ANGLE_UNIT ( ) );
#5732 = SURFACE_SIDE_STYLE ('',( #6542 ) ) ;
#5733 = CARTESIAN_POINT ( 'NONE',  ( -0.3272236963016080247, 0.1394360100602142216, -0.5989999999999999769 ) ) ;
#5734 = LINE ( 'NONE', #6285, #7171 ) ;
#5735 = ORIENTED_EDGE ( 'NONE', *, *, #179, .T. ) ;
#5736 = FACE_OUTER_BOUND ( 'NONE', #6173, .T. ) ;
#5737 = SURFACE_SIDE_STYLE ('',( #4532 ) ) ;
#5738 = CARTESIAN_POINT ( 'NONE',  ( 0.2066399729786870809, -0.1236102232778498178, -0.5999999999999999778 ) ) ;
#5739 = FACE_OUTER_BOUND ( 'NONE', #1560, .T. ) ;
#5740 = PRESENTATION_LAYER_ASSIGNMENT (  '', '', ( #819 ) ) ;
#5741 = ORIENTED_EDGE ( 'NONE', *, *, #179, .F. ) ;
#5742 = FILL_AREA_STYLE_COLOUR ( '', #6608 ) ;
#5743 =( NAMED_UNIT ( * ) SI_UNIT ( $, .STERADIAN. ) SOLID_ANGLE_UNIT ( ) );
#5744 = VERTEX_POINT ( 'NONE', #438 ) ;
#5745 = CARTESIAN_POINT ( 'NONE',  ( 1.429594623791681229, -0.2750000000000000222, -0.009999999999999953371 ) ) ;
#5746 = EDGE_CURVE ( 'NONE', #2247, #2660, #3218, .T. ) ;
#5747 =( NAMED_UNIT ( * ) PLANE_ANGLE_UNIT ( ) SI_UNIT ( $, .RADIAN. ) );
#5748 = SURFACE_STYLE_FILL_AREA ( #2654 ) ;
#5749 =( NAMED_UNIT ( * ) PLANE_ANGLE_UNIT ( ) SI_UNIT ( $, .RADIAN. ) );
#5750 = CARTESIAN_POINT ( 'NONE',  ( 0.3279674862869053076, 0.1389807243019586525, -0.5999999999999998668 ) ) ;
#5751 = CARTESIAN_POINT ( 'NONE',  ( -0.4662893733219542480, -0.03689778219677045806, -0.5989999999999999769 ) ) ;
#5752 = DIRECTION ( 'NONE',  ( 0.0000000000000000000, -1.000000000000000000, 0.0000000000000000000 ) ) ;
#5753 = SURFACE_STYLE_FILL_AREA ( #3781 ) ;
#5754 =( LENGTH_UNIT ( ) NAMED_UNIT ( * ) SI_UNIT ( .MILLI., .METRE. ) );
#5755 = CARTESIAN_POINT ( 'NONE',  ( -0.2514488498626519242, -0.08388444422514949872, -0.5999999999999997558 ) ) ;
#5757 = MECHANICAL_DESIGN_GEOMETRIC_PRESENTATION_REPRESENTATION (  '', ( #6128 ), #2548 ) ;
#5756 = CARTESIAN_POINT ( 'NONE',  ( 1.349999999999999867, 0.8000000000000002665, 0.0000000000000000000 ) ) ;
#5758 = ORIENTED_EDGE ( 'NONE', *, *, #358, .T. ) ;
#5759 = CARTESIAN_POINT ( 'NONE',  ( 0.3943638665233359930, -0.03086052188129574658, 0.5999999999999998668 ) ) ;
#5760 =( NAMED_UNIT ( * ) SI_UNIT ( $, .STERADIAN. ) SOLID_ANGLE_UNIT ( ) );
#5761 =( LENGTH_UNIT ( ) NAMED_UNIT ( * ) SI_UNIT ( .MILLI., .METRE. ) );
#5762 = LINE ( 'NONE', #3813, #5301 ) ;
#5763 = CARTESIAN_POINT ( 'NONE',  ( 0.2210940980692943370, -0.09172826881303212943, -0.5989999999999999769 ) ) ;
#5764 = VERTEX_POINT ( 'NONE', #4461 ) ;
#5765 = CARTESIAN_POINT ( 'NONE',  ( -0.3714375762381471602, 0.01595550255402538448, -0.5989999999999998659 ) ) ;
#5766 = CARTESIAN_POINT ( 'NONE',  ( 0.1549725523089810209, 0.1736697789983465967, -0.6000000000000000888 ) ) ;
#5767 = B_SPLINE_CURVE_WITH_KNOTS ( 'NONE', 3,
 ( #7230, #3695, #1938, #5523, #3105, #769, #3746, #1415, #6136, #1386, #4262, #5474, #7287, #1360, #6113, #239, #4885, #3187, #4346 ),
 .UNSPECIFIED., .F., .F.,
 ( 4, 1, 1, 1, 1, 1, 1, 1, 1, 1, 1, 1, 1, 1, 1, 1, 4 ),
 ( 0.0000000000000000000, 0.06783324845577357043, 0.1326555365079042093, 0.1950508840508277109, 0.2555829330687771628, 0.3147998341472899031, 0.3736004728263745966, 0.4325455953267435816, 0.4924306292835655130, 0.5526712559629695098, 0.6125130441881164733, 0.6726102503570065005, 0.7338383693139459707, 0.7965942385677740045, 0.8614497992905733037, 0.9291989423509054991, 1.000000000000000000 ),
 .UNSPECIFIED. ) ;
#5768 = DIRECTION ( 'NONE',  ( 1.000000000000000000, 0.0000000000000000000, -0.0000000000000000000 ) ) ;
#5769 = LINE ( 'NONE', #1562, #2589 ) ;
#5770 = CARTESIAN_POINT ( 'NONE',  ( 1.270016866663922439, -0.7200168666639226167, -0.5999999999999999778 ) ) ;
#5771 = SURFACE_SIDE_STYLE ('',( #7203 ) ) ;
#5772 = VERTEX_POINT ( 'NONE', #5792 ) ;
#5773 = UNCERTAINTY_MEASURE_WITH_UNIT (LENGTH_MEASURE( 1.000000000000000082E-05 ), #567, 'distance_accuracy_value', 'NONE');
#5774 = DIRECTION ( 'NONE',  ( 0.0000000000000000000, -1.000000000000000000, 0.0000000000000000000 ) ) ;
#5775 = COLOUR_RGB ( '',0.5019607843137254832, 0.5019607843137254832, 0.5019607843137254832 ) ;
#5776 = ORIENTED_EDGE ( 'NONE', *, *, #6557, .T. ) ;
#5777 = CARTESIAN_POINT ( 'NONE',  ( 0.08917937667804562429, -0.1210441236601850767, -0.5989999999999999769 ) ) ;
#5778 = CARTESIAN_POINT ( 'NONE',  ( -0.3192198428449965486, 0.09196572276260614465, -0.6000000000000000888 ) ) ;
#5779 = CARTESIAN_POINT ( 'NONE',  ( -0.5315713855170760560, 0.1213339251203026936, -0.5989999999999999769 ) ) ;
#5780 = UNCERTAINTY_MEASURE_WITH_UNIT (LENGTH_MEASURE( 1.000000000000000082E-05 ), #4625, 'distance_accuracy_value', 'NONE');
#5781 = PRESENTATION_LAYER_ASSIGNMENT (  '', '', ( #2738 ) ) ;
#5782 = CARTESIAN_POINT ( 'NONE',  ( 0.3416094643836954381, 0.009717126279608296127, 0.5999999999999999778 ) ) ;
#5783 = EDGE_CURVE ( 'NONE', #7484, #4511, #5446, .T. ) ;
#5784 = DIRECTION ( 'NONE',  ( -0.08682659386424780579, -0.08682659386424779191, 0.9924325091389669673 ) ) ;
#5785 = EDGE_LOOP ( 'NONE', ( #3170, #5319, #7559, #7436 ) ) ;
#5786 = MECHANICAL_DESIGN_GEOMETRIC_PRESENTATION_REPRESENTATION (  '', ( #5379 ), #1802 ) ;
#5787 = FACE_OUTER_BOUND ( 'NONE', #7385, .T. ) ;
#5788 = ORIENTED_EDGE ( 'NONE', *, *, #6793, .T. ) ;
#5789 = DIRECTION ( 'NONE',  ( -0.0000000000000000000, 0.0000000000000000000, -1.000000000000000000 ) ) ;
#5790 = SURFACE_STYLE_USAGE ( .BOTH. , #4052 ) ;
#5791 = CARTESIAN_POINT ( 'NONE',  ( 0.3049667527171500137, 0.1581789030946081365, -0.5999999999999998668 ) ) ;
#5792 = CARTESIAN_POINT ( 'NONE',  ( -0.3315523306390275038, 0.03187127268127831065, -0.5999999999999999778 ) ) ;
#5793 = EDGE_CURVE ( 'NONE', #3346, #6940, #2483, .T. ) ;
#5794 = CARTESIAN_POINT ( 'NONE',  ( -0.2393537903200950723, -0.08631522258008834936, -0.5989999999999999769 ) ) ;
#5795 = VECTOR ( 'NONE', #1916, 1000.000000000000000 ) ;
#5796 =( NAMED_UNIT ( * ) SI_UNIT ( $, .STERADIAN. ) SOLID_ANGLE_UNIT ( ) );
#5797 = VERTEX_POINT ( 'NONE', #5164 ) ;
#5798 = ADVANCED_FACE ( 'NONE', ( #6640 ), #7425, .T. ) ;
#5799 = DIRECTION ( 'NONE',  ( -0.0000000000000000000, -1.000000000000000000, -0.0000000000000000000 ) ) ;
#5800 = FILL_AREA_STYLE_COLOUR ( '', #5148 ) ;
#5801 = CARTESIAN_POINT ( 'NONE',  ( 0.2769405943268481995, -0.07952419422583427433, -0.5999999999999997558 ) ) ;
#5802 = CARTESIAN_POINT ( 'NONE',  ( 0.3813089863388495204, -0.1180594562190209473, 0.6000000000000000888 ) ) ;
#5803 = CARTESIAN_POINT ( 'NONE',  ( -0.3658016338234909015, -0.01561326585227370591, -0.5989999999999999769 ) ) ;
#5804 = SURFACE_STYLE_FILL_AREA ( #3908 ) ;
#5805 = VECTOR ( 'NONE', #1951, 1000.000000000000114 ) ;
#5806 = DIRECTION ( 'NONE',  ( 1.000000000000000000, -0.0000000000000000000, 0.0000000000000000000 ) ) ;
#5807 = PLANE ( 'NONE',  #1965 ) ;
#5808 = SURFACE_STYLE_USAGE ( .BOTH. , #4081 ) ;
#5809 =( GEOMETRIC_REPRESENTATION_CONTEXT ( 3 ) GLOBAL_UNCERTAINTY_ASSIGNED_CONTEXT ( ( #6286 ) ) GLOBAL_UNIT_ASSIGNED_CONTEXT ( ( #872, #2016, #4370 ) ) REPRESENTATION_CONTEXT ( 'NONE', 'WORKASPACE' ) );
#5810 = EDGE_CURVE ( 'NONE', #7319, #2674, #3896, .T. ) ;
#5811 = AXIS2_PLACEMENT_3D ( 'NONE', #2706, #5774, #6362 ) ;
#5812 = VECTOR ( 'NONE', #1655, 1000.000000000000000 ) ;
#5813 = VERTEX_POINT ( 'NONE', #5134 ) ;
#5814 = CARTESIAN_POINT ( 'NONE',  ( 0.2183142852146310320, 0.1826144129251807413, -0.5999999999999999778 ) ) ;
#5815 = EDGE_CURVE ( 'NONE', #3055, #6564, #1652, .T. ) ;
#5816 = CARTESIAN_POINT ( 'NONE',  ( 0.3592265341996294659, 0.003258602406720101374, 0.5999999999999998668 ) ) ;
#5817 = SURFACE_SIDE_STYLE ('',( #6998 ) ) ;
#5818 = MECHANICAL_DESIGN_GEOMETRIC_PRESENTATION_REPRESENTATION (  '', ( #7618 ), #5000 ) ;
#5819 = PRESENTATION_STYLE_ASSIGNMENT (( #7037 ) ) ;
#5820 = FILL_AREA_STYLE ('',( #2116 ) ) ;
#5821 = CARTESIAN_POINT ( 'NONE',  ( 0.1765168519495669830, 0.2147283821527764813, 0.5989999999999999769 ) ) ;
#5822 = SURFACE_SIDE_STYLE ('',( #7289 ) ) ;
#5823 = ORIENTED_EDGE ( 'NONE', *, *, #3375, .T. ) ;
#5824 = VECTOR ( 'NONE', #2077, 1000.000000000000000 ) ;
#5825 = VERTEX_POINT ( 'NONE', #1605 ) ;
#5826 = CARTESIAN_POINT ( 'NONE',  ( 0.4007230935216682388, -0.07296408862893064007, 0.6000000000000000888 ) ) ;
#5827 = UNCERTAINTY_MEASURE_WITH_UNIT (LENGTH_MEASURE( 1.000000000000000082E-05 ), #5496, 'distance_accuracy_value', 'NONE');
#5828 = PRESENTATION_LAYER_ASSIGNMENT (  '', '', ( #2629 ) ) ;
#5829 = ORIENTED_EDGE ( 'NONE', *, *, #7147, .F. ) ;
#5830 = LINE ( 'NONE', #806, #811 ) ;
#5831 = DIRECTION ( 'NONE',  ( -1.000000000000000000, 0.0000000000000000000, 0.0000000000000000000 ) ) ;
#5832 = EDGE_CURVE ( 'NONE', #1647, #745, #7018, .T. ) ;
#5833 = AXIS2_PLACEMENT_3D ( 'NONE', #5458, #2545, #4897 ) ;
#5834 = EDGE_LOOP ( 'NONE', ( #4527, #3871, #4146, #4531 ) ) ;
#5835 =( NAMED_UNIT ( * ) PLANE_ANGLE_UNIT ( ) SI_UNIT ( $, .RADIAN. ) );
#5836 = FILL_AREA_STYLE_COLOUR ( '', #1904 ) ;
#5837 = LINE ( 'NONE', #6921, #177 ) ;
#5838 = ORIENTED_EDGE ( 'NONE', *, *, #2221, .F. ) ;
#5839 =( NAMED_UNIT ( * ) PLANE_ANGLE_UNIT ( ) SI_UNIT ( $, .RADIAN. ) );
#5840 = MECHANICAL_DESIGN_GEOMETRIC_PRESENTATION_REPRESENTATION (  '', ( #3386 ), #2905 ) ;
#5841 = FACE_OUTER_BOUND ( 'NONE', #6963, .T. ) ;
#5842 = CARTESIAN_POINT ( 'NONE',  ( -1.320339464150455999, -0.8002253050932081058, 0.002575248999448992351 ) ) ;
#5843 = ORIENTED_EDGE ( 'NONE', *, *, #517, .F. ) ;
#5844 = LINE ( 'NONE', #4868, #6386 ) ;
#5845 = ORIENTED_EDGE ( 'NONE', *, *, #5926, .T. ) ;
#5846 = CARTESIAN_POINT ( 'NONE',  ( -1.588985775486360774, -0.2750000000000000222, 0.003944918839624813635 ) ) ;
#5847 = CARTESIAN_POINT ( 'NONE',  ( -0.2767096547888477365, 0.1692558220061700924, -0.6000000000000000888 ) ) ;
#5848 = CARTESIAN_POINT ( 'NONE',  ( 0.4008532078482699434, -0.06097715776141362370, 0.5989999999999999769 ) ) ;
#5849 = STYLED_ITEM ( 'NONE', ( #708 ), #1909 ) ;
#5850 = FACE_OUTER_BOUND ( 'NONE', #5093, .T. ) ;
#5851 = LINE ( 'NONE', #6784, #920 ) ;
#5852 =( GEOMETRIC_REPRESENTATION_CONTEXT ( 3 ) GLOBAL_UNCERTAINTY_ASSIGNED_CONTEXT ( ( #653 ) ) GLOBAL_UNIT_ASSIGNED_CONTEXT ( ( #3888, #5150, #5731 ) ) REPRESENTATION_CONTEXT ( 'NONE', 'WORKASPACE' ) );
#5853 = CARTESIAN_POINT ( 'NONE',  ( 1.338163133249900660, -0.7582772923071485760, 0.1352960060544477761 ) ) ;
#5854 = CARTESIAN_POINT ( 'NONE',  ( -0.2911186412983092220, 0.1242149980772714463, -0.5989999999999997549 ) ) ;
#5855 = ORIENTED_EDGE ( 'NONE', *, *, #7178, .F. ) ;
#5856 = ORIENTED_EDGE ( 'NONE', *, *, #5419, .T. ) ;
#5857 = SURFACE_STYLE_FILL_AREA ( #3586 ) ;
#5858 = ORIENTED_EDGE ( 'NONE', *, *, #6652, .F. ) ;
#5859 = DIRECTION ( 'NONE',  ( 1.000000000000000000, 0.0000000000000000000, 0.0000000000000000000 ) ) ;
#5860 =( LENGTH_UNIT ( ) NAMED_UNIT ( * ) SI_UNIT ( .MILLI., .METRE. ) );
#5861 = CARTESIAN_POINT ( 'NONE',  ( 1.646612987842787978, -0.2750000000000000222, -0.5400000000000000355 ) ) ;
#5862 = CARTESIAN_POINT ( 'NONE',  ( -1.429594623791681229, -0.2750000000000000222, -0.009999999999999953371 ) ) ;
#5863 = CARTESIAN_POINT ( 'NONE',  ( 0.2183142852146310320, 0.1826144129251807413, -0.5999999999999999778 ) ) ;
#5864 =( LENGTH_UNIT ( ) NAMED_UNIT ( * ) SI_UNIT ( .MILLI., .METRE. ) );
#5865 = EDGE_CURVE ( 'NONE', #6634, #163, #6555, .T. ) ;
#5866 = LINE ( 'NONE', #4017, #1774 ) ;
#5867 = DIRECTION ( 'NONE',  ( 1.000000000000000000, 0.0000000000000000000, 0.0000000000000000000 ) ) ;
#5868 =( NAMED_UNIT ( * ) PLANE_ANGLE_UNIT ( ) SI_UNIT ( $, .RADIAN. ) );
#5869 = DIRECTION ( 'NONE',  ( 0.0000000000000000000, -1.000000000000000000, 0.0000000000000000000 ) ) ;
#5870 = CARTESIAN_POINT ( 'NONE',  ( 0.2252973397544451029, -0.1745246666277114056, 0.6000000000000000888 ) ) ;
#5871 = CARTESIAN_POINT ( 'NONE',  ( -0.2904712950034497032, 0.1637223146426217413, -0.5999999999999996447 ) ) ;
#5873 = VERTEX_POINT ( 'NONE', #6353 ) ;
#5872 = CARTESIAN_POINT ( 'NONE',  ( -0.3141644645830423133, -0.03926608382136855674, -0.5989999999999999769 ) ) ;
#5874 = B_SPLINE_CURVE_WITH_KNOTS ( 'NONE', 3,
 ( #2213, #3853, #3882, #1537, #6310, #427, #5778, #927, #5696, #5177, #1596, #6339, #2798, #2186, #5721, #1570, #5060, #370, #6805 ),
 .UNSPECIFIED., .F., .F.,
 ( 4, 1, 1, 1, 1, 1, 1, 1, 1, 1, 1, 1, 1, 1, 1, 1, 4 ),
 ( 0.0000000000000000000, 0.07430379644281587259, 0.1443936103644179458, 0.2104994961032797818, 0.2735426065034681220, 0.3338247445790735179, 0.3925296724085027278, 0.4500874545995853238, 0.5078206115557879485, 0.5654649127768465178, 0.6231487223336197312, 0.6812971927909353687, 0.7409134981565808076, 0.8018557521958579182, 0.8652412377209434124, 0.9309416570467443641, 1.000000000000000000 ),
 .UNSPECIFIED. ) ;
#5875 = SURFACE_STYLE_USAGE ( .BOTH. , #622 ) ;
#5876 =( NAMED_UNIT ( * ) PLANE_ANGLE_UNIT ( ) SI_UNIT ( $, .RADIAN. ) );
#5877 = LINE ( 'NONE', #5119, #510 ) ;
#5878 = CARTESIAN_POINT ( 'NONE',  ( -1.270016866663922661, -0.7200168666639226167, -0.5699999999999999512 ) ) ;
#5879 = DIRECTION ( 'NONE',  ( 0.08682659386424777803, -0.08682659386424779191, 0.9924325091389670783 ) ) ;
#5880 = CARTESIAN_POINT ( 'NONE',  ( 0.3752974802875843618, -0.1238778742769622021, 0.5989999999999999769 ) ) ;
#5881 = FACE_OUTER_BOUND ( 'NONE', #5660, .T. ) ;
#5882 = ORIENTED_EDGE ( 'NONE', *, *, #2962, .T. ) ;
#5883 = ORIENTED_EDGE ( 'NONE', *, *, #1281, .T. ) ;
#5884 = CARTESIAN_POINT ( 'NONE',  ( -1.350225305093208483, 0.7703394641504560658, -0.002575248999449004927 ) ) ;
#5885 = CARTESIAN_POINT ( 'NONE',  ( 0.04893547423902126770, 0.1460290470715222277, -0.5989999999999999769 ) ) ;
#5886 = EDGE_CURVE ( 'NONE', #3846, #5873, #731, .T. ) ;
#5887 = PLANE ( 'NONE',  #6216 ) ;
#5888 = STYLED_ITEM ( 'NONE', ( #719 ), #1343 ) ;
#5889 = CARTESIAN_POINT ( 'NONE',  ( -0.2511872977057749701, 0.1422380651086194159, -0.5990000000000001990 ) ) ;
#5890 = EDGE_CURVE ( 'NONE', #2237, #1064, #3038, .T. ) ;
#5891 = CARTESIAN_POINT ( 'NONE',  ( 0.3015426302563325445, -0.06014676244680182415, -0.5989999999999998659 ) ) ;
#5892 = LINE ( 'NONE', #6995, #4113 ) ;
#5893 = FILL_AREA_STYLE_COLOUR ( '', #7189 ) ;
#5894 = ORIENTED_EDGE ( 'NONE', *, *, #4528, .T. ) ;
#5895 = CARTESIAN_POINT ( 'NONE',  ( 0.4009070958520060679, -0.06400637394478454756, 0.5989999999999999769 ) ) ;
#5896 =( GEOMETRIC_REPRESENTATION_CONTEXT ( 3 ) GLOBAL_UNCERTAINTY_ASSIGNED_CONTEXT ( ( #1127 ) ) GLOBAL_UNIT_ASSIGNED_CONTEXT ( ( #2989, #4156, #5355 ) ) REPRESENTATION_CONTEXT ( 'NONE', 'WORKASPACE' ) );
#5897 = COLOUR_RGB ( '',0.2509803921568627416, 0.2509803921568627416, 0.2509803921568627416 ) ;
#5898 = SURFACE_STYLE_USAGE ( .BOTH. , #4797 ) ;
#5899 = SURFACE_STYLE_FILL_AREA ( #7503 ) ;
#5900 = ORIENTED_EDGE ( 'NONE', *, *, #1543, .F. ) ;
#5901 = COLOUR_RGB ( '',0.2509803921568627416, 0.2509803921568627416, 0.2509803921568627416 ) ;
#5902 = PLANE ( 'NONE',  #4376 ) ;
#5903 = CARTESIAN_POINT ( 'NONE',  ( -0.2621333595395821670, 0.1390752990386697474, -0.5999999999999997558 ) ) ;
#5904 =( NAMED_UNIT ( * ) PLANE_ANGLE_UNIT ( ) SI_UNIT ( $, .RADIAN. ) );
#5905 = AXIS2_PLACEMENT_3D ( 'NONE', #3370, #6867, #1504 ) ;
#5906 = VECTOR ( 'NONE', #2696, 1000.000000000000000 ) ;
#5907 = VECTOR ( 'NONE', #2590, 1000.000000000000000 ) ;
#5908 = PLANE ( 'NONE',  #3668 ) ;
#5909 = FILL_AREA_STYLE_COLOUR ( '', #7172 ) ;
#5910 = EDGE_LOOP ( 'NONE', ( #924, #1428, #6665, #737, #3149, #472, #5524, #6455, #6676, #4658, #7275, #2996, #5011, #7577 ) ) ;
#5911 = DIRECTION ( 'NONE',  ( -1.000000000000000000, 0.0000000000000000000, 0.0000000000000000000 ) ) ;
#5912 = PRESENTATION_STYLE_ASSIGNMENT (( #5152 ) ) ;
#5913 = B_SPLINE_CURVE_WITH_KNOTS ( 'NONE', 3,
 ( #3792, #2611, #2532, #232, #6697, #3207, #5515, #817, #3129, #2036, #4904 ),
 .UNSPECIFIED., .F., .F.,
 ( 4, 1, 1, 1, 1, 1, 1, 1, 4 ),
 ( 0.0000000000000000000, 0.1451868664724697833, 0.2834426109197299426, 0.4165243659288289657, 0.5431811235350828548, 0.6651530826377138883, 0.7813602063127152997, 0.8927566556418089494, 1.000000000000000000 ),
 .UNSPECIFIED. ) ;
#5914 = ORIENTED_EDGE ( 'NONE', *, *, #3840, .F. ) ;
#5915 = CARTESIAN_POINT ( 'NONE',  ( 0.3289981966861952878, 0.0002985308039202950558, -0.5989999999999998659 ) ) ;
#5916 = MANIFOLD_SOLID_BREP ( '�г�-����3', #5324 ) ;
#5917 = DIRECTION ( 'NONE',  ( -0.0000000000000000000, 1.000000000000000000, 0.0000000000000000000 ) ) ;
#5918 = ORIENTED_EDGE ( 'NONE', *, *, #5832, .T. ) ;
#5919 = DIRECTION ( 'NONE',  ( 0.0000000000000000000, 0.0000000000000000000, -1.000000000000000000 ) ) ;
#5920 = LINE ( 'NONE', #2305, #2023 ) ;
#5921 = ORIENTED_EDGE ( 'NONE', *, *, #2384, .T. ) ;
#5922 = ORIENTED_EDGE ( 'NONE', *, *, #5315, .F. ) ;
#5923 =( GEOMETRIC_REPRESENTATION_CONTEXT ( 3 ) GLOBAL_UNCERTAINTY_ASSIGNED_CONTEXT ( ( #6176 ) ) GLOBAL_UNIT_ASSIGNED_CONTEXT ( ( #1704, #586, #2296 ) ) REPRESENTATION_CONTEXT ( 'NONE', 'WORKASPACE' ) );
#5924 = CARTESIAN_POINT ( 'NONE',  ( 0.2965267989080491717, -0.1900485350292197007, 0.5989999999999999769 ) ) ;
#5925 = CARTESIAN_POINT ( 'NONE',  ( -1.636651040861870854, 0.2750000000000000222, -0.5408715574274765014 ) ) ;
#5926 = EDGE_CURVE ( 'NONE', #4542, #6801, #6729, .T. ) ;
#5927 = CARTESIAN_POINT ( 'NONE',  ( 1.337648308068759118, -0.7999999999999996003, 9.080193194566099635E-16 ) ) ;
#5928 = CARTESIAN_POINT ( 'NONE',  ( 0.3417872544925598666, -0.07370638645964558422, -0.6000000000000001998 ) ) ;
#5929 = AXIS2_PLACEMENT_3D ( 'NONE', #5052, #5550, #5603 ) ;
#5930 = SURFACE_SIDE_STYLE ('',( #4845 ) ) ;
#5931 = SURFACE_STYLE_FILL_AREA ( #2596 ) ;
#5932 = CARTESIAN_POINT ( 'NONE',  ( 1.032390010713868378, 0.2750000000000000222, 0.0000000000000000000 ) ) ;
#5933 = CARTESIAN_POINT ( 'NONE',  ( -0.3717962330780518188, 0.03272874219347342989, -0.5999999999999996447 ) ) ;
#5934 = CARTESIAN_POINT ( 'NONE',  ( 1.588985775486360774, -0.2750000000000000222, 0.003944918839624813635 ) ) ;
#5935 = CARTESIAN_POINT ( 'NONE',  ( 0.2412385829462460607, -0.1815644580506599326, 0.5989999999999998659 ) ) ;
#5936 = CARTESIAN_POINT ( 'NONE',  ( -0.3272529815310418755, -0.07924420172545508512, -0.5999999999999998668 ) ) ;
#5937 = CARTESIAN_POINT ( 'NONE',  ( -0.6644791599073202049, -0.1210441236601850767, -0.5999999999999999778 ) ) ;
#5938 = ORIENTED_EDGE ( 'NONE', *, *, #1700, .T. ) ;
#5939 = FACE_OUTER_BOUND ( 'NONE', #4458, .T. ) ;
#5940 = CARTESIAN_POINT ( 'NONE',  ( 0.4008448952040371549, -0.06703446416870305347, 0.5989999999999999769 ) ) ;
#5941 = CARTESIAN_POINT ( 'NONE',  ( 0.0000000000000000000, 0.0000000000000000000, -0.5989999999999999769 ) ) ;
#5942 = PRESENTATION_STYLE_ASSIGNMENT (( #7295 ) ) ;
#5943 = MECHANICAL_DESIGN_GEOMETRIC_PRESENTATION_REPRESENTATION (  '', ( #788 ), #6349 ) ;
#5944 = EDGE_CURVE ( 'NONE', #2959, #2701, #4972, .T. ) ;
#5945 = PRESENTATION_LAYER_ASSIGNMENT (  '', '', ( #6825 ) ) ;
#5946 = EDGE_CURVE ( 'NONE', #2247, #4412, #1929, .T. ) ;
#5947 = ORIENTED_EDGE ( 'NONE', *, *, #3663, .F. ) ;
#5948 = ORIENTED_EDGE ( 'NONE', *, *, #1432, .F. ) ;
#5949 = STYLED_ITEM ( 'NONE', ( #2931 ), #4989 ) ;
#5950 = CARTESIAN_POINT ( 'NONE',  ( -0.3297760406689966284, 0.05835370419489584876, -0.5989999999999997549 ) ) ;
#5951 = PLANE ( 'NONE',  #528 ) ;
#5952 = CARTESIAN_POINT ( 'NONE',  ( 0.2412385829462460607, -0.1815644580506599326, 0.5999999999999998668 ) ) ;
#5953 = COLOUR_RGB ( '',1.000000000000000000, 1.000000000000000000, 1.000000000000000000 ) ;
#5954 = ORIENTED_EDGE ( 'NONE', *, *, #5707, .T. ) ;
#5955 = ORIENTED_EDGE ( 'NONE', *, *, #5401, .F. ) ;
#5956 = LINE ( 'NONE', #6309, #3072 ) ;
#5957 = CARTESIAN_POINT ( 'NONE',  ( 0.2361365994892247744, -0.09148150588456091525, -0.5989999999999999769 ) ) ;
#5958 = ORIENTED_EDGE ( 'NONE', *, *, #1497, .T. ) ;
#5959 = ORIENTED_EDGE ( 'NONE', *, *, #4650, .F. ) ;
#5960 = CARTESIAN_POINT ( 'NONE',  ( 0.2632881888577293661, 0.1415428249743520828, -0.5989999999999999769 ) ) ;
#5961 = CARTESIAN_POINT ( 'NONE',  ( 1.270016866663922661, 0.7499027076066754338, -0.5726146722824297930 ) ) ;
#5962 = STYLED_ITEM ( 'NONE', ( #5293 ), #6111 ) ;
#5963 = PRESENTATION_STYLE_ASSIGNMENT (( #5412 ) ) ;
#5964 = STYLED_ITEM ( 'NONE', ( #3002 ), #2088 ) ;
#5965 = ORIENTED_EDGE ( 'NONE', *, *, #1009, .T. ) ;
#5966 =( NAMED_UNIT ( * ) PLANE_ANGLE_UNIT ( ) SI_UNIT ( $, .RADIAN. ) );
#5967 = PLANE ( 'NONE',  #6441 ) ;
#5968 = CARTESIAN_POINT ( 'NONE',  ( -0.5281246663342384906, 0.1358089423982263844, -0.5999999999999998668 ) ) ;
#5969 = CARTESIAN_POINT ( 'NONE',  ( -0.3717962330780518188, 0.03272874219347342989, -0.5999999999999999778 ) ) ;
#5970 = DIRECTION ( 'NONE',  ( 0.08682659386424781967, -0.08682659386424779191, -0.9924325091389669673 ) ) ;
#5971 = STYLED_ITEM ( 'NONE', ( #3388 ), #4261 ) ;
#5972 = SURFACE_STYLE_FILL_AREA ( #5820 ) ;
#5973 = VECTOR ( 'NONE', #3315, 1000.000000000000227 ) ;
#5974 = LINE ( 'NONE', #4815, #4020 ) ;
#5975 = SURFACE_SIDE_STYLE ('',( #3317 ) ) ;
#5976 = CARTESIAN_POINT ( 'NONE',  ( -0.2453606186679326562, -0.1186430880863783704, -0.5999999999999999778 ) ) ;
#5977 = CARTESIAN_POINT ( 'NONE',  ( 0.2252973397544451029, -0.1745246666277114056, 0.5989999999999999769 ) ) ;
#5978 = DIRECTION ( 'NONE',  ( 1.000000000000000000, 0.0000000000000000000, -1.224646799147352961E-16 ) ) ;
#5979 = LINE ( 'NONE', #4003, #541 ) ;
#5980 = VERTEX_POINT ( 'NONE', #7636 ) ;
#5981 = CARTESIAN_POINT ( 'NONE',  ( 0.1992417168902546054, 0.1485727543651844951, -0.5989999999999998659 ) ) ;
#5982 = LINE ( 'NONE', #265, #6444 ) ;
#5983 = STYLED_ITEM ( 'NONE', ( #1149 ), #2947 ) ;
#5984 = ORIENTED_EDGE ( 'NONE', *, *, #1622, .F. ) ;
#5985 = FACE_OUTER_BOUND ( 'NONE', #5637, .T. ) ;
#5986 = CARTESIAN_POINT ( 'NONE',  ( 0.5099110839951188634, -0.08811729439189239232, -0.5999999999999999778 ) ) ;
#5987 = EDGE_CURVE ( 'NONE', #2959, #2247, #367, .T. ) ;
#5988 = VECTOR ( 'NONE', #823, 1000.000000000000000 ) ;
#5989 = CARTESIAN_POINT ( 'NONE',  ( 0.2252973397544451029, -0.1745246666277114056, 0.6000000000000000888 ) ) ;
#5990 = CARTESIAN_POINT ( 'NONE',  ( -1.338163133249900882, -0.7582772923071485760, -0.1352960060544477483 ) ) ;
#5991 = EDGE_LOOP ( 'NONE', ( #1361, #141, #100, #5304 ) ) ;
#5992 = UNCERTAINTY_MEASURE_WITH_UNIT (LENGTH_MEASURE( 1.000000000000000082E-05 ), #1166, 'distance_accuracy_value', 'NONE');
#5993 = VECTOR ( 'NONE', #339, 1000.000000000000000 ) ;
#5994 = ORIENTED_EDGE ( 'NONE', *, *, #4819, .T. ) ;
#5995 = DIRECTION ( 'NONE',  ( 1.000000000000000000, -3.614007241618338910E-15, 3.614007241618338910E-15 ) ) ;
#5996 =( LENGTH_UNIT ( ) NAMED_UNIT ( * ) SI_UNIT ( .MILLI., .METRE. ) );
#5997 = CARTESIAN_POINT ( 'NONE',  ( 0.4455941543487577650, -0.01044185949824654250, 0.5999999999999999778 ) ) ;
#5998 = VECTOR ( 'NONE', #7279, 1000.000000000000000 ) ;
#5999 =( GEOMETRIC_REPRESENTATION_CONTEXT ( 3 ) GLOBAL_UNCERTAINTY_ASSIGNED_CONTEXT ( ( #4188 ) ) GLOBAL_UNIT_ASSIGNED_CONTEXT ( ( #5579, #2647, #846 ) ) REPRESENTATION_CONTEXT ( 'NONE', 'WORKASPACE' ) );
#6000 = DIRECTION ( 'NONE',  ( -1.000000000000000000, 0.0000000000000000000, 0.0000000000000000000 ) ) ;
#6001 = CARTESIAN_POINT ( 'NONE',  ( 0.04893547423902126770, -0.08811729439189239232, -0.5989999999999999769 ) ) ;
#6002 = CARTESIAN_POINT ( 'NONE',  ( 1.320114159057246495, 0.8000000000000002665, 0.0000000000000000000 ) ) ;
#6003 = ORIENTED_EDGE ( 'NONE', *, *, #4721, .T. ) ;
#6004 = SURFACE_SIDE_STYLE ('',( #6453 ) ) ;
#6005 = DIRECTION ( 'NONE',  ( 0.0000000000000000000, 1.000000000000000000, 0.0000000000000000000 ) ) ;
#6006 = FACE_OUTER_BOUND ( 'NONE', #3830, .T. ) ;
#6007 = AXIS2_PLACEMENT_3D ( 'NONE', #7399, #3862, #6231 ) ;
#6008 = COLOUR_RGB ( '',0.2509803921568627416, 0.2509803921568627416, 0.2509803921568627416 ) ;
#6009 =( NAMED_UNIT ( * ) SI_UNIT ( $, .STERADIAN. ) SOLID_ANGLE_UNIT ( ) );
#6010 = EDGE_CURVE ( 'NONE', #3177, #2349, #4863, .T. ) ;
#6011 = PRESENTATION_LAYER_ASSIGNMENT (  '', '', ( #4176 ) ) ;
#6012 = EDGE_CURVE ( 'NONE', #72, #5764, #5642, .T. ) ;
#6013 = CARTESIAN_POINT ( 'NONE',  ( 0.4326055619945353148, -0.1354931865931091883, 0.6000000000000001998 ) ) ;
#6014 = CARTESIAN_POINT ( 'NONE',  ( 0.2921667622269011333, 0.01468012696962548401, 0.5989999999999998659 ) ) ;
#6015 = CARTESIAN_POINT ( 'NONE',  ( -1.320339464150456221, 0.7703394641504560658, 0.005189921281878754830 ) ) ;
#6016 = VECTOR ( 'NONE', #3270, 1000.000000000000000 ) ;
#6017 = CARTESIAN_POINT ( 'NONE',  ( 0.3306427913121919859, 0.02575465682761977210, -0.5999999999999997558 ) ) ;
#6018 =( NAMED_UNIT ( * ) PLANE_ANGLE_UNIT ( ) SI_UNIT ( $, .RADIAN. ) );
#6019 = CARTESIAN_POINT ( 'NONE',  ( 0.005785144632493820216, -0.1852716178472235964, 0.5989999999999999769 ) ) ;
#6020 = FACE_OUTER_BOUND ( 'NONE', #1818, .T. ) ;
#6021 = VERTEX_POINT ( 'NONE', #4656 ) ;
#6022 = PLANE ( 'NONE',  #675 ) ;
#6023 = ADVANCED_FACE ( 'NONE', ( #1745 ), #4286, .T. ) ;
#6024 = CARTESIAN_POINT ( 'NONE',  ( -1.270016866663922883, 0.7200168666639229498, 0.5999999999999999778 ) ) ;
#6025 = CARTESIAN_POINT ( 'NONE',  ( 0.2247167242390212538, -0.09177583097725826311, -0.5999999999999999778 ) ) ;
#6026 = ORIENTED_EDGE ( 'NONE', *, *, #789, .F. ) ;
#6027 = DIRECTION ( 'NONE',  ( 0.0000000000000000000, -1.000000000000000000, 0.0000000000000000000 ) ) ;
#6028 = ORIENTED_EDGE ( 'NONE', *, *, #2058, .T. ) ;
#6029 =( NAMED_UNIT ( * ) SI_UNIT ( $, .STERADIAN. ) SOLID_ANGLE_UNIT ( ) );
#6030 = UNCERTAINTY_MEASURE_WITH_UNIT (LENGTH_MEASURE( 1.000000000000000082E-05 ), #3469, 'distance_accuracy_value', 'NONE');
#6031 = STYLED_ITEM ( 'NONE', ( #4775 ), #3980 ) ;
#6032 =( GEOMETRIC_REPRESENTATION_CONTEXT ( 3 ) GLOBAL_UNCERTAINTY_ASSIGNED_CONTEXT ( ( #4929 ) ) GLOBAL_UNIT_ASSIGNED_CONTEXT ( ( #5207, #5868, #7003 ) ) REPRESENTATION_CONTEXT ( 'NONE', 'WORKASPACE' ) );
#6033 = DIRECTION ( 'NONE',  ( 0.0000000000000000000, 0.0000000000000000000, 1.000000000000000000 ) ) ;
#6034 = EDGE_CURVE ( 'NONE', #2407, #6021, #4163, .T. ) ;
#6035 =( GEOMETRIC_REPRESENTATION_CONTEXT ( 3 ) GLOBAL_UNCERTAINTY_ASSIGNED_CONTEXT ( ( #6602 ) ) GLOBAL_UNIT_ASSIGNED_CONTEXT ( ( #6537, #4763, #4702 ) ) REPRESENTATION_CONTEXT ( 'NONE', 'WORKASPACE' ) );
#6036 = CARTESIAN_POINT ( 'NONE',  ( 0.3693267246406665705, -0.1814888341086672574, 0.6000000000000000888 ) ) ;
#6037 = LINE ( 'NONE', #1574, #4453 ) ;
#6038 = VERTEX_POINT ( 'NONE', #4789 ) ;
#6039 = CARTESIAN_POINT ( 'NONE',  ( 1.429594623791681229, -0.2750000000000000222, 0.1500000000000000500 ) ) ;
#6040 =( NAMED_UNIT ( * ) PLANE_ANGLE_UNIT ( ) SI_UNIT ( $, .RADIAN. ) );
#6041 = ORIENTED_EDGE ( 'NONE', *, *, #1825, .F. ) ;
#6042 = CARTESIAN_POINT ( 'NONE',  ( 0.2676011681239527373, -0.08403496449025557591, -0.5989999999999999769 ) ) ;
#6043 = CARTESIAN_POINT ( 'NONE',  ( 0.3328507490020746751, -0.08427541857796910785, -0.5989999999999999769 ) ) ;
#6044 = DIRECTION ( 'NONE',  ( -1.000000000000000000, 0.0000000000000000000, -5.330734548809088951E-16 ) ) ;
#6045 = SURFACE_SIDE_STYLE ('',( #4902 ) ) ;
#6046 = PLANE ( 'NONE',  #3570 ) ;
#6047 = CARTESIAN_POINT ( 'NONE',  ( 0.3068115833971371553, 0.1075864756556006024, -0.5989999999999997549 ) ) ;
#6048 = CARTESIAN_POINT ( 'NONE',  ( -0.05716208673658842998, 0.04724855926664416061, -0.5989999999999999769 ) ) ;
#6049 = CARTESIAN_POINT ( 'NONE',  ( 0.04893547423902126770, 0.1460290470715222277, -0.5989999999999999769 ) ) ;
#6050 =( GEOMETRIC_REPRESENTATION_CONTEXT ( 3 ) GLOBAL_UNCERTAINTY_ASSIGNED_CONTEXT ( ( #2870 ) ) GLOBAL_UNIT_ASSIGNED_CONTEXT ( ( #1086, #7441, #5227 ) ) REPRESENTATION_CONTEXT ( 'NONE', 'WORKASPACE' ) );
#6051 = CARTESIAN_POINT ( 'NONE',  ( 0.1885026715440735745, 0.1810633641799087035, -0.5999999999999998668 ) ) ;
#6052 = EDGE_CURVE ( 'NONE', #296, #5436, #582, .T. ) ;
#6053 = PRESENTATION_STYLE_ASSIGNMENT (( #6405 ) ) ;
#6054 = LINE ( 'NONE', #2942, #6246 ) ;
#6055 = PRESENTATION_LAYER_ASSIGNMENT (  '', '', ( #1554 ) ) ;
#6056 = CARTESIAN_POINT ( 'NONE',  ( 0.2606761654879104495, -0.1864321990909185156, 0.5989999999999999769 ) ) ;
#6057 = ADVANCED_FACE ( 'NONE', ( #5191 ), #836, .T. ) ;
#6058 = SURFACE_STYLE_FILL_AREA ( #1015 ) ;
#6059 = CARTESIAN_POINT ( 'NONE',  ( -0.5071620867365884688, 0.1789558763398149122, -0.5989999999999999769 ) ) ;
#6060 = AXIS2_PLACEMENT_3D ( 'NONE', #6774, #6186, #3182 ) ;
#6061 = CARTESIAN_POINT ( 'NONE',  ( 0.2451144129251767445, 0.2147283821527764813, 0.5989999999999999769 ) ) ;
#6062 = MECHANICAL_DESIGN_GEOMETRIC_PRESENTATION_REPRESENTATION (  '', ( #1969 ), #7545 ) ;
#6063 = DIRECTION ( 'NONE',  ( -1.000000000000000000, 0.0000000000000000000, -0.0000000000000000000 ) ) ;
#6064 = VECTOR ( 'NONE', #1322, 1000.000000000000000 ) ;
#6065 = CARTESIAN_POINT ( 'NONE',  ( 0.2471833213149078889, -0.08996723509223093773, -0.5989999999999999769 ) ) ;
#6066 = SURFACE_STYLE_USAGE ( .BOTH. , #1317 ) ;
#6067 = CIRCLE ( 'NONE', #2956, 0.02999999999999997113 ) ;
#6068 = ORIENTED_EDGE ( 'NONE', *, *, #5238, .F. ) ;
#6069 =( NAMED_UNIT ( * ) PLANE_ANGLE_UNIT ( ) SI_UNIT ( $, .RADIAN. ) );
#6070 = CARTESIAN_POINT ( 'NONE',  ( 0.3306427913121919859, 0.02575465682761977210, -0.5989999999999999769 ) ) ;
#6071 = VECTOR ( 'NONE', #6820, 1000.000000000000000 ) ;
#6072 = DIRECTION ( 'NONE',  ( -0.0000000000000000000, -1.000000000000000000, -0.0000000000000000000 ) ) ;
#6073 = CARTESIAN_POINT ( 'NONE',  ( -1.270016866663922883, -0.7499027076066749897, -0.5726146722824297930 ) ) ;
#6074 = CARTESIAN_POINT ( 'NONE',  ( -0.2471590637767539511, 0.1767624725676976705, -0.6000000000000004219 ) ) ;
#6075 = ORIENTED_EDGE ( 'NONE', *, *, #2826, .F. ) ;
#6076 = CARTESIAN_POINT ( 'NONE',  ( 0.2183142852146310320, 0.1826144129251807413, -0.5989999999999999769 ) ) ;
#6077 = ORIENTED_EDGE ( 'NONE', *, *, #375, .F. ) ;
#6078 =( GEOMETRIC_REPRESENTATION_CONTEXT ( 3 ) GLOBAL_UNCERTAINTY_ASSIGNED_CONTEXT ( ( #6943 ) ) GLOBAL_UNIT_ASSIGNED_CONTEXT ( ( #3029, #5393, #7142 ) ) REPRESENTATION_CONTEXT ( 'NONE', 'WORKASPACE' ) );
#6079 = EDGE_LOOP ( 'NONE', ( #1602, #3214, #1597, #1055, #3997, #4736 ) ) ;
#6080 = CARTESIAN_POINT ( 'NONE',  ( -0.5269410501512225009, 0.1423705104861563986, -0.5999999999999999778 ) ) ;
#6081 = CARTESIAN_POINT ( 'NONE',  ( 0.4052246390294594880, -0.1630608030530724117, 0.5989999999999997549 ) ) ;
#6082 = EDGE_CURVE ( 'NONE', #1594, #4412, #2496, .T. ) ;
#6083 = VECTOR ( 'NONE', #629, 1000.000000000000114 ) ;
#6084 = ORIENTED_EDGE ( 'NONE', *, *, #4209, .F. ) ;
#6085 = UNCERTAINTY_MEASURE_WITH_UNIT (LENGTH_MEASURE( 1.000000000000000082E-05 ), #4890, 'distance_accuracy_value', 'NONE');
#6086 = VECTOR ( 'NONE', #1263, 1000.000000000000000 ) ;
#6087 = ORIENTED_EDGE ( 'NONE', *, *, #4379, .F. ) ;
#6088 = DIRECTION ( 'NONE',  ( 1.000000000000000000, 0.0000000000000000000, 0.0000000000000000000 ) ) ;
#6089 = PLANE ( 'NONE',  #3528 ) ;
#6090 = CARTESIAN_POINT ( 'NONE',  ( -1.429594623791681229, -0.2750000000000000222, 0.1500000000000000500 ) ) ;
#6091 = SURFACE_SIDE_STYLE ('',( #3795 ) ) ;
#6092 = ADVANCED_FACE ( 'NONE', ( #3135 ), #5951, .T. ) ;
#6093 = CARTESIAN_POINT ( 'NONE',  ( 0.2301753885349328843, 0.01137472361619106150, 0.5989999999999999769 ) ) ;
#6094 = CARTESIAN_POINT ( 'NONE',  ( 0.3120589590030854454, -0.1021140295019084959, -0.5990000000000003100 ) ) ;
#6095 = CARTESIAN_POINT ( 'NONE',  ( 0.4404137500883977263, 0.0002692949293695035560, 0.6000000000000000888 ) ) ;
#6096 = CARTESIAN_POINT ( 'NONE',  ( -0.5259692513707348027, 0.1423705104861563986, -0.5989999999999999769 ) ) ;
#6097 = FILL_AREA_STYLE_COLOUR ( '', #6914 ) ;
#6098 = SURFACE_STYLE_FILL_AREA ( #6501 ) ;
#6099 = CARTESIAN_POINT ( 'NONE',  ( 0.2994290064643817528, 0.1162754067885646975, -0.6000000000000001998 ) ) ;
#6100 = AXIS2_PLACEMENT_3D ( 'NONE', #7519, #497, #5216 ) ;
#6101 = CARTESIAN_POINT ( 'NONE',  ( -0.3468198152418918712, 0.1178681616149581390, -0.5999999999999996447 ) ) ;
#6102 = ORIENTED_EDGE ( 'NONE', *, *, #1984, .T. ) ;
#6103 = EDGE_LOOP ( 'NONE', ( #2891, #5829, #3077, #6125 ) ) ;
#6104 = LINE ( 'NONE', #5659, #2887 ) ;
#6105 =( NAMED_UNIT ( * ) PLANE_ANGLE_UNIT ( ) SI_UNIT ( $, .RADIAN. ) );
#6106 = DIRECTION ( 'NONE',  ( 1.000000000000000000, 0.0000000000000000000, 0.0000000000000000000 ) ) ;
#6107 = FACE_OUTER_BOUND ( 'NONE', #2424, .T. ) ;
#6108 = VERTEX_POINT ( 'NONE', #5435 ) ;
#6109 = ORIENTED_EDGE ( 'NONE', *, *, #7510, .F. ) ;
#6110 = DIRECTION ( 'NONE',  ( 1.000000000000000000, 0.0000000000000000000, 0.0000000000000000000 ) ) ;
#6111 = ADVANCED_FACE ( 'NONE', ( #2412 ), #4983, .T. ) ;
#6112 = FILL_AREA_STYLE_COLOUR ( '', #2765 ) ;
#6113 = CARTESIAN_POINT ( 'NONE',  ( 0.3657813396381343618, -0.02302025764223791446, -0.5990000000000000879 ) ) ;
#6114 = EDGE_CURVE ( 'NONE', #5449, #4611, #2567, .T. ) ;
#6115 = CARTESIAN_POINT ( 'NONE',  ( 0.3707560367146675584, 0.02913323089226622226, -0.6000000000000000888 ) ) ;
#6116 = SURFACE_STYLE_FILL_AREA ( #4352 ) ;
#6117 = ORIENTED_EDGE ( 'NONE', *, *, #1517, .F. ) ;
#6118 = FILL_AREA_STYLE ('',( #216 ) ) ;
#6119 = CARTESIAN_POINT ( 'NONE',  ( 0.1477159620438993348, 0.1707241690227417341, -0.5989999999999999769 ) ) ;
#6120 = ADVANCED_FACE ( 'NONE', ( #3413 ), #6626, .T. ) ;
#6121 = FILL_AREA_STYLE ('',( #6201 ) ) ;
#6122 = CARTESIAN_POINT ( 'NONE',  ( 0.3657813396381343618, -0.02302025764223791446, -0.6000000000000001998 ) ) ;
#6123 = SURFACE_SIDE_STYLE ('',( #308 ) ) ;
#6124 = VECTOR ( 'NONE', #6705, 1000.000000000000000 ) ;
#6125 = ORIENTED_EDGE ( 'NONE', *, *, #1955, .T. ) ;
#6126 = CARTESIAN_POINT ( 'NONE',  ( 0.2632881888577293661, 0.1415428249743520828, -0.5989999999999999769 ) ) ;
#6127 = CARTESIAN_POINT ( 'NONE',  ( -0.2205052008345420866, 0.1788330287540401964, -0.5999999999999999778 ) ) ;
#6128 = STYLED_ITEM ( 'NONE', ( #3893 ), #2529 ) ;
#6129 = ORIENTED_EDGE ( 'NONE', *, *, #532, .F. ) ;
#6130 = ORIENTED_EDGE ( 'NONE', *, *, #7111, .F. ) ;
#6131 = UNCERTAINTY_MEASURE_WITH_UNIT (LENGTH_MEASURE( 1.000000000000000082E-05 ), #3411, 'distance_accuracy_value', 'NONE');
#6132 = SURFACE_SIDE_STYLE ('',( #5424 ) ) ;
#6133 = PRESENTATION_STYLE_ASSIGNMENT (( #4270 ) ) ;
#6134 = ORIENTED_EDGE ( 'NONE', *, *, #2430, .F. ) ;
#6135 = DIRECTION ( 'NONE',  ( -0.0000000000000000000, -0.0000000000000000000, -1.000000000000000000 ) ) ;
#6136 = CARTESIAN_POINT ( 'NONE',  ( 0.3228352556045576693, -0.09372166588781026542, -0.5989999999999997549 ) ) ;
#6137 = ORIENTED_EDGE ( 'NONE', *, *, #3250, .F. ) ;
#6138 = STYLED_ITEM ( 'NONE', ( #2635 ), #5407 ) ;
#6139 = CARTESIAN_POINT ( 'NONE',  ( 0.2983156324373719137, 0.01472838215277644941, 0.5989999999999999769 ) ) ;
#6140 = DIRECTION ( 'NONE',  ( 0.3222024856061132536, -0.9466707760722532505, 0.0000000000000000000 ) ) ;
#6141 = DIRECTION ( 'NONE',  ( -0.0000000000000000000, -0.0000000000000000000, -1.000000000000000000 ) ) ;
#6142 = CARTESIAN_POINT ( 'NONE',  ( 0.1640263083781701159, 0.1389634795238347265, -0.5999999999999999778 ) ) ;
#6143 =( NAMED_UNIT ( * ) SI_UNIT ( $, .STERADIAN. ) SOLID_ANGLE_UNIT ( ) );
#6144 = CARTESIAN_POINT ( 'NONE',  ( -0.5238430321488817265, 0.1305439623166722019, -0.5989999999999999769 ) ) ;
#6145 = ADVANCED_FACE ( 'NONE', ( #7466 ), #1851, .T. ) ;
#6146 = CARTESIAN_POINT ( 'NONE',  ( -1.297506801884445338, -0.7200168666639226167, -0.5999999999999999778 ) ) ;
#6147 = VECTOR ( 'NONE', #1066, 1000.000000000000000 ) ;
#6148 = CARTESIAN_POINT ( 'NONE',  ( 1.646612987842787978, -0.2750000000000000222, -0.5499999999999999334 ) ) ;
#6149 = PRESENTATION_STYLE_ASSIGNMENT (( #6387 ) ) ;
#6150 = LINE ( 'NONE', #1330, #4580 ) ;
#6151 =( GEOMETRIC_REPRESENTATION_CONTEXT ( 3 ) GLOBAL_UNCERTAINTY_ASSIGNED_CONTEXT ( ( #3085 ) ) GLOBAL_UNIT_ASSIGNED_CONTEXT ( ( #4478, #1538, #5699 ) ) REPRESENTATION_CONTEXT ( 'NONE', 'WORKASPACE' ) );
#6152 = CARTESIAN_POINT ( 'NONE',  ( -0.3937474525902470157, -0.1210441236601850767, -0.5999999999999999778 ) ) ;
#6153 = EDGE_CURVE ( 'NONE', #2874, #5270, #1012, .T. ) ;
#6154 = CARTESIAN_POINT ( 'NONE',  ( 0.3212620924570195879, 0.05856286926306614876, 0.5989999999999998659 ) ) ;
#6155 = PRESENTATION_LAYER_ASSIGNMENT (  '', '', ( #4962 ) ) ;
#6156 = ADVANCED_FACE ( 'NONE', ( #6006 ), #6807, .T. ) ;
#6157 = COLOUR_RGB ( '',1.000000000000000000, 1.000000000000000000, 1.000000000000000000 ) ;
#6158 = CARTESIAN_POINT ( 'NONE',  ( -0.5249585786112231922, 0.1361986555538391430, -0.5999999999999997558 ) ) ;
#6159 = VECTOR ( 'NONE', #6953, 1000.000000000000000 ) ;
#6160 = VERTEX_POINT ( 'NONE', #3883 ) ;
#6161 = EDGE_CURVE ( 'NONE', #397, #2660, #2778, .T. ) ;
#6162 = PRESENTATION_STYLE_ASSIGNMENT (( #2718 ) ) ;
#6163 = CARTESIAN_POINT ( 'NONE',  ( -0.5273570589519405161, 0.1400642982948582527, -0.5989999999999999769 ) ) ;
#6164 = CARTESIAN_POINT ( 'NONE',  ( 0.1477159620438993348, -0.1054953431723802126, -0.5989999999999999769 ) ) ;
#6165 = FACE_OUTER_BOUND ( 'NONE', #5991, .T. ) ;
#6166 = ORIENTED_EDGE ( 'NONE', *, *, #4650, .T. ) ;
#6167 = CARTESIAN_POINT ( 'NONE',  ( -0.1064099773187257153, 0.2147283821527764813, 0.5999999999999999778 ) ) ;
#6168 = SURFACE_STYLE_USAGE ( .BOTH. , #5006 ) ;
#6169 = CARTESIAN_POINT ( 'NONE',  ( 0.2922994387447024334, 0.1657391277615032077, -0.5989999999999999769 ) ) ;
#6170 = COLOUR_RGB ( '',1.000000000000000000, 1.000000000000000000, 1.000000000000000000 ) ;
#6171 = CARTESIAN_POINT ( 'NONE',  ( -0.5474059891756128948, 0.1789558763398149122, -0.5989999999999999769 ) ) ;
#6172 = LINE ( 'NONE', #2776, #1198 ) ;
#6173 = EDGE_LOOP ( 'NONE', ( #4150, #1290, #590, #2479 ) ) ;
#6174 = COLOUR_RGB ( '',1.000000000000000000, 1.000000000000000000, 1.000000000000000000 ) ;
#6175 = CARTESIAN_POINT ( 'NONE',  ( -0.5216208492813841913, 0.1227012885223313365, -0.5989999999999998659 ) ) ;
#6176 = UNCERTAINTY_MEASURE_WITH_UNIT (LENGTH_MEASURE( 1.000000000000000082E-05 ), #1704, 'distance_accuracy_value', 'NONE');
#6177 = CARTESIAN_POINT ( 'NONE',  ( 0.2220361059691060568, 0.1496001828310948023, -0.5989999999999999769 ) ) ;
#6178 = ORIENTED_EDGE ( 'NONE', *, *, #5384, .F. ) ;
#6179 = CARTESIAN_POINT ( 'NONE',  ( 0.2210940980692943370, -0.09172826881303212943, -0.5989999999999999769 ) ) ;
#6180 = ORIENTED_EDGE ( 'NONE', *, *, #716, .F. ) ;
#6181 = DIRECTION ( 'NONE',  ( 0.0000000000000000000, -1.000000000000000000, 0.0000000000000000000 ) ) ;
#6182 = CARTESIAN_POINT ( 'NONE',  ( -1.270016866663922439, -0.7475068018844452933, 0.5999999999999999778 ) ) ;
#6183 = VECTOR ( 'NONE', #2273, 1000.000000000000000 ) ;
#6184 = CARTESIAN_POINT ( 'NONE',  ( 0.4264385577181972198, 0.01923657392120006401, 0.5989999999999999769 ) ) ;
#6185 = EDGE_CURVE ( 'NONE', #7319, #7081, #5851, .T. ) ;
#6186 = DIRECTION ( 'NONE',  ( 0.08682659386424836090, -0.08682659386424836090, -0.9924325091389670783 ) ) ;
#6187 = AXIS2_PLACEMENT_3D ( 'NONE', #7437, #970, #2242 ) ;
#6188 = SURFACE_STYLE_FILL_AREA ( #7182 ) ;
#6189 = CARTESIAN_POINT ( 'NONE',  ( 0.3153423268037800486, -0.1900563140117826066, 0.5999999999999993117 ) ) ;
#6190 = EDGE_CURVE ( 'NONE', #3342, #6797, #3861, .T. ) ;
#6191 = SURFACE_SIDE_STYLE ('',( #1869 ) ) ;
#6192 = COLOUR_RGB ( '',1.000000000000000000, 1.000000000000000000, 1.000000000000000000 ) ;
#6193 = CARTESIAN_POINT ( 'NONE',  ( 0.5099110839951188634, -0.08811729439189239232, -0.5989999999999999769 ) ) ;
#6194 = CARTESIAN_POINT ( 'NONE',  ( 0.1477159620438993348, -0.1054953431723802126, -0.5999999999999999778 ) ) ;
#6195 = ORIENTED_EDGE ( 'NONE', *, *, #6052, .T. ) ;
#6196 = CARTESIAN_POINT ( 'NONE',  ( -1.349999999999999867, -0.7701141590572474493, 0.0000000000000000000 ) ) ;
#6197 = CARTESIAN_POINT ( 'NONE',  ( 0.2353106469156230063, -0.1304971846299832205, 0.6000000000000000888 ) ) ;
#6198 = CARTESIAN_POINT ( 'NONE',  ( 0.2647795155146180912, 0.1767144835439433959, -0.5990000000000000879 ) ) ;
#6199 = VECTOR ( 'NONE', #7053, 1000.000000000000000 ) ;
#6200 = SURFACE_SIDE_STYLE ('',( #7534 ) ) ;
#6201 = FILL_AREA_STYLE_COLOUR ( '', #3505 ) ;
#6202 = FILL_AREA_STYLE_COLOUR ( '', #2490 ) ;
#6203 = EDGE_LOOP ( 'NONE', ( #5984, #4563, #6776, #185 ) ) ;
#6204 = STYLED_ITEM ( 'NONE', ( #2107 ), #6023 ) ;
#6205 =( NAMED_UNIT ( * ) PLANE_ANGLE_UNIT ( ) SI_UNIT ( $, .RADIAN. ) );
#6206 = EDGE_CURVE ( 'NONE', #6345, #669, #4319, .T. ) ;
#6207 = PRESENTATION_LAYER_ASSIGNMENT (  '', '', ( #4756 ) ) ;
#6208 = CARTESIAN_POINT ( 'NONE',  ( -0.2149936416146371876, 0.1789558763398149122, -0.5989999999999999769 ) ) ;
#6209 = B_SPLINE_SURFACE_WITH_KNOTS ( 'NONE', 3, 1, ( 
 ( #3319, #3578 ),
 ( #1821, #695 ),
 ( #1881, #6700 ),
 ( #3951, #493 ),
 ( #5363, #5613 ),
 ( #7384, #5023 ),
 ( #4437, #1559 ),
 ( #945, #2176 ),
 ( #2724, #913 ),
 ( #5051, #7327 ),
 ( #5082, #1495 ),
 ( #2064, #3900 ),
 ( #3793, #5658 ),
 ( #4492, #3307 ),
 ( #2644, #288 ),
 ( #6826, #4382 ),
 ( #7429, #6241 ),
 ( #2117, #3280 ),
 ( #5712, #3208 ) ),
 .UNSPECIFIED., .F., .F., .F.,
 ( 4, 1, 1, 1, 1, 1, 1, 1, 1, 1, 1, 1, 1, 1, 1, 1, 4 ),
 ( 2, 2 ),
 ( 0.0000000000000000000, 0.07082657255516286443, 0.1381690332798000409, 0.2024753315338425896, 0.2639737544135197234, 0.3233803205980374518, 0.3817976227131854028, 0.4393900745193892177, 0.4969027245459974318, 0.5546621696093699816, 0.6127418784921974115, 0.6715388363911721781, 0.7316557220901981351, 0.7942978116139530753, 0.8594822049793584551, 0.9276813254527899177, 1.000000000000000000 ),
 ( 0.0000000000000000000, 1.000000000000000000 ),
 .UNSPECIFIED. ) ;
#6210 = CARTESIAN_POINT ( 'NONE',  ( 0.3542819234305560339, 0.1021272321914985931, -0.6000000000000000888 ) ) ;
#6211 = DIRECTION ( 'NONE',  ( -0.0000000000000000000, 0.0000000000000000000, 1.000000000000000000 ) ) ;
#6212 = MECHANICAL_DESIGN_GEOMETRIC_PRESENTATION_REPRESENTATION (  '', ( #2588 ), #7381 ) ;
#6213 = CARTESIAN_POINT ( 'NONE',  ( 0.3604519628695218025, 0.05443785460097468054, 0.5989999999999999769 ) ) ;
#6214 = CARTESIAN_POINT ( 'NONE',  ( -1.646612987842787978, 0.2750000000000000222, -0.5400000000000000355 ) ) ;
#6215 = EDGE_LOOP ( 'NONE', ( #3551, #4744, #4959, #365 ) ) ;
#6216 = AXIS2_PLACEMENT_3D ( 'NONE', #6514, #1241, #6535 ) ;
#6217 = CARTESIAN_POINT ( 'NONE',  ( 0.3964964498487773548, -0.08811729439189239232, -0.5999999999999999778 ) ) ;
#6218 = VERTEX_POINT ( 'NONE', #929 ) ;
#6219 = SURFACE_SIDE_STYLE ('',( #1620 ) ) ;
#6220 = STYLED_ITEM ( 'NONE', ( #3209 ), #4396 ) ;
#6221 = FILL_AREA_STYLE_COLOUR ( '', #2549 ) ;
#6222 = CARTESIAN_POINT ( 'NONE',  ( 0.1955035502080827714, -0.1221641622618196699, -0.5989999999999999769 ) ) ;
#6223 = DIRECTION ( 'NONE',  ( 1.000000000000000000, 0.0000000000000000000, 0.0000000000000000000 ) ) ;
#6224 = CARTESIAN_POINT ( 'NONE',  ( 0.2455543381212468013, -0.1346297059516680938, 0.5989999999999999769 ) ) ;
#6225 = VERTEX_POINT ( 'NONE', #3856 ) ;
#6226 =( NAMED_UNIT ( * ) SI_UNIT ( $, .STERADIAN. ) SOLID_ANGLE_UNIT ( ) );
#6227 = CARTESIAN_POINT ( 'NONE',  ( -1.337648308068759562, 0.8000000000000001554, 3.684593320556206475E-17 ) ) ;
#6228 = ADVANCED_FACE ( 'NONE', ( #7373 ), #5091, .T. ) ;
#6229 = ORIENTED_EDGE ( 'NONE', *, *, #3407, .F. ) ;
#6230 = EDGE_LOOP ( 'NONE', ( #5517, #5275, #4354, #7185 ) ) ;
#6231 = DIRECTION ( 'NONE',  ( 1.000000000000000000, 2.710505431213760099E-16, 0.0000000000000000000 ) ) ;
#6232 = CARTESIAN_POINT ( 'NONE',  ( 0.5099110839951188634, 0.1789558763398149122, -0.5999999999999999778 ) ) ;
#6233 = UNCERTAINTY_MEASURE_WITH_UNIT (LENGTH_MEASURE( 1.000000000000000082E-05 ), #5232, 'distance_accuracy_value', 'NONE');
#6234 = STYLED_ITEM ( 'NONE', ( #4719 ), #3169 ) ;
#6235 = CARTESIAN_POINT ( 'NONE',  ( -0.4376498916146371876, -0.1210441236601850767, -0.5989999999999999769 ) ) ;
#6236 = EDGE_CURVE ( 'NONE', #2230, #5772, #5269, .T. ) ;
#6237 =( LENGTH_UNIT ( ) NAMED_UNIT ( * ) SI_UNIT ( .MILLI., .METRE. ) );
#6238 = CARTESIAN_POINT ( 'NONE',  ( 1.270016866663922439, -0.7475068018844454043, -0.5999999999999999778 ) ) ;
#6239 = FACE_OUTER_BOUND ( 'NONE', #4814, .T. ) ;
#6240 = DIRECTION ( 'NONE',  ( 1.000000000000000000, 0.0000000000000000000, 0.0000000000000000000 ) ) ;
#6241 = CARTESIAN_POINT ( 'NONE',  ( -0.3312476239674832512, 0.01828986021545579710, -0.5999999999999998668 ) ) ;
#6242 = APPLICATION_PROTOCOL_DEFINITION ( 'draft international standard', 'automotive_design', 1998, #3771 ) ;
#6243 =( NAMED_UNIT ( * ) SI_UNIT ( $, .STERADIAN. ) SOLID_ANGLE_UNIT ( ) );
#6244 = DIRECTION ( 'NONE',  ( -0.08682659386424776415, -0.08682659386424777803, -0.9924325091389669673 ) ) ;
#6245 = FACE_OUTER_BOUND ( 'NONE', #3837, .T. ) ;
#6246 = VECTOR ( 'NONE', #3529, 1000.000000000000000 ) ;
#6247 = LINE ( 'NONE', #4872, #1247 ) ;
#6248 =( LENGTH_UNIT ( ) NAMED_UNIT ( * ) SI_UNIT ( .MILLI., .METRE. ) );
#6249 = STYLED_ITEM ( 'NONE', ( #3181 ), #5543 ) ;
#6250 = FILL_AREA_STYLE ('',( #4973 ) ) ;
#6251 = CARTESIAN_POINT ( 'NONE',  ( 0.2661052448567717277, -0.1411447796363337615, 0.5999999999999998668 ) ) ;
#6252 = FACE_OUTER_BOUND ( 'NONE', #6103, .T. ) ;
#6253 = DIRECTION ( 'NONE',  ( -0.0000000000000000000, -0.0000000000000000000, -1.000000000000000000 ) ) ;
#6254 = CARTESIAN_POINT ( 'NONE',  ( 0.1812525227899320912, 0.1449734212249666199, -0.5989999999999999769 ) ) ;
#6255 = PRESENTATION_STYLE_ASSIGNMENT (( #886 ) ) ;
#6256 = ORIENTED_EDGE ( 'NONE', *, *, #1363, .F. ) ;
#6257 = LINE ( 'NONE', #7179, #343 ) ;
#6258 = CARTESIAN_POINT ( 'NONE',  ( 0.3317762079611288328, 0.01200789825754761120, 0.5989999999999999769 ) ) ;
#6259 = PRESENTATION_STYLE_ASSIGNMENT (( #611 ) ) ;
#6260 = ORIENTED_EDGE ( 'NONE', *, *, #4742, .F. ) ;
#6261 = PRESENTATION_STYLE_ASSIGNMENT (( #5097 ) ) ;
#6262 = VECTOR ( 'NONE', #1173, 1000.000000000000000 ) ;
#6263 = CARTESIAN_POINT ( 'NONE',  ( -1.646612987842787978, 0.2750000000000000222, -0.6999999999999997335 ) ) ;
#6264 = DIRECTION ( 'NONE',  ( -0.0000000000000000000, -0.0000000000000000000, -1.000000000000000000 ) ) ;
#6265 = EDGE_CURVE ( 'NONE', #3954, #2109, #652, .T. ) ;
#6266 = PRESENTATION_LAYER_ASSIGNMENT (  '', '', ( #4128 ) ) ;
#6267 = SURFACE_SIDE_STYLE ('',( #535 ) ) ;
#6268 = DIRECTION ( 'NONE',  ( 0.0000000000000000000, 1.000000000000000000, 0.0000000000000000000 ) ) ;
#6269 = ORIENTED_EDGE ( 'NONE', *, *, #1526, .F. ) ;
#6270 = EDGE_CURVE ( 'NONE', #3442, #2091, #4604, .T. ) ;
#6271 = DIRECTION ( 'NONE',  ( -0.0000000000000000000, -1.000000000000000000, -0.0000000000000000000 ) ) ;
#6272 = ADVANCED_FACE ( 'NONE', ( #566 ), #3320, .F. ) ;
#6273 = ADVANCED_FACE ( 'NONE', ( #5841 ), #1749, .F. ) ;
#6274 = VERTEX_POINT ( 'NONE', #6434 ) ;
#6275 = COLOUR_RGB ( '',0.5019607843137254832, 0.5019607843137254832, 0.5019607843137254832 ) ;
#6276 = EDGE_LOOP ( 'NONE', ( #6967, #7137, #4102, #2118 ) ) ;
#6277 = CARTESIAN_POINT ( 'NONE',  ( -1.439556570772598798, 0.2750000000000000222, -0.009128442572523459697 ) ) ;
#6278 = SURFACE_SIDE_STYLE ('',( #7270 ) ) ;
#6279 = VECTOR ( 'NONE', #4679, 1000.000000000000000 ) ;
#6280 =( LENGTH_UNIT ( ) NAMED_UNIT ( * ) SI_UNIT ( .MILLI., .METRE. ) );
#6281 = ORIENTED_EDGE ( 'NONE', *, *, #2147, .F. ) ;
#6282 = FACE_OUTER_BOUND ( 'NONE', #7202, .T. ) ;
#6283 = VECTOR ( 'NONE', #559, 1000.000000000000000 ) ;
#6284 = DIRECTION ( 'NONE',  ( -0.08682659386424780579, -0.08682659386424779191, -0.9924325091389669673 ) ) ;
#6285 = CARTESIAN_POINT ( 'NONE',  ( 0.1765168519495669830, 0.2147283821527764813, 0.5999999999999999778 ) ) ;
#6286 = UNCERTAINTY_MEASURE_WITH_UNIT (LENGTH_MEASURE( 1.000000000000000082E-05 ), #872, 'distance_accuracy_value', 'NONE');
#6287 = EDGE_LOOP ( 'NONE', ( #2290, #3296, #3864, #5128 ) ) ;
#6288 = CARTESIAN_POINT ( 'NONE',  ( -0.3298263535507660604, 0.005221428626624587468, -0.6000000000000000888 ) ) ;
#6289 = AXIS2_PLACEMENT_3D ( 'NONE', #3369, #5176, #971 ) ;
#6290 = ORIENTED_EDGE ( 'NONE', *, *, #6114, .F. ) ;
#6291 = CARTESIAN_POINT ( 'NONE',  ( 0.3993688028638024967, -0.04649693596290322556, 0.5989999999999998659 ) ) ;
#6292 =( NAMED_UNIT ( * ) PLANE_ANGLE_UNIT ( ) SI_UNIT ( $, .RADIAN. ) );
#6293 = FACE_BOUND ( 'NONE', #3061, .T. ) ;
#6294 = FILL_AREA_STYLE ('',( #3918 ) ) ;
#6295 = ORIENTED_EDGE ( 'NONE', *, *, #6052, .F. ) ;
#6296 = VECTOR ( 'NONE', #170, 1000.000000000000000 ) ;
#6297 = DIRECTION ( 'NONE',  ( 0.0000000000000000000, 1.000000000000000000, 0.0000000000000000000 ) ) ;
#6298 =( GEOMETRIC_REPRESENTATION_CONTEXT ( 3 ) GLOBAL_UNCERTAINTY_ASSIGNED_CONTEXT ( ( #1344 ) ) GLOBAL_UNIT_ASSIGNED_CONTEXT ( ( #5397, #6511, #2429 ) ) REPRESENTATION_CONTEXT ( 'NONE', 'WORKASPACE' ) );
#6299 =( LENGTH_UNIT ( ) NAMED_UNIT ( * ) SI_UNIT ( .MILLI., .METRE. ) );
#6300 = SURFACE_SIDE_STYLE ('',( #6929 ) ) ;
#6301 = CARTESIAN_POINT ( 'NONE',  ( 0.3686664405238391784, -0.1291497270025513677, 0.5989999999999999769 ) ) ;
#6302 = COLOUR_RGB ( '',1.000000000000000000, 1.000000000000000000, 1.000000000000000000 ) ;
#6303 = STYLED_ITEM ( 'NONE', ( #3391 ), #4606 ) ;
#6304 =( NAMED_UNIT ( * ) PLANE_ANGLE_UNIT ( ) SI_UNIT ( $, .RADIAN. ) );
#6305 =( NAMED_UNIT ( * ) SI_UNIT ( $, .STERADIAN. ) SOLID_ANGLE_UNIT ( ) );
#6306 = VERTEX_POINT ( 'NONE', #5779 ) ;
#6307 = VERTEX_POINT ( 'NONE', #12 ) ;
#6308 = SURFACE_STYLE_FILL_AREA ( #35 ) ;
#6309 = CARTESIAN_POINT ( 'NONE',  ( -0.6205767208829298109, -0.1210441236601850767, -0.5999999999999999778 ) ) ;
#6310 = CARTESIAN_POINT ( 'NONE',  ( -0.3272842451551620790, 0.07043979673564244870, -0.5999999999999999778 ) ) ;
#6311 =( LENGTH_UNIT ( ) NAMED_UNIT ( * ) SI_UNIT ( .MILLI., .METRE. ) );
#6312 = CARTESIAN_POINT ( 'NONE',  ( -0.2921788132000143201, -0.06410318425805007492, -0.6000000000000000888 ) ) ;
#6313 = SURFACE_SIDE_STYLE ('',( #7531 ) ) ;
#6314 = AXIS2_PLACEMENT_3D ( 'NONE', #2538, #4971, #6033 ) ;
#6315 = CARTESIAN_POINT ( 'NONE',  ( 0.3804940214392182884, -0.01121388485143929963, 0.5989999999999999769 ) ) ;
#6316 = VERTEX_POINT ( 'NONE', #2948 ) ;
#6317 = EDGE_CURVE ( 'NONE', #4205, #822, #2670, .T. ) ;
#6318 = FILL_AREA_STYLE_COLOUR ( '', #2012 ) ;
#6319 = AXIS2_PLACEMENT_3D ( 'NONE', #1441, #4918, #1394 ) ;
#6320 = CARTESIAN_POINT ( 'NONE',  ( -0.3157372625612860362, 0.1487007205453771408, -0.5989999999999999769 ) ) ;
#6321 = CARTESIAN_POINT ( 'NONE',  ( -0.3468317615332924264, -0.05645377701572915075, -0.5989999999999996438 ) ) ;
#6322 = DIRECTION ( 'NONE',  ( -0.0000000000000000000, -1.000000000000000000, -0.0000000000000000000 ) ) ;
#6323 = AXIS2_PLACEMENT_3D ( 'NONE', #4485, #4460, #1449 ) ;
#6325 = ORIENTED_EDGE ( 'NONE', *, *, #4616, .F. ) ;
#6324 = CARTESIAN_POINT ( 'NONE',  ( 0.4496288367660111196, -0.02192674555648381485, 0.5999999999999996447 ) ) ;
#6326 = CARTESIAN_POINT ( 'NONE',  ( -0.4764075135658568105, -0.003970952928477775382, -0.5989999999999999769 ) ) ;
#6327 = DIRECTION ( 'NONE',  ( 0.0000000000000000000, -1.000000000000000000, 0.0000000000000000000 ) ) ;
#6328 =( GEOMETRIC_REPRESENTATION_CONTEXT ( 3 ) GLOBAL_UNCERTAINTY_ASSIGNED_CONTEXT ( ( #4825 ) ) GLOBAL_UNIT_ASSIGNED_CONTEXT ( ( #3712, #2584, #208 ) ) REPRESENTATION_CONTEXT ( 'NONE', 'WORKASPACE' ) );
#6329 = FILL_AREA_STYLE ('',( #2702 ) ) ;
#6330 = UNCERTAINTY_MEASURE_WITH_UNIT (LENGTH_MEASURE( 1.000000000000000082E-05 ), #6248, 'distance_accuracy_value', 'NONE');
#6331 = MECHANICAL_DESIGN_GEOMETRIC_PRESENTATION_REPRESENTATION (  '', ( #2824 ), #3500 ) ;
#6332 = SURFACE_STYLE_FILL_AREA ( #1437 ) ;
#6333 = DIRECTION ( 'NONE',  ( 0.0000000000000000000, 0.0000000000000000000, 1.000000000000000000 ) ) ;
#6334 =( LENGTH_UNIT ( ) NAMED_UNIT ( * ) SI_UNIT ( .MILLI., .METRE. ) );
#6335 = ADVANCED_FACE ( 'NONE', ( #1279 ), #2033, .T. ) ;
#6336 =( NAMED_UNIT ( * ) PLANE_ANGLE_UNIT ( ) SI_UNIT ( $, .RADIAN. ) );
#6337 = ORIENTED_EDGE ( 'NONE', *, *, #5475, .F. ) ;
#6338 = DIRECTION ( 'NONE',  ( -0.0000000000000000000, 0.0000000000000000000, 1.000000000000000000 ) ) ;
#6339 = CARTESIAN_POINT ( 'NONE',  ( -0.2821195429627213480, 0.1300895291227066597, -0.6000000000000001998 ) ) ;
#6340 = DIRECTION ( 'NONE',  ( 0.0000000000000000000, 0.0000000000000000000, 1.000000000000000000 ) ) ;
#6341 = ORIENTED_EDGE ( 'NONE', *, *, #496, .T. ) ;
#6342 = CARTESIAN_POINT ( 'NONE',  ( -0.3077077548236545335, -0.04837823682880465492, -0.5999999999999999778 ) ) ;
#6343 = UNCERTAINTY_MEASURE_WITH_UNIT (LENGTH_MEASURE( 1.000000000000000082E-05 ), #1545, 'distance_accuracy_value', 'NONE');
#6344 = CARTESIAN_POINT ( 'NONE',  ( 0.2252973397544450751, -0.1255155202862479891, 0.5999999999999999778 ) ) ;
#6345 = VERTEX_POINT ( 'NONE', #4645 ) ;
#6346 =( NAMED_UNIT ( * ) PLANE_ANGLE_UNIT ( ) SI_UNIT ( $, .RADIAN. ) );
#6347 = CARTESIAN_POINT ( 'NONE',  ( 1.270016866663922439, -0.7200168666639226167, -0.5699999999999999512 ) ) ;
#6348 = CARTESIAN_POINT ( 'NONE',  ( -0.5256194266289978545, 0.1402342427996901286, -0.5989999999999998659 ) ) ;
#6349 =( GEOMETRIC_REPRESENTATION_CONTEXT ( 3 ) GLOBAL_UNCERTAINTY_ASSIGNED_CONTEXT ( ( #873 ) ) GLOBAL_UNIT_ASSIGNED_CONTEXT ( ( #723, #3651, #4888 ) ) REPRESENTATION_CONTEXT ( 'NONE', 'WORKASPACE' ) );
#6350 = SURFACE_STYLE_FILL_AREA ( #98 ) ;
#6351 = STYLED_ITEM ( 'NONE', ( #1093 ), #6889 ) ;
#6352 = EDGE_CURVE ( 'NONE', #137, #3857, #6471, .T. ) ;
#6353 = CARTESIAN_POINT ( 'NONE',  ( -0.5902223001512224565, -0.03689778219677045806, -0.5989999999999999769 ) ) ;
#6354 = FILL_AREA_STYLE_COLOUR ( '', #4489 ) ;
#6355 = MECHANICAL_DESIGN_GEOMETRIC_PRESENTATION_REPRESENTATION (  '', ( #1528 ), #6831 ) ;
#6356 = VECTOR ( 'NONE', #6964, 1000.000000000000000 ) ;
#6357 = LINE ( 'NONE', #4117, #5420 ) ;
#6358 =( NAMED_UNIT ( * ) PLANE_ANGLE_UNIT ( ) SI_UNIT ( $, .RADIAN. ) );
#6359 = CARTESIAN_POINT ( 'NONE',  ( -0.06447915990732011604, 0.1460290470715222277, -0.5989999999999999769 ) ) ;
#6360 = FACE_OUTER_BOUND ( 'NONE', #5570, .T. ) ;
#6361 =( GEOMETRIC_REPRESENTATION_CONTEXT ( 3 ) GLOBAL_UNCERTAINTY_ASSIGNED_CONTEXT ( ( #3144 ) ) GLOBAL_UNIT_ASSIGNED_CONTEXT ( ( #5599, #3154, #3203 ) ) REPRESENTATION_CONTEXT ( 'NONE', 'WORKASPACE' ) );
#6362 = DIRECTION ( 'NONE',  ( 0.0000000000000000000, -0.0000000000000000000, -1.000000000000000000 ) ) ;
#6363 = DIRECTION ( 'NONE',  ( -0.0000000000000000000, -0.0000000000000000000, -1.000000000000000000 ) ) ;
#6364 = STYLED_ITEM ( 'NONE', ( #1699 ), #2375 ) ;
#6365 = FILL_AREA_STYLE ('',( #2246 ) ) ;
#6366 = CARTESIAN_POINT ( 'NONE',  ( 0.2455543381212468013, -0.1346297059516680938, 0.5999999999999999778 ) ) ;
#6367 = SURFACE_STYLE_FILL_AREA ( #2705 ) ;
#6368 = ORIENTED_EDGE ( 'NONE', *, *, #5783, .T. ) ;
#6369 = VECTOR ( 'NONE', #4459, 1000.000000000000000 ) ;
#6370 = CARTESIAN_POINT ( 'NONE',  ( 0.3099979206114047980, 0.01458923822308050809, 0.6000000000000001998 ) ) ;
#6371 = CARTESIAN_POINT ( 'NONE',  ( 0.2451144129251767445, 0.2147283821527764813, 0.5989999999999999769 ) ) ;
#6372 = B_SPLINE_SURFACE_WITH_KNOTS ( 'NONE', 3, 1, ( 
 ( #7079, #6452 ),
 ( #1792, #2400 ),
 ( #52, #4754 ),
 ( #7621, #579 ),
 ( #4091, #1811 ),
 ( #5960, #5302 ),
 ( #6429, #2889 ),
 ( #706, #169 ),
 ( #4229, #3590 ),
 ( #4810, #2509 ),
 ( #6047, #4250 ),
 ( #4867, #1270 ),
 ( #5414, #733 ),
 ( #146, #1918 ),
 ( #4189, #6591 ),
 ( #4271, #4830 ),
 ( #1892, #7141 ),
 ( #5392, #1948 ),
 ( #1320, #2421 ) ),
 .UNSPECIFIED., .F., .F., .F.,
 ( 4, 1, 1, 1, 1, 1, 1, 1, 1, 1, 1, 1, 1, 1, 1, 1, 4 ),
 ( 2, 2 ),
 ( 0.0000000000000000000, 0.06460397028839205691, 0.1267024139629470969, 0.1867568140356180573, 0.2455056873654373750, 0.3036520244499752996, 0.3615030739706252549, 0.4202402229284672441, 0.4800333407766963489, 0.5406781347755159617, 0.6011918063807816237, 0.6623335024774423818, 0.7247395102972317149, 0.7894677361728865694, 0.8565048600438305293, 0.9263120958391900528, 1.000000000000000000 ),
 ( 0.0000000000000000000, 1.000000000000000000 ),
 .UNSPECIFIED. ) ;
#6373 = LINE ( 'NONE', #1850, #5169 ) ;
#6374 = FACE_OUTER_BOUND ( 'NONE', #888, .T. ) ;
#6375 = SURFACE_STYLE_USAGE ( .BOTH. , #5737 ) ;
#6376 = CARTESIAN_POINT ( 'NONE',  ( 0.3054028685377172536, -0.1901152728101741796, 0.6000000000000000888 ) ) ;
#6377 =( GEOMETRIC_REPRESENTATION_CONTEXT ( 3 ) GLOBAL_UNCERTAINTY_ASSIGNED_CONTEXT ( ( #3899 ) ) GLOBAL_UNIT_ASSIGNED_CONTEXT ( ( #7059, #2966, #4114 ) ) REPRESENTATION_CONTEXT ( 'NONE', 'WORKASPACE' ) );
#6378 = STYLED_ITEM ( 'NONE', ( #6952 ), #4285 ) ;
#6379 = ORIENTED_EDGE ( 'NONE', *, *, #3809, .F. ) ;
#6380 = SURFACE_STYLE_USAGE ( .BOTH. , #3414 ) ;
#6381 = SURFACE_STYLE_FILL_AREA ( #6531 ) ;
#6382 = DIRECTION ( 'NONE',  ( 0.0000000000000000000, -1.000000000000000000, 0.0000000000000000000 ) ) ;
#6383 = EDGE_LOOP ( 'NONE', ( #6551, #867, #4433, #2845 ) ) ;
#6384 = VECTOR ( 'NONE', #6322, 1000.000000000000000 ) ;
#6385 = UNCERTAINTY_MEASURE_WITH_UNIT (LENGTH_MEASURE( 1.000000000000000082E-05 ), #7522, 'distance_accuracy_value', 'NONE');
#6386 = VECTOR ( 'NONE', #6690, 1000.000000000000000 ) ;
#6387 = SURFACE_STYLE_USAGE ( .BOTH. , #5249 ) ;
#6388 = CARTESIAN_POINT ( 'NONE',  ( 0.2939434657500256676, -0.06756745807984614050, -0.5999999999999999778 ) ) ;
#6389 = CARTESIAN_POINT ( 'NONE',  ( -0.3032907851765423435, -0.09767991464800868107, -0.5990000000000000879 ) ) ;
#6391 = STYLED_ITEM ( 'NONE', ( #7390 ), #3074 ) ;
#6390 = SURFACE_STYLE_USAGE ( .BOTH. , #6313 ) ;
#6392 = ORIENTED_EDGE ( 'NONE', *, *, #3158, .F. ) ;
#6393 = ORIENTED_EDGE ( 'NONE', *, *, #3952, .F. ) ;
#6394 = SURFACE_STYLE_FILL_AREA ( #2462 ) ;
#6395 =( NAMED_UNIT ( * ) PLANE_ANGLE_UNIT ( ) SI_UNIT ( $, .RADIAN. ) );
#6396 = EDGE_CURVE ( 'NONE', #1106, #348, #2656, .T. ) ;
#6397 =( NAMED_UNIT ( * ) SI_UNIT ( $, .STERADIAN. ) SOLID_ANGLE_UNIT ( ) );
#6398 = VECTOR ( 'NONE', #2302, 1000.000000000000114 ) ;
#6399 =( LENGTH_UNIT ( ) NAMED_UNIT ( * ) SI_UNIT ( .MILLI., .METRE. ) );
#6400 = ORIENTED_EDGE ( 'NONE', *, *, #2360, .T. ) ;
#6401 = CARTESIAN_POINT ( 'NONE',  ( -0.3717962330780518188, 0.03272874219347342989, -0.5989999999999999769 ) ) ;
#6402 = SURFACE_STYLE_USAGE ( .BOTH. , #1100 ) ;
#6403 = FILL_AREA_STYLE ('',( #5836 ) ) ;
#6404 = SURFACE_STYLE_FILL_AREA ( #7017 ) ;
#6405 = SURFACE_STYLE_USAGE ( .BOTH. , #7428 ) ;
#6406 = PRODUCT_DEFINITION_FORMATION_WITH_SPECIFIED_SOURCE ( '�κ�', '', #5066, .NOT_KNOWN. ) ;
#6407 = CARTESIAN_POINT ( 'NONE',  ( 1.646612987842787978, 0.2750000000000000222, -0.5400000000000000355 ) ) ;
#6408 = PRESENTATION_LAYER_ASSIGNMENT (  '', '', ( #2440 ) ) ;
#6409 = CARTESIAN_POINT ( 'NONE',  ( 0.4008448952040371549, -0.06703446416870305347, 0.5999999999999999778 ) ) ;
#6410 = DIRECTION ( 'NONE',  ( 0.0000000000000000000, -1.000000000000000000, 0.0000000000000000000 ) ) ;
#6411 = CARTESIAN_POINT ( 'NONE',  ( -0.3315523306390275038, 0.03187127268127831065, -0.5989999999999999769 ) ) ;
#6412 = EDGE_LOOP ( 'NONE', ( #914, #1884, #6589, #2583 ) ) ;
#6413 = DIRECTION ( 'NONE',  ( -1.000000000000000000, 0.0000000000000000000, -5.330734548809087965E-16 ) ) ;
#6414 = PRESENTATION_LAYER_ASSIGNMENT (  '', '', ( #4172 ) ) ;
#6415 = PLANE ( 'NONE',  #7145 ) ;
#6416 = EDGE_CURVE ( 'NONE', #4621, #6274, #818, .T. ) ;
#6417 = CARTESIAN_POINT ( 'NONE',  ( 0.04893547423902126770, -0.08811729439189239232, -0.5989999999999999769 ) ) ;
#6418 = ORIENTED_EDGE ( 'NONE', *, *, #411, .T. ) ;
#6419 = PRESENTATION_LAYER_ASSIGNMENT (  '', '', ( #7091 ) ) ;
#6420 = SURFACE_STYLE_FILL_AREA ( #10 ) ;
#6421 = CARTESIAN_POINT ( 'NONE',  ( 0.2034176599687627929, -0.09067209615100249587, -0.5989999999999997549 ) ) ;
#6422 = CARTESIAN_POINT ( 'NONE',  ( 0.2647795155146180912, 0.1767144835439433959, -0.6000000000000001998 ) ) ;
#6423 = CARTESIAN_POINT ( 'NONE',  ( -0.3034330913448932687, 0.1567903071250491831, -0.5989999999999999769 ) ) ;
#6424 = CARTESIAN_POINT ( 'NONE',  ( 0.3858860059891081606, -0.01732812511042854803, 0.5989999999999999769 ) ) ;
#6425 = EDGE_CURVE ( 'NONE', #2641, #23, #7553, .T. ) ;
#6426 = VECTOR ( 'NONE', #977, 1000.000000000000000 ) ;
#6427 =( NAMED_UNIT ( * ) SI_UNIT ( $, .STERADIAN. ) SOLID_ANGLE_UNIT ( ) );
#6428 = ORIENTED_EDGE ( 'NONE', *, *, #2454, .T. ) ;
#6429 = CARTESIAN_POINT ( 'NONE',  ( 0.2732189179977693172, 0.1367866158707935764, -0.5989999999999999769 ) ) ;
#6430 = CARTESIAN_POINT ( 'NONE',  ( -0.2821195429627213480, 0.1300895291227066597, -0.5990000000000000879 ) ) ;
#6431 = ORIENTED_EDGE ( 'NONE', *, *, #3794, .T. ) ;
#6432 = DIRECTION ( 'NONE',  ( 0.08715574274765836016, 0.0000000000000000000, -0.9961946980917455452 ) ) ;
#6433 = CARTESIAN_POINT ( 'NONE',  ( -0.5269410501512226119, 0.1423705104861564263, -0.6000000000000000888 ) ) ;
#6434 = CARTESIAN_POINT ( 'NONE',  ( -0.06447915990732011604, 0.1460290470715222277, -0.5999999999999999778 ) ) ;
#6435 = CARTESIAN_POINT ( 'NONE',  ( 0.3670271152196751818, -0.0009629522673732866973, 0.6000000000000000888 ) ) ;
#6436 = VECTOR ( 'NONE', #5520, 1000.000000000000000 ) ;
#6437 = FILL_AREA_STYLE ('',( #1757 ) ) ;
#6438 = CARTESIAN_POINT ( 'NONE',  ( 0.04893547423902126770, 0.01432172999835149528, -0.5989999999999999769 ) ) ;
#6439 = FILL_AREA_STYLE_COLOUR ( '', #5625 ) ;
#6440 =( NAMED_UNIT ( * ) SI_UNIT ( $, .STERADIAN. ) SOLID_ANGLE_UNIT ( ) );
#6441 = AXIS2_PLACEMENT_3D ( 'NONE', #1328, #128, #7226 ) ;
#6442 = EDGE_CURVE ( 'NONE', #4969, #5121, #2024, .T. ) ;
#6443 = MECHANICAL_DESIGN_GEOMETRIC_PRESENTATION_REPRESENTATION (  '', ( #3898 ), #4436 ) ;
#6444 = VECTOR ( 'NONE', #5609, 1000.000000000000000 ) ;
#6445 = LINE ( 'NONE', #4061, #1523 ) ;
#6446 = DIRECTION ( 'NONE',  ( -0.0000000000000000000, -0.0000000000000000000, 1.000000000000000000 ) ) ;
#6447 = EDGE_CURVE ( 'NONE', #1594, #3990, #125, .T. ) ;
#6448 = CARTESIAN_POINT ( 'NONE',  ( -0.3272236963016080247, 0.1394360100602142216, -0.5989999999999999769 ) ) ;
#6449 = CARTESIAN_POINT ( 'NONE',  ( -1.320339464150456221, 0.8002253050932085499, -0.002575248999449010999 ) ) ;
#6450 = B_SPLINE_CURVE_WITH_KNOTS ( 'NONE', 3,
 ( #4905, #5518, #2554, #152, #5465, #6698, #1876, #4878, #6301, #3339, #1992, #650, #4149, #5308, #1795, #31, #7062, #5940, #5895 ),
 .UNSPECIFIED., .F., .F.,
 ( 4, 1, 1, 1, 1, 1, 1, 1, 1, 1, 1, 1, 1, 1, 1, 1, 4 ),
 ( 0.0000000000000000000, 0.07311097863980878242, 0.1427163625997054930, 0.2093342775539381029, 0.2740417002862157725, 0.3365169556271566664, 0.3982069297656996576, 0.4590086733383963447, 0.5195507362522336914, 0.5796987050645917572, 0.6382005993985716552, 0.6961203200338537123, 0.7541528447644905153, 0.8127993795403227750, 0.8728360432877736441, 0.9350609913430658615, 1.000000000000000000 ),
 .UNSPECIFIED. ) ;
#6451 = DIRECTION ( 'NONE',  ( -1.000000000000000000, 0.0000000000000000000, 0.0000000000000000000 ) ) ;
#6452 = CARTESIAN_POINT ( 'NONE',  ( 0.2179712974097529898, 0.1496875836568880846, -0.5999999999999999778 ) ) ;
#6453 = SURFACE_STYLE_FILL_AREA ( #4231 ) ;
#6454 = COLOUR_RGB ( '',1.000000000000000000, 1.000000000000000000, 1.000000000000000000 ) ;
#6455 = ORIENTED_EDGE ( 'NONE', *, *, #5127, .T. ) ;
#6456 = SURFACE_STYLE_FILL_AREA ( #1487 ) ;
#6457 = PLANE ( 'NONE',  #6583 ) ;
#6458 = DIRECTION ( 'NONE',  ( -0.0000000000000000000, 1.000000000000000000, -0.0000000000000000000 ) ) ;
#6459 = ORIENTED_EDGE ( 'NONE', *, *, #2471, .F. ) ;
#6460 = COLOUR_RGB ( '',1.000000000000000000, 1.000000000000000000, 1.000000000000000000 ) ;
#6461 = CARTESIAN_POINT ( 'NONE',  ( 0.3946641250019212177, -0.09758180931748003384, 0.5990000000000000879 ) ) ;
#6462 = EDGE_CURVE ( 'NONE', #7057, #363, #4309, .T. ) ;
#6463 = AXIS2_PLACEMENT_3D ( 'NONE', #3242, #7395, #950 ) ;
#6464 = ORIENTED_EDGE ( 'NONE', *, *, #3265, .T. ) ;
#6465 = PRESENTATION_STYLE_ASSIGNMENT (( #4778 ) ) ;
#6466 = ORIENTED_EDGE ( 'NONE', *, *, #5890, .T. ) ;
#6467 = VECTOR ( 'NONE', #5236, 1000.000000000000000 ) ;
#6468 = CARTESIAN_POINT ( 'NONE',  ( -1.646612987842787978, 0.2750000000000000222, -0.5499999999999999334 ) ) ;
#6469 =( GEOMETRIC_REPRESENTATION_CONTEXT ( 3 ) GLOBAL_UNCERTAINTY_ASSIGNED_CONTEXT ( ( #968 ) ) GLOBAL_UNIT_ASSIGNED_CONTEXT ( ( #1498, #3797, #235 ) ) REPRESENTATION_CONTEXT ( 'NONE', 'WORKASPACE' ) );
#6470 = DIRECTION ( 'NONE',  ( -0.9961946980917458783, 0.0000000000000000000, 0.08715574274765516827 ) ) ;
#6471 = LINE ( 'NONE', #6513, #180 ) ;
#6472 = CARTESIAN_POINT ( 'NONE',  ( -0.3272842451551620790, 0.07043979673564244870, -0.5989999999999999769 ) ) ;
#6473 = FILL_AREA_STYLE ('',( #4083 ) ) ;
#6474 = EDGE_LOOP ( 'NONE', ( #3015, #1796, #5374, #51 ) ) ;
#6475 = ORIENTED_EDGE ( 'NONE', *, *, #5205, .F. ) ;
#6476 = CARTESIAN_POINT ( 'NONE',  ( 1.646612987842787978, 0.2750000000000000222, -0.5499999999999999334 ) ) ;
#6477 = CARTESIAN_POINT ( 'NONE',  ( 0.3099979206114047980, 0.01458923822308050809, 0.6000000000000001998 ) ) ;
#6478 = MECHANICAL_DESIGN_GEOMETRIC_PRESENTATION_REPRESENTATION (  '', ( #1416 ), #1181 ) ;
#6479 = COLOUR_RGB ( '',1.000000000000000000, 1.000000000000000000, 1.000000000000000000 ) ;
#6480 = MECHANICAL_DESIGN_GEOMETRIC_PRESENTATION_REPRESENTATION (  '', ( #7234 ), #3141 ) ;
#6481 = UNCERTAINTY_MEASURE_WITH_UNIT (LENGTH_MEASURE( 1.000000000000000082E-05 ), #2630, 'distance_accuracy_value', 'NONE');
#6482 =( LENGTH_UNIT ( ) NAMED_UNIT ( * ) SI_UNIT ( .MILLI., .METRE. ) );
#6483 =( LENGTH_UNIT ( ) NAMED_UNIT ( * ) SI_UNIT ( .MILLI., .METRE. ) );
#6484 = EDGE_LOOP ( 'NONE', ( #2672, #6077, #690, #4738 ) ) ;
#6485 = ORIENTED_EDGE ( 'NONE', *, *, #4597, .F. ) ;
#6486 = VECTOR ( 'NONE', #4222, 1000.000000000000114 ) ;
#6487 = VECTOR ( 'NONE', #1208, 1000.000000000000000 ) ;
#6488 = DIRECTION ( 'NONE',  ( -0.0000000000000000000, -0.0000000000000000000, 1.000000000000000000 ) ) ;
#6489 = ORIENTED_EDGE ( 'NONE', *, *, #6822, .T. ) ;
#6490 = PRESENTATION_STYLE_ASSIGNMENT (( #6906 ) ) ;
#6491 = AXIS2_PLACEMENT_3D ( 'NONE', #199, #2510, #4272 ) ;
#6492 = CARTESIAN_POINT ( 'NONE',  ( 0.3973977441306607017, 0.04116055824689628800, 0.6000000000000001998 ) ) ;
#6493 = CARTESIAN_POINT ( 'NONE',  ( -0.1705767208829299386, 0.1460290470715222277, -0.5999999999999999778 ) ) ;
#6494 = EDGE_LOOP ( 'NONE', ( #6130, #2732, #4740, #3 ) ) ;
#6495 = ORIENTED_EDGE ( 'NONE', *, *, #4408, .F. ) ;
#6496 = EDGE_CURVE ( 'NONE', #210, #4900, #6722, .T. ) ;
#6497 = FACE_OUTER_BOUND ( 'NONE', #608, .T. ) ;
#6498 = DIRECTION ( 'NONE',  ( -0.3222024856061132536, 0.9466707760722532505, 0.0000000000000000000 ) ) ;
#6499 = COLOUR_RGB ( '',0.2509803921568627416, 0.2509803921568627416, 0.2509803921568627416 ) ;
#6500 = CARTESIAN_POINT ( 'NONE',  ( 1.439556570772598798, 0.2750000000000000222, -0.009128442572523459697 ) ) ;
#6501 = FILL_AREA_STYLE ('',( #7100 ) ) ;
#6502 = EDGE_LOOP ( 'NONE', ( #5562, #3094, #3971, #5248 ) ) ;
#6503 = ORIENTED_EDGE ( 'NONE', *, *, #7479, .F. ) ;
#6504 = DIRECTION ( 'NONE',  ( 0.08715574274765516827, 0.0000000000000000000, -0.9961946980917458783 ) ) ;
#6505 = DIRECTION ( 'NONE',  ( 1.224646799147352961E-16, -0.0000000000000000000, 1.000000000000000000 ) ) ;
#6506 = CARTESIAN_POINT ( 'NONE',  ( 1.850000000000000089, -0.2750000000000000222, -0.5500000000000000444 ) ) ;
#6507 = AXIS2_PLACEMENT_3D ( 'NONE', #4977, #3243, #320 ) ;
#6508 = DIRECTION ( 'NONE',  ( 0.0000000000000000000, -0.9961946980917455452, -0.08715574274765836016 ) ) ;
#6509 = MECHANICAL_DESIGN_GEOMETRIC_PRESENTATION_REPRESENTATION (  '', ( #5015 ), #2899 ) ;
#6510 = CARTESIAN_POINT ( 'NONE',  ( 0.0000000000000000000, 0.0000000000000000000, 0.0000000000000000000 ) ) ;
#6511 =( NAMED_UNIT ( * ) PLANE_ANGLE_UNIT ( ) SI_UNIT ( $, .RADIAN. ) );
#6512 = ORIENTED_EDGE ( 'NONE', *, *, #4416, .F. ) ;
#6513 = CARTESIAN_POINT ( 'NONE',  ( 0.05944368121785965908, 0.1708259431283862262, 0.5989999999999999769 ) ) ;
#6514 = CARTESIAN_POINT ( 'NONE',  ( 1.850000000000000089, 0.2750000000000000222, -0.5500000000000000444 ) ) ;
#6515 = PRESENTATION_LAYER_ASSIGNMENT (  '', '', ( #6909 ) ) ;
#6516 = CARTESIAN_POINT ( 'NONE',  ( -0.3192198428449965486, 0.09196572276260614465, -0.5989999999999999769 ) ) ;
#6517 = UNCERTAINTY_MEASURE_WITH_UNIT (LENGTH_MEASURE( 1.000000000000000082E-05 ), #525, 'distance_accuracy_value', 'NONE');
#6518 = EDGE_LOOP ( 'NONE', ( #2506, #6533, #6180 ) ) ;
#6519 = DIRECTION ( 'NONE',  ( 0.0000000000000000000, 7.228014483236703064E-15, -1.000000000000000000 ) ) ;
#6520 = DIRECTION ( 'NONE',  ( 1.355252715606880543E-16, 1.000000000000000000, -0.0000000000000000000 ) ) ;
#6521 = SURFACE_SIDE_STYLE ('',( #6617 ) ) ;
#6522 = EDGE_CURVE ( 'NONE', #3566, #1975, #6549, .T. ) ;
#6523 = VERTEX_POINT ( 'NONE', #534 ) ;
#6524 = FILL_AREA_STYLE_COLOUR ( '', #6885 ) ;
#6525 = CARTESIAN_POINT ( 'NONE',  ( 0.4350534373154206769, 0.2147283821527764813, 0.5989999999999999769 ) ) ;
#6526 = ORIENTED_EDGE ( 'NONE', *, *, #2580, .F. ) ;
#6527 = LINE ( 'NONE', #1471, #1174 ) ;
#6528 = STYLED_ITEM ( 'NONE', ( #3989 ), #2658 ) ;
#6529 = LINE ( 'NONE', #3421, #5241 ) ;
#6530 = SURFACE_SIDE_STYLE ('',( #7298 ) ) ;
#6531 = FILL_AREA_STYLE ('',( #1779 ) ) ;
#6532 = LINE ( 'NONE', #6814, #5612 ) ;
#6533 = ORIENTED_EDGE ( 'NONE', *, *, #1665, .T. ) ;
#6534 = SURFACE_STYLE_FILL_AREA ( #3239 ) ;
#6535 = DIRECTION ( 'NONE',  ( 0.0000000000000000000, 0.0000000000000000000, 1.000000000000000000 ) ) ;
#6536 = CARTESIAN_POINT ( 'NONE',  ( -0.3192198428449965486, 0.09196572276260614465, -0.6000000000000000888 ) ) ;
#6537 =( LENGTH_UNIT ( ) NAMED_UNIT ( * ) SI_UNIT ( .MILLI., .METRE. ) );
#6538 = VECTOR ( 'NONE', #861, 1000.000000000000000 ) ;
#6539 = COLOUR_RGB ( '',1.000000000000000000, 1.000000000000000000, 1.000000000000000000 ) ;
#6540 = CARTESIAN_POINT ( 'NONE',  ( -0.2176489664644371824, -0.1209402320473384057, -0.5999999999999998668 ) ) ;
#6541 = EDGE_LOOP ( 'NONE', ( #7198, #1577, #932 ) ) ;
#6542 = SURFACE_STYLE_FILL_AREA ( #6786 ) ;
#6543 = CARTESIAN_POINT ( 'NONE',  ( 1.270016866663922661, 0.7200168666639229498, 0.5699999999999999512 ) ) ;
#6544 = CARTESIAN_POINT ( 'NONE',  ( 0.3235491209038997562, -0.02265379510335819094, -0.5989999999999999769 ) ) ;
#6545 = FILL_AREA_STYLE_COLOUR ( '', #6460 ) ;
#6546 = CARTESIAN_POINT ( 'NONE',  ( -0.2190939305741301246, 0.1459411488207938978, -0.5989999999999999769 ) ) ;
#6547 = SURFACE_STYLE_USAGE ( .BOTH. , #6004 ) ;
#6548 = PRESENTATION_STYLE_ASSIGNMENT (( #4711 ) ) ;
#6549 = LINE ( 'NONE', #2925, #1828 ) ;
#6550 =( NAMED_UNIT ( * ) SI_UNIT ( $, .STERADIAN. ) SOLID_ANGLE_UNIT ( ) );
#6551 = ORIENTED_EDGE ( 'NONE', *, *, #7431, .F. ) ;
#6552 = ORIENTED_EDGE ( 'NONE', *, *, #7616, .F. ) ;
#6553 = STYLED_ITEM ( 'NONE', ( #5283 ), #6228 ) ;
#6554 = CARTESIAN_POINT ( 'NONE',  ( -0.5259692513707348027, 0.1423705104861563986, -0.5999999999999999778 ) ) ;
#6555 = LINE ( 'NONE', #2195, #93 ) ;
#6556 = ORIENTED_EDGE ( 'NONE', *, *, #5746, .T. ) ;
#6557 = EDGE_CURVE ( 'NONE', #946, #2501, #1210, .T. ) ;
#6558 = UNCERTAINTY_MEASURE_WITH_UNIT (LENGTH_MEASURE( 1.000000000000000082E-05 ), #6280, 'distance_accuracy_value', 'NONE');
#6559 = AXIS2_PLACEMENT_3D ( 'NONE', #4288, #1463, #5588 ) ;
#6560 = EDGE_CURVE ( 'NONE', #5980, #6218, #1645, .T. ) ;
#6561 =( NAMED_UNIT ( * ) SI_UNIT ( $, .STERADIAN. ) SOLID_ANGLE_UNIT ( ) );
#6562 = CARTESIAN_POINT ( 'NONE',  ( 1.299902707606674701, -0.7475068018844452933, 0.5726146722824297930 ) ) ;
#6563 = UNCERTAINTY_MEASURE_WITH_UNIT (LENGTH_MEASURE( 1.000000000000000082E-05 ), #2276, 'distance_accuracy_value', 'NONE');
#6564 = VERTEX_POINT ( 'NONE', #4849 ) ;
#6565 = EDGE_LOOP ( 'NONE', ( #3508, #5043, #5954, #5400, #1930 ) ) ;
#6566 =( NAMED_UNIT ( * ) SI_UNIT ( $, .STERADIAN. ) SOLID_ANGLE_UNIT ( ) );
#6567 = LINE ( 'NONE', #2967, #2248 ) ;
#6568 = CARTESIAN_POINT ( 'NONE',  ( -0.3468317615332924264, -0.05645377701572915075, -0.5999999999999996447 ) ) ;
#6569 = CARTESIAN_POINT ( 'NONE',  ( 0.005785144632493820216, -0.1852716178472235964, 0.5989999999999999769 ) ) ;
#6570 = CARTESIAN_POINT ( 'NONE',  ( 1.429594623791681229, 0.2750000000000000222, -0.009999999999999953371 ) ) ;
#6571 = CARTESIAN_POINT ( 'NONE',  ( 0.2085370372106034598, 0.1495449444419015839, -0.5989999999999998659 ) ) ;
#6572 = ORIENTED_EDGE ( 'NONE', *, *, #6557, .F. ) ;
#6573 = EDGE_LOOP ( 'NONE', ( #6629, #589, #3625, #3176 ) ) ;
#6574 = DIRECTION ( 'NONE',  ( -0.3393303772748776370, -0.9406672605435404400, 0.0000000000000000000 ) ) ;
#6575 = FILL_AREA_STYLE ('',( #2449 ) ) ;
#6576 = DIRECTION ( 'NONE',  ( -1.000000000000000000, 0.0000000000000000000, 0.0000000000000000000 ) ) ;
#6577 = CARTESIAN_POINT ( 'NONE',  ( 0.3736456001241422742, 0.05102894193554238789, 0.5999999999999999778 ) ) ;
#6578 = MECHANICAL_DESIGN_GEOMETRIC_PRESENTATION_REPRESENTATION (  '', ( #7073 ), #6979 ) ;
#6579 = EDGE_CURVE ( 'NONE', #7523, #363, #4504, .T. ) ;
#6580 =( GEOMETRIC_REPRESENTATION_CONTEXT ( 3 ) GLOBAL_UNCERTAINTY_ASSIGNED_CONTEXT ( ( #5773 ) ) GLOBAL_UNIT_ASSIGNED_CONTEXT ( ( #567, #1150, #6397 ) ) REPRESENTATION_CONTEXT ( 'NONE', 'WORKASPACE' ) );
#6581 = EDGE_CURVE ( 'NONE', #7278, #5744, #5767, .T. ) ;
#6582 = ORIENTED_EDGE ( 'NONE', *, *, #6161, .T. ) ;
#6583 = AXIS2_PLACEMENT_3D ( 'NONE', #2334, #444, #6432 ) ;
#6584 = FILL_AREA_STYLE ('',( #3624 ) ) ;
#6585 = CARTESIAN_POINT ( 'NONE',  ( 0.3143829055214955037, -0.04283609918241855496, -0.5999999999999996447 ) ) ;
#6586 = DIRECTION ( 'NONE',  ( 1.000000000000000000, 0.0000000000000000000, 0.0000000000000000000 ) ) ;
#6587 = CARTESIAN_POINT ( 'NONE',  ( 0.2328375384087312261, -0.1784426974702681967, 0.6000000000000000888 ) ) ;
#6588 = PRESENTATION_STYLE_ASSIGNMENT (( #1653 ) ) ;
#6589 = ORIENTED_EDGE ( 'NONE', *, *, #2610, .T. ) ;
#6590 =( LENGTH_UNIT ( ) NAMED_UNIT ( * ) SI_UNIT ( .MILLI., .METRE. ) );
#6591 = CARTESIAN_POINT ( 'NONE',  ( 0.3264516857145297046, 0.06504262219748120633, -0.5999999999999997558 ) ) ;
#6592 =( NAMED_UNIT ( * ) PLANE_ANGLE_UNIT ( ) SI_UNIT ( $, .RADIAN. ) );
#6593 = CARTESIAN_POINT ( 'NONE',  ( -0.1303328184439055681, 0.1789558763398149122, -0.5989999999999999769 ) ) ;
#6594 = STYLED_ITEM ( 'NONE', ( #1949 ), #6092 ) ;
#6595 = SURFACE_STYLE_USAGE ( .BOTH. , #2764 ) ;
#6596 = EDGE_CURVE ( 'NONE', #3451, #4871, #3581, .T. ) ;
#6597 =( GEOMETRIC_REPRESENTATION_CONTEXT ( 3 ) GLOBAL_UNCERTAINTY_ASSIGNED_CONTEXT ( ( #4268 ) ) GLOBAL_UNIT_ASSIGNED_CONTEXT ( ( #5166, #1609, #2858 ) ) REPRESENTATION_CONTEXT ( 'NONE', 'WORKASPACE' ) );
#6598 = ORIENTED_EDGE ( 'NONE', *, *, #2454, .F. ) ;
#6599 = ORIENTED_EDGE ( 'NONE', *, *, #3916, .F. ) ;
#6600 =( GEOMETRIC_REPRESENTATION_CONTEXT ( 3 ) GLOBAL_UNCERTAINTY_ASSIGNED_CONTEXT ( ( #1175 ) ) GLOBAL_UNIT_ASSIGNED_CONTEXT ( ( #3874, #2793, #6243 ) ) REPRESENTATION_CONTEXT ( 'NONE', 'WORKASPACE' ) );
#6601 = SURFACE_STYLE_FILL_AREA ( #4732 ) ;
#6602 = UNCERTAINTY_MEASURE_WITH_UNIT (LENGTH_MEASURE( 1.000000000000000082E-05 ), #6537, 'distance_accuracy_value', 'NONE');
#6603 = ORIENTED_EDGE ( 'NONE', *, *, #7254, .T. ) ;
#6604 = DIRECTION ( 'NONE',  ( -0.0000000000000000000, 1.000000000000000000, -0.0000000000000000000 ) ) ;
#6605 = CARTESIAN_POINT ( 'NONE',  ( 0.3496094785894774959, -0.06227438101437762080, -0.5999999999999997558 ) ) ;
#6606 = MECHANICAL_DESIGN_GEOMETRIC_PRESENTATION_REPRESENTATION (  '', ( #2557 ), #5580 ) ;
#6607 = CARTESIAN_POINT ( 'NONE',  ( 1.850000000000000089, 0.2750000000000000222, -0.5500000000000000444 ) ) ;
#6608 = COLOUR_RGB ( '',1.000000000000000000, 1.000000000000000000, 1.000000000000000000 ) ;
#6609 = COLOUR_RGB ( '',0.5019607843137254832, 0.2509803921568627416, 0.0000000000000000000 ) ;
#6610 = COLOUR_RGB ( '',1.000000000000000000, 1.000000000000000000, 1.000000000000000000 ) ;
#6611 = CARTESIAN_POINT ( 'NONE',  ( 0.3235491209038997562, -0.02265379510335819094, -0.5999999999999997558 ) ) ;
#6612 = DIRECTION ( 'NONE',  ( -0.08715574274765516827, 0.0000000000000000000, -0.9961946980917458783 ) ) ;
#6613 = DIRECTION ( 'NONE',  ( -0.0000000000000000000, -0.0000000000000000000, 1.000000000000000000 ) ) ;
#6614 = CARTESIAN_POINT ( 'NONE',  ( 0.2789558763398109487, 0.05710643093326424335, 0.5999999999999999778 ) ) ;
#6615 = COLOUR_RGB ( '',0.5019607843137254832, 0.5019607843137254832, 0.5019607843137254832 ) ;
#6616 = LINE ( 'NONE', #6139, #1443 ) ;
#6617 = SURFACE_STYLE_FILL_AREA ( #2439 ) ;
#6618 = FILL_AREA_STYLE_COLOUR ( '', #6610 ) ;
#6619 = FILL_AREA_STYLE ('',( #5513 ) ) ;
#6620 = PLANE ( 'NONE',  #2564 ) ;
#6621 = VERTEX_POINT ( 'NONE', #3774 ) ;
#6622 = LINE ( 'NONE', #3890, #2110 ) ;
#6623 = CARTESIAN_POINT ( 'NONE',  ( 0.4523528538858238579, -0.08828593041769501604, 0.5989999999999999769 ) ) ;
#6624 = EDGE_CURVE ( 'NONE', #3055, #5425, #4148, .T. ) ;
#6625 =( NAMED_UNIT ( * ) PLANE_ANGLE_UNIT ( ) SI_UNIT ( $, .RADIAN. ) );
#6626 = B_SPLINE_SURFACE_WITH_KNOTS ( 'NONE', 3, 1, ( 
 ( #6663, #3725 ),
 ( #4919, #5531 ),
 ( #4351, #7264 ),
 ( #5456, #2481 ),
 ( #7215, #219 ),
 ( #1339, #3653 ),
 ( #1370, #728 ),
 ( #6094, #3702 ),
 ( #6638, #3068 ),
 ( #6043, #4325 ),
 ( #1423, #7238 ),
 ( #2021, #3113 ),
 ( #7187, #5480 ),
 ( #778, #1945 ),
 ( #4246, #6122 ),
 ( #831, #139 ),
 ( #4891, #4827 ),
 ( #2504, #2542 ),
 ( #5561, #5504 ) ),
 .UNSPECIFIED., .F., .F., .F.,
 ( 4, 1, 1, 1, 1, 1, 1, 1, 1, 1, 1, 1, 1, 1, 1, 1, 4 ),
 ( 2, 2 ),
 ( 0.0000000000000000000, 0.06783324845577357043, 0.1326555365079042093, 0.1950508840508277109, 0.2555829330687771628, 0.3147998341472899031, 0.3736004728263745966, 0.4325455953267435816, 0.4924306292835655130, 0.5526712559629695098, 0.6125130441881164733, 0.6726102503570065005, 0.7338383693139459707, 0.7965942385677740045, 0.8614497992905733037, 0.9291989423509054991, 1.000000000000000000 ),
 ( 0.0000000000000000000, 1.000000000000000000 ),
 .UNSPECIFIED. ) ;
#6627 = CARTESIAN_POINT ( 'NONE',  ( 0.3315079454079140620, 0.05843059588424936307, 0.5989999999999998659 ) ) ;
#6628 = VECTOR ( 'NONE', #294, 999.9999999999998863 ) ;
#6629 = ORIENTED_EDGE ( 'NONE', *, *, #4337, .F. ) ;
#6630 = LINE ( 'NONE', #4546, #6369 ) ;
#6631 = CARTESIAN_POINT ( 'NONE',  ( 0.3411707568960163917, -0.1881813810403307474, 0.5999999999999998668 ) ) ;
#6632 = ADVANCED_FACE ( 'NONE', ( #4700 ), #6089, .T. ) ;
#6633 = DIRECTION ( 'NONE',  ( -0.08682659386424781967, 0.08682659386424779191, 0.9924325091389671893 ) ) ;
#6634 = VERTEX_POINT ( 'NONE', #6059 ) ;
#6635 = COLOUR_RGB ( '',0.2509803921568627416, 0.2509803921568627416, 0.2509803921568627416 ) ;
#6636 = ORIENTED_EDGE ( 'NONE', *, *, #7114, .T. ) ;
#6637 = CARTESIAN_POINT ( 'NONE',  ( 0.2576882624082461604, -0.08752241204818769771, -0.5999999999999997558 ) ) ;
#6638 = CARTESIAN_POINT ( 'NONE',  ( 0.3228352556045576693, -0.09372166588781026542, -0.5989999999999997549 ) ) ;
#6639 = CARTESIAN_POINT ( 'NONE',  ( -1.646612987842787978, 0.2750000000000000222, -0.6999999999999998446 ) ) ;
#6640 = FACE_OUTER_BOUND ( 'NONE', #3812, .T. ) ;
#6641 =( GEOMETRIC_REPRESENTATION_CONTEXT ( 3 ) GLOBAL_UNCERTAINTY_ASSIGNED_CONTEXT ( ( #3051 ) ) GLOBAL_UNIT_ASSIGNED_CONTEXT ( ( #1138, #1747, #5 ) ) REPRESENTATION_CONTEXT ( 'NONE', 'WORKASPACE' ) );
#6642 = CARTESIAN_POINT ( 'NONE',  ( -1.049872501134293756, 0.7200168666639229498, 0.5999999999999999778 ) ) ;
#6643 = CARTESIAN_POINT ( 'NONE',  ( 0.005785144632493820216, 0.1708259431283862262, 0.5989999999999999769 ) ) ;
#6644 = ADVANCED_FACE ( 'NONE', ( #3395 ), #2090, .T. ) ;
#6645 = ORIENTED_EDGE ( 'NONE', *, *, #3423, .T. ) ;
#6646 = CARTESIAN_POINT ( 'NONE',  ( 0.2179712974097529898, 0.1496875836568880846, -0.5989999999999999769 ) ) ;
#6647 = ORIENTED_EDGE ( 'NONE', *, *, #4998, .T. ) ;
#6648 = CARTESIAN_POINT ( 'NONE',  ( 1.429594623791681229, 0.2750000000000000222, -0.009999999999999953371 ) ) ;
#6649 = FACE_BOUND ( 'NONE', #7555, .T. ) ;
#6650 = DIRECTION ( 'NONE',  ( 0.0000000000000000000, -1.000000000000000000, 0.0000000000000000000 ) ) ;
#6651 = ORIENTED_EDGE ( 'NONE', *, *, #2930, .T. ) ;
#6652 = EDGE_CURVE ( 'NONE', #1467, #1944, #7168, .T. ) ;
#6653 = PLANE ( 'NONE',  #69 ) ;
#6654 =( GEOMETRIC_REPRESENTATION_CONTEXT ( 3 ) GLOBAL_UNCERTAINTY_ASSIGNED_CONTEXT ( ( #4715 ) ) GLOBAL_UNIT_ASSIGNED_CONTEXT ( ( #346, #6850, #1576 ) ) REPRESENTATION_CONTEXT ( 'NONE', 'WORKASPACE' ) );
#6655 = FILL_AREA_STYLE_COLOUR ( '', #6609 ) ;
#6656 = ADVANCED_FACE ( 'NONE', ( #1104 ), #1947, .T. ) ;
#6657 = UNCERTAINTY_MEASURE_WITH_UNIT (LENGTH_MEASURE( 1.000000000000000082E-05 ), #5726, 'distance_accuracy_value', 'NONE');
#6658 = CARTESIAN_POINT ( 'NONE',  ( 0.4496288367660111196, -0.02192674555648381485, 0.5989999999999997549 ) ) ;
#6659 = ORIENTED_EDGE ( 'NONE', *, *, #3916, .T. ) ;
#6660 = EDGE_LOOP ( 'NONE', ( #7251, #3394, #3486, #1116, #5466, #6041, #6748, #674 ) ) ;
#6661 = EDGE_CURVE ( 'NONE', #4697, #7278, #6937, .T. ) ;
#6662 = CARTESIAN_POINT ( 'NONE',  ( 0.3015426302563325445, -0.06014676244680182415, -0.5989999999999998659 ) ) ;
#6663 = CARTESIAN_POINT ( 'NONE',  ( 0.2302616937512164119, -0.1247026602455509336, -0.5989999999999999769 ) ) ;
#6664 = FILL_AREA_STYLE_COLOUR ( '', #3155 ) ;
#6665 = ORIENTED_EDGE ( 'NONE', *, *, #7111, .T. ) ;
#6666 = DIRECTION ( 'NONE',  ( -0.0000000000000000000, -0.0000000000000000000, 1.000000000000000000 ) ) ;
#6667 = CARTESIAN_POINT ( 'NONE',  ( -0.2149936416146371876, 0.1789558763398149122, -0.5999999999999999778 ) ) ;
#6668 = FILL_AREA_STYLE_COLOUR ( '', #5897 ) ;
#6669 = B_SPLINE_SURFACE_WITH_KNOTS ( 'NONE', 3, 1, ( 
 ( #1133, #4707 ),
 ( #2259, #6376 ),
 ( #4007, #1074 ),
 ( #5213, #5345 ),
 ( #1229, #22 ),
 ( #92, #1267 ),
 ( #1864, #2461 ),
 ( #5935, #5952 ),
 ( #7121, #6587 ),
 ( #3049, #7161 ),
 ( #2963, #68 ) ),
 .UNSPECIFIED., .F., .F., .F.,
 ( 4, 1, 1, 1, 1, 1, 1, 1, 4 ),
 ( 2, 2 ),
 ( 0.0000000000000000000, 0.1577982071812360221, 0.3061917210691621483, 0.4436485036788493375, 0.5722006579886240729, 0.6915189310245575260, 0.8019275491415325252, 0.9051355876168557524, 1.000000000000000000 ),
 ( 0.0000000000000000000, 1.000000000000000000 ),
 .UNSPECIFIED. ) ;
#6670 = CARTESIAN_POINT ( 'NONE',  ( -0.3315523306390275038, 0.03187127268127831065, -0.5989999999999999769 ) ) ;
#6671 =( GEOMETRIC_REPRESENTATION_CONTEXT ( 3 ) GLOBAL_UNCERTAINTY_ASSIGNED_CONTEXT ( ( #45 ) ) GLOBAL_UNIT_ASSIGNED_CONTEXT ( ( #7333, #4394, #1461 ) ) REPRESENTATION_CONTEXT ( 'NONE', 'WORKASPACE' ) );
#6672 = SURFACE_STYLE_USAGE ( .BOTH. , #174 ) ;
#6673 = ADVANCED_FACE ( 'NONE', ( #1193 ), #2397, .T. ) ;
#6674 = CARTESIAN_POINT ( 'NONE',  ( -0.5256194266289978545, 0.1402342427996901286, -0.5999999999999998668 ) ) ;
#6675 =( NAMED_UNIT ( * ) SI_UNIT ( $, .STERADIAN. ) SOLID_ANGLE_UNIT ( ) );
#6676 = ORIENTED_EDGE ( 'NONE', *, *, #6798, .T. ) ;
#6677 = STYLED_ITEM ( 'NONE', ( #2019 ), #4067 ) ;
#6678 = ADVANCED_FACE ( 'NONE', ( #4495 ), #2758, .T. ) ;
#6679 = PLANE ( 'NONE',  #3931 ) ;
#6680 = FILL_AREA_STYLE ('',( #1435 ) ) ;
#6681 =( GEOMETRIC_REPRESENTATION_CONTEXT ( 3 ) GLOBAL_UNCERTAINTY_ASSIGNED_CONTEXT ( ( #5347 ) ) GLOBAL_UNIT_ASSIGNED_CONTEXT ( ( #4667, #3006, #4961 ) ) REPRESENTATION_CONTEXT ( 'NONE', 'WORKASPACE' ) );
#6682 = DIRECTION ( 'NONE',  ( 1.000000000000000000, 0.0000000000000000000, 0.0000000000000000000 ) ) ;
#6683 = ORIENTED_EDGE ( 'NONE', *, *, #860, .T. ) ;
#6684 =( LENGTH_UNIT ( ) NAMED_UNIT ( * ) SI_UNIT ( .MILLI., .METRE. ) );
#6685 = LINE ( 'NONE', #158, #2598 ) ;
#6686 = CARTESIAN_POINT ( 'NONE',  ( 0.2801962308713759620, 0.01458618447885839074, 0.5989999999999998659 ) ) ;
#6687 = DIRECTION ( 'NONE',  ( 0.0000000000000000000, -0.0000000000000000000, 1.000000000000000000 ) ) ;
#6688 =( NAMED_UNIT ( * ) SI_UNIT ( $, .STERADIAN. ) SOLID_ANGLE_UNIT ( ) );
#6689 = DIRECTION ( 'NONE',  ( 0.0000000000000000000, -1.000000000000000000, 0.0000000000000000000 ) ) ;
#6690 = DIRECTION ( 'NONE',  ( 1.000000000000000000, 0.0000000000000000000, 0.0000000000000000000 ) ) ;
#6691 = DIRECTION ( 'NONE',  ( -0.0000000000000000000, -0.0000000000000000000, 1.000000000000000000 ) ) ;
#6692 = PRESENTATION_LAYER_ASSIGNMENT (  '', '', ( #2448 ) ) ;
#6693 = PLANE ( 'NONE',  #2159 ) ;
#6694 = EDGE_CURVE ( 'NONE', #7520, #7576, #3575, .T. ) ;
#6695 = CARTESIAN_POINT ( 'NONE',  ( 0.4404137500883977263, 0.0002692949293695035560, 0.5999999999999999778 ) ) ;
#6696 = UNCERTAINTY_MEASURE_WITH_UNIT (LENGTH_MEASURE( 1.000000000000000082E-05 ), #4893, 'distance_accuracy_value', 'NONE');
#6697 = CARTESIAN_POINT ( 'NONE',  ( 0.1885026715440735745, 0.1810633641799087035, -0.5989999999999998659 ) ) ;
#6698 = CARTESIAN_POINT ( 'NONE',  ( 0.3455076610482828992, -0.1407448669986942624, 0.5989999999999999769 ) ) ;
#6699 = CARTESIAN_POINT ( 'NONE',  ( 0.3693267246406665705, -0.1814888341086672574, 0.5989999999999999769 ) ) ;
#6700 = CARTESIAN_POINT ( 'NONE',  ( -0.2265028233567441263, -0.08782896306396943686, -0.5999999999999999778 ) ) ;
#6701 = PRESENTATION_STYLE_ASSIGNMENT (( #4892 ) ) ;
#6702 = FILL_AREA_STYLE ('',( #6112 ) ) ;
#6703 = CARTESIAN_POINT ( 'NONE',  ( 0.4544400460816699905, -0.05615104681976310769, 0.5989999999999999769 ) ) ;
#6704 =( GEOMETRIC_REPRESENTATION_CONTEXT ( 3 ) GLOBAL_UNCERTAINTY_ASSIGNED_CONTEXT ( ( #1530 ) ) GLOBAL_UNIT_ASSIGNED_CONTEXT ( ( #6299, #2083, #330 ) ) REPRESENTATION_CONTEXT ( 'NONE', 'WORKASPACE' ) );
#6705 = DIRECTION ( 'NONE',  ( -1.000000000000000000, 0.0000000000000000000, 0.0000000000000000000 ) ) ;
#6706 = FILL_AREA_STYLE ('',( #217 ) ) ;
#6707 = DIRECTION ( 'NONE',  ( -0.0000000000000000000, -0.0000000000000000000, -1.000000000000000000 ) ) ;
#6708 =( LENGTH_UNIT ( ) NAMED_UNIT ( * ) SI_UNIT ( .MILLI., .METRE. ) );
#6709 = ORIENTED_EDGE ( 'NONE', *, *, #4998, .F. ) ;
#6710 = VECTOR ( 'NONE', #1333, 1000.000000000000000 ) ;
#6711 =( LENGTH_UNIT ( ) NAMED_UNIT ( * ) SI_UNIT ( .MILLI., .METRE. ) );
#6712 = DIRECTION ( 'NONE',  ( 0.0000000000000000000, 1.000000000000000000, 0.0000000000000000000 ) ) ;
#6713 = CARTESIAN_POINT ( 'NONE',  ( 0.3305388969683585310, 0.03038848411046526921, -0.5989999999999998659 ) ) ;
#6714 = CARTESIAN_POINT ( 'NONE',  ( -0.2622778166797042343, 0.1735873716250540544, -0.5999999999999996447 ) ) ;
#6715 = VERTEX_POINT ( 'NONE', #6876 ) ;
#6716 = STYLED_ITEM ( 'NONE', ( #7176 ), #3640 ) ;
#6717 = EDGE_CURVE ( 'NONE', #2688, #348, #1542, .T. ) ;
#6718 = EDGE_LOOP ( 'NONE', ( #7548, #5026, #7564, #4035 ) ) ;
#6719 = STYLED_ITEM ( 'NONE', ( #2003 ), #7369 ) ;
#6720 = CARTESIAN_POINT ( 'NONE',  ( 0.4326055619945353148, -0.1354931865931091883, 0.5990000000000000879 ) ) ;
#6721 = EDGE_CURVE ( 'NONE', #3163, #3442, #1631, .T. ) ;
#6722 = LINE ( 'NONE', #5884, #6083 ) ;
#6723 =( GEOMETRIC_REPRESENTATION_CONTEXT ( 3 ) GLOBAL_UNCERTAINTY_ASSIGNED_CONTEXT ( ( #2970 ) ) GLOBAL_UNIT_ASSIGNED_CONTEXT ( ( #6399, #7032, #6440 ) ) REPRESENTATION_CONTEXT ( 'NONE', 'WORKASPACE' ) );
#6724 = ORIENTED_EDGE ( 'NONE', *, *, #5544, .T. ) ;
#6725 = SURFACE_STYLE_FILL_AREA ( #6706 ) ;
#6726 = VERTEX_POINT ( 'NONE', #1488 ) ;
#6727 = DIRECTION ( 'NONE',  ( -1.000000000000000000, 0.0000000000000000000, 0.0000000000000000000 ) ) ;
#6728 = CARTESIAN_POINT ( 'NONE',  ( 0.4338898138558325845, 0.01005679747354898228, 0.5989999999999998659 ) ) ;
#6729 = LINE ( 'NONE', #574, #6279 ) ;
#6730 = CARTESIAN_POINT ( 'NONE',  ( 0.3651327357979159971, 0.07309742251254086609, -0.5999999999999999778 ) ) ;
#6731 = CARTESIAN_POINT ( 'NONE',  ( 0.3078430714617621522, -0.1462472276033211227, 0.5999999999999999778 ) ) ;
#6732 = CARTESIAN_POINT ( 'NONE',  ( 0.2183142852146310320, 0.1826144129251807413, -0.5989999999999999769 ) ) ;
#6733 = CARTESIAN_POINT ( 'NONE',  ( 0.2085370372106034598, 0.1495449444419015839, -0.5999999999999998668 ) ) ;
#6734 = CARTESIAN_POINT ( 'NONE',  ( 0.2148056584969262328, 0.1496397214779864593, -0.5989999999999998659 ) ) ;
#6735 = LINE ( 'NONE', #111, #4978 ) ;
#6736 = MECHANICAL_DESIGN_GEOMETRIC_PRESENTATION_REPRESENTATION (  '', ( #5962 ), #3173 ) ;
#6737 = FILL_AREA_STYLE ('',( #4329 ) ) ;
#6738 = ORIENTED_EDGE ( 'NONE', *, *, #2299, .T. ) ;
#6739 = FACE_BOUND ( 'NONE', #4237, .T. ) ;
#6740 = UNCERTAINTY_MEASURE_WITH_UNIT (LENGTH_MEASURE( 1.000000000000000082E-05 ), #5761, 'distance_accuracy_value', 'NONE');
#6741 = AXIS2_PLACEMENT_3D ( 'NONE', #273, #2052, #4401 ) ;
#6742 = B_SPLINE_SURFACE_WITH_KNOTS ( 'NONE', 3, 1, ( 
 ( #3204, #2034 ),
 ( #6154, #2605 ),
 ( #6745, #228 ),
 ( #5628, #2080 ),
 ( #6213, #2671 ),
 ( #1407, #7323 ),
 ( #4930, #6794 ),
 ( #5600, #3247 ),
 ( #7281, #4988 ),
 ( #2059, #328 ),
 ( #6184, #3789 ),
 ( #283, #2639 ),
 ( #7382, #6695 ),
 ( #3156, #3273 ),
 ( #1556, #6324 ),
 ( #439, #353 ),
 ( #4463, #2753 ),
 ( #468, #4548 ),
 ( #2196, #7405 ) ),
 .UNSPECIFIED., .F., .F., .F.,
 ( 4, 1, 1, 1, 1, 1, 1, 1, 1, 1, 1, 1, 1, 1, 1, 1, 4 ),
 ( 2, 2 ),
 ( 0.0000000000000000000, 0.07616744472239844743, 0.1482655110254592068, 0.2165949782654783551, 0.2823424859150618360, 0.3452843053920682248, 0.4059909421777437299, 0.4652211230521786089, 0.5239984890663610395, 0.5817566311794192258, 0.6384569613935707766, 0.6947682521830331748, 0.7516829061230484443, 0.8101961495168554794, 0.8706817703241036543, 0.9337298896598216214, 1.000000000000000000 ),
 ( 0.0000000000000000000, 1.000000000000000000 ),
 .UNSPECIFIED. ) ;
#6743 = DIRECTION ( 'NONE',  ( 0.3390537954853695135, 0.9407669869669987861, 0.0000000000000000000 ) ) ;
#6744 = DIRECTION ( 'NONE',  ( -0.3536223923290754967, 0.9353882635801357148, 0.0000000000000000000 ) ) ;
#6745 = CARTESIAN_POINT ( 'NONE',  ( 0.3315079454079140620, 0.05843059588424936307, 0.5989999999999998659 ) ) ;
#6746 = PRESENTATION_STYLE_ASSIGNMENT (( #6375 ) ) ;
#6747 = CARTESIAN_POINT ( 'NONE',  ( -0.5211674221024420461, 0.1213339251203026936, -0.5999999999999999778 ) ) ;
#6748 = ORIENTED_EDGE ( 'NONE', *, *, #5886, .F. ) ;
#6749 = STYLED_ITEM ( 'NONE', ( #6261 ), #1373 ) ;
#6750 = CARTESIAN_POINT ( 'NONE',  ( -0.4662893733219542480, -0.03689778219677045806, -0.5999999999999999778 ) ) ;
#6751 = CARTESIAN_POINT ( 'NONE',  ( -1.049872501134293756, 1.015288465802815843, 0.5989999999999999769 ) ) ;
#6752 = PRESENTATION_LAYER_ASSIGNMENT (  '', '', ( #6378 ) ) ;
#6753 =( LENGTH_UNIT ( ) NAMED_UNIT ( * ) SI_UNIT ( .MILLI., .METRE. ) );
#6754 = FILL_AREA_STYLE_COLOUR ( '', #7638 ) ;
#6755 = ORIENTED_EDGE ( 'NONE', *, *, #5378, .T. ) ;
#6756 = LINE ( 'NONE', #6070, #599 ) ;
#6757 = ORIENTED_EDGE ( 'NONE', *, *, #6828, .T. ) ;
#6758 = CARTESIAN_POINT ( 'NONE',  ( 0.2868713864149116111, -0.1450359532249090033, 0.5989999999999999769 ) ) ;
#6759 = CARTESIAN_POINT ( 'NONE',  ( 0.3542819234305560339, 0.1021272321914985931, -0.5989999999999999769 ) ) ;
#6760 = CARTESIAN_POINT ( 'NONE',  ( 0.2921667622269011333, 0.01468012696962548401, 0.5989999999999998659 ) ) ;
#6761 = SURFACE_SIDE_STYLE ('',( #3126 ) ) ;
#6762 = PRESENTATION_STYLE_ASSIGNMENT (( #2120 ) ) ;
#6763 = ORIENTED_EDGE ( 'NONE', *, *, #3691, .F. ) ;
#6764 =( NAMED_UNIT ( * ) SI_UNIT ( $, .STERADIAN. ) SOLID_ANGLE_UNIT ( ) );
#6765 = ORIENTED_EDGE ( 'NONE', *, *, #7560, .T. ) ;
#6766 = ADVANCED_FACE ( 'NONE', ( #3943 ), #77, .T. ) ;
#6767 = DIRECTION ( 'NONE',  ( -1.000000000000000000, 0.0000000000000000000, 0.0000000000000000000 ) ) ;
#6768 = CARTESIAN_POINT ( 'NONE',  ( -0.3376931789691472452, 0.1291345637138614777, -0.6000000000000003109 ) ) ;
#6769 = CARTESIAN_POINT ( 'NONE',  ( 0.3707560367146675584, 0.02913323089226622226, -0.5999999999999999778 ) ) ;
#6770 = EDGE_CURVE ( 'NONE', #4608, #7113, #7518, .T. ) ;
#6771 = DIRECTION ( 'NONE',  ( -1.000000000000000000, 0.0000000000000000000, 0.0000000000000000000 ) ) ;
#6773 = ORIENTED_EDGE ( 'NONE', *, *, #2667, .T. ) ;
#6772 = CARTESIAN_POINT ( 'NONE',  ( -1.270016866663922661, -0.7200168666639226167, -0.5699999999999999512 ) ) ;
#6774 = CARTESIAN_POINT ( 'NONE',  ( -1.270016866663923105, 0.7200168666639229498, -0.5699999999999999512 ) ) ;
#6775 =( NAMED_UNIT ( * ) SI_UNIT ( $, .STERADIAN. ) SOLID_ANGLE_UNIT ( ) );
#6776 = ORIENTED_EDGE ( 'NONE', *, *, #4600, .T. ) ;
#6777 = CARTESIAN_POINT ( 'NONE',  ( -0.5269410501512226119, 0.1423705104861564263, -0.6000000000000000888 ) ) ;
#6778 = FILL_AREA_STYLE ('',( #3800 ) ) ;
#6779 = ORIENTED_EDGE ( 'NONE', *, *, #3229, .F. ) ;
#6780 = MECHANICAL_DESIGN_GEOMETRIC_PRESENTATION_REPRESENTATION (  '', ( #6249 ), #4169 ) ;
#6781 = DIRECTION ( 'NONE',  ( 0.0000000000000000000, 0.0000000000000000000, -1.000000000000000000 ) ) ;
#6782 = FACE_OUTER_BOUND ( 'NONE', #205, .T. ) ;
#6783 = CARTESIAN_POINT ( 'NONE',  ( 0.2983156324373719137, 0.01472838215277644941, 0.5989999999999999769 ) ) ;
#6784 = CARTESIAN_POINT ( 'NONE',  ( 0.2252973397544450751, -0.1255155202862479891, 0.5989999999999999769 ) ) ;
#6785 = CARTESIAN_POINT ( 'NONE',  ( -0.5238430321488817265, 0.1305439623166722019, -0.5999999999999999778 ) ) ;
#6786 = FILL_AREA_STYLE ('',( #2687 ) ) ;
#6787 = CARTESIAN_POINT ( 'NONE',  ( -0.3468198152418918712, 0.1178681616149581390, -0.5989999999999996438 ) ) ;
#6788 =( LENGTH_UNIT ( ) NAMED_UNIT ( * ) SI_UNIT ( .MILLI., .METRE. ) );
#6789 = UNCERTAINTY_MEASURE_WITH_UNIT (LENGTH_MEASURE( 1.000000000000000082E-05 ), #2428, 'distance_accuracy_value', 'NONE');
#6790 = SURFACE_STYLE_FILL_AREA ( #2866 ) ;
#6791 = SURFACE_STYLE_FILL_AREA ( #6473 ) ;
#6792 = EDGE_LOOP ( 'NONE', ( #5959, #5845, #2803, #1834, #1550, #2703, #2078, #3941 ) ) ;
#6793 = EDGE_CURVE ( 'NONE', #1064, #3233, #6630, .T. ) ;
#6794 = CARTESIAN_POINT ( 'NONE',  ( 0.3859874307210021671, 0.04662320223080007597, 0.5999999999999997558 ) ) ;
#6795 =( GEOMETRIC_REPRESENTATION_CONTEXT ( 3 ) GLOBAL_UNCERTAINTY_ASSIGNED_CONTEXT ( ( #7340 ) ) GLOBAL_UNIT_ASSIGNED_CONTEXT ( ( #7449, #5703, #377 ) ) REPRESENTATION_CONTEXT ( 'NONE', 'WORKASPACE' ) );
#6796 = DIRECTION ( 'NONE',  ( 0.3222024856061132536, -0.9466707760722532505, 0.0000000000000000000 ) ) ;
#6797 = VERTEX_POINT ( 'NONE', #5071 ) ;
#6798 = EDGE_CURVE ( 'NONE', #7605, #7042, #1159, .T. ) ;
#6799 = ADVANCED_FACE ( 'NONE', ( #1638 ), #6932, .T. ) ;
#6800 = DIRECTION ( 'NONE',  ( -0.0000000000000000000, 0.0000000000000000000, 1.000000000000000000 ) ) ;
#6801 = VERTEX_POINT ( 'NONE', #5037 ) ;
#6802 = VECTOR ( 'NONE', #7610, 1000.000000000000114 ) ;
#6803 = CARTESIAN_POINT ( 'NONE',  ( -0.4764075135658568105, -0.003970952928477775382, -0.5999999999999999778 ) ) ;
#6804 = DIRECTION ( 'NONE',  ( -0.0000000000000000000, -0.0000000000000000000, -1.000000000000000000 ) ) ;
#6805 = CARTESIAN_POINT ( 'NONE',  ( -0.2148221477121982081, 0.1460290470715222277, -0.5999999999999999778 ) ) ;
#6806 = FILL_AREA_STYLE_COLOUR ( '', #3372 ) ;
#6807 = PLANE ( 'NONE',  #29 ) ;
#6808 = MECHANICAL_DESIGN_GEOMETRIC_PRESENTATION_REPRESENTATION (  '', ( #6391 ), #5896 ) ;
#6809 = ORIENTED_EDGE ( 'NONE', *, *, #2299, .F. ) ;
#6810 = LINE ( 'NONE', #1345, #3491 ) ;
#6811 = FILL_AREA_STYLE_COLOUR ( '', #7343 ) ;
#6812 = VERTEX_POINT ( 'NONE', #3975 ) ;
#6813 = CARTESIAN_POINT ( 'NONE',  ( 0.2247167242390212538, -0.09177583097725826311, -0.5999999999999999778 ) ) ;
#6814 = CARTESIAN_POINT ( 'NONE',  ( -1.297506801884445338, -0.7499027076066749897, 0.5726146722824297930 ) ) ;
#6815 = FACE_OUTER_BOUND ( 'NONE', #6565, .T. ) ;
#6816 = ORIENTED_EDGE ( 'NONE', *, *, #3455, .F. ) ;
#6817 = CARTESIAN_POINT ( 'NONE',  ( 0.2179712974097529898, 0.1496875836568880846, -0.5989999999999999769 ) ) ;
#6818 = CARTESIAN_POINT ( 'NONE',  ( 0.1955035502080827714, -0.1221641622618196699, -0.5999999999999999778 ) ) ;
#6819 = COLOUR_RGB ( '',0.5019607843137254832, 0.5019607843137254832, 0.5019607843137254832 ) ;
#6820 = DIRECTION ( 'NONE',  ( -0.0000000000000000000, -0.0000000000000000000, -1.000000000000000000 ) ) ;
#6821 = PRESENTATION_LAYER_ASSIGNMENT (  '', '', ( #4192 ) ) ;
#6822 = EDGE_CURVE ( 'NONE', #5170, #1467, #3519, .T. ) ;
#6823 = ORIENTED_EDGE ( 'NONE', *, *, #1199, .T. ) ;
#6824 = CARTESIAN_POINT ( 'NONE',  ( 0.2247167242390212538, -0.09177583097725826311, -0.5989999999999999769 ) ) ;
#6825 = STYLED_ITEM ( 'NONE', ( #7336 ), #7303 ) ;
#6826 = CARTESIAN_POINT ( 'NONE',  ( -0.3298263535507660604, 0.005221428626624587468, -0.5989999999999999769 ) ) ;
#6827 = ORIENTED_EDGE ( 'NONE', *, *, #7510, .T. ) ;
#6828 = EDGE_CURVE ( 'NONE', #4078, #1660, #3099, .T. ) ;
#6829 = PRODUCT_CONTEXT ( 'NONE', #4968, 'mechanical' ) ;
#6830 =( NAMED_UNIT ( * ) SI_UNIT ( $, .STERADIAN. ) SOLID_ANGLE_UNIT ( ) );
#6831 =( GEOMETRIC_REPRESENTATION_CONTEXT ( 3 ) GLOBAL_UNCERTAINTY_ASSIGNED_CONTEXT ( ( #4311 ) ) GLOBAL_UNIT_ASSIGNED_CONTEXT ( ( #7493, #2240, #5246 ) ) REPRESENTATION_CONTEXT ( 'NONE', 'WORKASPACE' ) );
#6832 = SURFACE_STYLE_FILL_AREA ( #6121 ) ;
#6833 = ORIENTED_EDGE ( 'NONE', *, *, #1095, .T. ) ;
#6834 = CARTESIAN_POINT ( 'NONE',  ( 1.429594623791681229, 0.2750000000000000222, -0.009999999999999953371 ) ) ;
#6835 = VERTEX_POINT ( 'NONE', #6371 ) ;
#6836 = PRESENTATION_STYLE_ASSIGNMENT (( #4033 ) ) ;
#6837 = CARTESIAN_POINT ( 'NONE',  ( 1.439556570772598798, -0.2750000000000000222, -0.009128442572523459697 ) ) ;
#6838 = CARTESIAN_POINT ( 'NONE',  ( 0.5099110839951188634, 0.1789558763398149122, -0.5999999999999999778 ) ) ;
#6839 = CARTESIAN_POINT ( 'NONE',  ( 1.439556570772598798, -0.2750000000000000222, -0.009128442572523463167 ) ) ;
#6840 = CIRCLE ( 'NONE', #4462, 0.02999999999999997113 ) ;
#6841 = UNCERTAINTY_MEASURE_WITH_UNIT (LENGTH_MEASURE( 1.000000000000000082E-05 ), #6788, 'distance_accuracy_value', 'NONE');
#6842 = SURFACE_SIDE_STYLE ('',( #1011 ) ) ;
#6843 = CARTESIAN_POINT ( 'NONE',  ( 0.1640263083781701159, 0.1389634795238347265, -0.5989999999999999769 ) ) ;
#6844 = EDGE_LOOP ( 'NONE', ( #5187, #714, #3661, #1798 ) ) ;
#6845 = MECHANICAL_DESIGN_GEOMETRIC_PRESENTATION_REPRESENTATION (  '', ( #6553 ), #6151 ) ;
#6846 = CARTESIAN_POINT ( 'NONE',  ( 0.1477159620438993348, -0.07256851390408752822, -0.5989999999999999769 ) ) ;
#6847 = ADVANCED_FACE ( 'NONE', ( #4214 ), #2323, .T. ) ;
#6848 = EDGE_CURVE ( 'NONE', #7296, #2868, #3655, .T. ) ;
#6849 = CARTESIAN_POINT ( 'NONE',  ( 1.439556570772598798, 0.2750000000000000222, -0.009128442572523463167 ) ) ;
#6850 =( NAMED_UNIT ( * ) PLANE_ANGLE_UNIT ( ) SI_UNIT ( $, .RADIAN. ) );
#6851 = PRESENTATION_LAYER_ASSIGNMENT (  '', '', ( #4842 ) ) ;
#6852 =( LENGTH_UNIT ( ) NAMED_UNIT ( * ) SI_UNIT ( .MILLI., .METRE. ) );
#6853 = ORIENTED_EDGE ( 'NONE', *, *, #188, .F. ) ;
#6854 = CARTESIAN_POINT ( 'NONE',  ( 1.439556570772598798, 0.2750000000000000222, -0.009128442572523463167 ) ) ;
#6855 = CARTESIAN_POINT ( 'NONE',  ( 0.1477159620438993348, -0.1054953431723802126, -0.5989999999999999769 ) ) ;
#6856 = LINE ( 'NONE', #2867, #5104 ) ;
#6857 = PRESENTATION_LAYER_ASSIGNMENT (  '', '', ( #4846 ) ) ;
#6858 = CARTESIAN_POINT ( 'NONE',  ( -0.2514488498626519242, -0.08388444422514949872, -0.5989999999999997549 ) ) ;
#6859 = DIRECTION ( 'NONE',  ( -0.3363908276654480889, 0.9417224702971437322, 0.0000000000000000000 ) ) ;
#6860 = ORIENTED_EDGE ( 'NONE', *, *, #2472, .F. ) ;
#6861 = AXIS2_PLACEMENT_3D ( 'NONE', #1589, #3276, #5081 ) ;
#6862 = B_SPLINE_SURFACE_WITH_KNOTS ( 'NONE', 3, 1, ( 
 ( #6076, #7144 ),
 ( #762, #3124 ),
 ( #3613, #3076 ),
 ( #7246, #3710 ),
 ( #688, #6051 ),
 ( #5418, #204 ),
 ( #4839, #4299 ),
 ( #786, #4813 ),
 ( #7199, #4901 ),
 ( #1873, #1893 ),
 ( #3662, #150 ) ),
 .UNSPECIFIED., .F., .F., .F.,
 ( 4, 1, 1, 1, 1, 1, 1, 1, 4 ),
 ( 2, 2 ),
 ( 0.0000000000000000000, 0.1451868664724697833, 0.2834426109197299426, 0.4165243659288289657, 0.5431811235350828548, 0.6651530826377138883, 0.7813602063127152997, 0.8927566556418089494, 1.000000000000000000 ),
 ( 0.0000000000000000000, 1.000000000000000000 ),
 .UNSPECIFIED. ) ;
#6863 = CARTESIAN_POINT ( 'NONE',  ( 0.2066399729786870809, -0.1236102232778498178, -0.5999999999999999778 ) ) ;
#6864 = CARTESIAN_POINT ( 'NONE',  ( 0.2183142852146310320, 0.1826144129251807413, -0.6000000000000000888 ) ) ;
#6865 = ORIENTED_EDGE ( 'NONE', *, *, #6161, .F. ) ;
#6866 = FILL_AREA_STYLE_COLOUR ( '', #130 ) ;
#6867 = DIRECTION ( 'NONE',  ( 0.04111746171125638810, -0.9991543195835282942, 0.0000000000000000000 ) ) ;
#6868 = VERTEX_POINT ( 'NONE', #1124 ) ;
#6869 = DIRECTION ( 'NONE',  ( 1.000000000000000000, 0.0000000000000000000, 0.0000000000000000000 ) ) ;
#6870 = CARTESIAN_POINT ( 'NONE',  ( -0.2289032005073166343, -0.1207366136688922814, -0.5989999999999999769 ) ) ;
#6871 = CARTESIAN_POINT ( 'NONE',  ( -1.270016866663922661, -0.7200168666639226167, -0.5999999999999999778 ) ) ;
#6872 = SURFACE_STYLE_USAGE ( .BOTH. , #404 ) ;
#6873 = SURFACE_SIDE_STYLE ('',( #550 ) ) ;
#6874 = LINE ( 'NONE', #6061, #4739 ) ;
#6875 = B_SPLINE_SURFACE_WITH_KNOTS ( 'NONE', 3, 1, ( 
 ( #540, #5259 ),
 ( #5763, #1040 ),
 ( #2850, #6978 ),
 ( #6421, #2828 ),
 ( #4026, #6956 ),
 ( #1708, #3485 ),
 ( #4654, #6933 ),
 ( #1126, #3378 ),
 ( #2879, #4082 ),
 ( #7004, #3458 ),
 ( #3976, #464 ) ),
 .UNSPECIFIED., .F., .F., .F.,
 ( 4, 1, 1, 1, 1, 1, 1, 1, 4 ),
 ( 2, 2 ),
 ( 0.0000000000000000000, 0.1352946047634291660, 0.2667656579247484339, 0.3948160188358724176, 0.5200516544342456138, 0.6421757029708218267, 0.7626518205584231769, 0.8818340043805016348, 1.000000000000000000 ),
 ( 0.0000000000000000000, 1.000000000000000000 ),
 .UNSPECIFIED. ) ;
#6876 = CARTESIAN_POINT ( 'NONE',  ( -1.636651040861870854, -0.2750000000000000222, -0.5408715574274765014 ) ) ;
#6877 = STYLED_ITEM ( 'NONE', ( #6934 ), #3518 ) ;
#6878 = EDGE_CURVE ( 'NONE', #2415, #3451, #350, .T. ) ;
#6879 = CARTESIAN_POINT ( 'NONE',  ( 1.646612987842787978, 0.2750000000000000222, -0.5499999999999999334 ) ) ;
#6880 = PRESENTATION_STYLE_ASSIGNMENT (( #3728 ) ) ;
#6881 = CARTESIAN_POINT ( 'NONE',  ( 0.5501549864341431784, 0.1789558763398149122, -0.5989999999999999769 ) ) ;
#6882 = EDGE_LOOP ( 'NONE', ( #3381, #1743, #5882, #2561 ) ) ;
#6883 = CARTESIAN_POINT ( 'NONE',  ( -0.2149936416146371876, 0.1789558763398149122, -0.5989999999999999769 ) ) ;
#6884 = CARTESIAN_POINT ( 'NONE',  ( 1.320114159057246495, 0.8000000000000002665, 0.0000000000000000000 ) ) ;
#6885 = COLOUR_RGB ( '',0.2509803921568627416, 0.2509803921568627416, 0.2509803921568627416 ) ;
#6886 = COLOUR_RGB ( '',0.2509803921568627416, 0.2509803921568627416, 0.2509803921568627416 ) ;
#6887 = CARTESIAN_POINT ( 'NONE',  ( 0.2302616937512164119, -0.1247026602455509336, -0.5989999999999999769 ) ) ;
#6888 = PRESENTATION_LAYER_ASSIGNMENT (  '', '', ( #7525 ) ) ;
#6889 = ADVANCED_FACE ( 'NONE', ( #2939 ), #1997, .T. ) ;
#6890 = CARTESIAN_POINT ( 'NONE',  ( 0.3964964498487773548, -0.08811729439189239232, -0.5989999999999999769 ) ) ;
#6891 = CARTESIAN_POINT ( 'NONE',  ( 0.2247167242390212538, -0.09177583097725826311, -0.5999999999999999778 ) ) ;
#6892 =( NAMED_UNIT ( * ) SI_UNIT ( $, .STERADIAN. ) SOLID_ANGLE_UNIT ( ) );
#6893 = VECTOR ( 'NONE', #6044, 1000.000000000000000 ) ;
#6894 = CARTESIAN_POINT ( 'NONE',  ( 0.0000000000000000000, 0.0000000000000000000, -0.5989999999999999769 ) ) ;
#6895 = SPHERICAL_SURFACE ( 'NONE', #4731, 0.02999999999999999889 ) ;
#6896 = UNCERTAINTY_MEASURE_WITH_UNIT (LENGTH_MEASURE( 1.000000000000000082E-05 ), #4201, 'distance_accuracy_value', 'NONE');
#6897 =( LENGTH_UNIT ( ) NAMED_UNIT ( * ) SI_UNIT ( .MILLI., .METRE. ) );
#6898 = LINE ( 'NONE', #1669, #3561 ) ;
#6899 = VECTOR ( 'NONE', #7138, 1000.000000000000000 ) ;
#6900 = CARTESIAN_POINT ( 'NONE',  ( 0.3317762079611288328, 0.01200789825754761120, 0.5999999999999999778 ) ) ;
#6901 =( LENGTH_UNIT ( ) NAMED_UNIT ( * ) SI_UNIT ( .MILLI., .METRE. ) );
#6902 = DIRECTION ( 'NONE',  ( 0.0000000000000000000, -0.0000000000000000000, 1.000000000000000000 ) ) ;
#6903 = CARTESIAN_POINT ( 'NONE',  ( -0.3658041971656182390, 0.07896677015178715786, -0.5989999999999999769 ) ) ;
#6904 = CARTESIAN_POINT ( 'NONE',  ( 0.4350534373154206769, 0.2147283821527764813, 0.5989999999999999769 ) ) ;
#6905 = ORIENTED_EDGE ( 'NONE', *, *, #234, .F. ) ;
#6906 = SURFACE_STYLE_USAGE ( .BOTH. , #4028 ) ;
#6907 = DIRECTION ( 'NONE',  ( -0.0000000000000000000, -0.0000000000000000000, -1.000000000000000000 ) ) ;
#6908 = DIRECTION ( 'NONE',  ( -0.0000000000000000000, 0.0000000000000000000, -1.000000000000000000 ) ) ;
#6909 = STYLED_ITEM ( 'NONE', ( #7630 ), #1392 ) ;
#6910 = SURFACE_STYLE_USAGE ( .BOTH. , #6267 ) ;
#6911 = FILL_AREA_STYLE_COLOUR ( '', #644 ) ;
#6912 = LINE ( 'NONE', #969, #4691 ) ;
#6913 = ORIENTED_EDGE ( 'NONE', *, *, #6010, .T. ) ;
#6914 = COLOUR_RGB ( '',1.000000000000000000, 1.000000000000000000, 1.000000000000000000 ) ;
#6915 = ORIENTED_EDGE ( 'NONE', *, *, #4569, .T. ) ;
#6916 = SURFACE_STYLE_USAGE ( .BOTH. , #3366 ) ;
#6917 = FILL_AREA_STYLE_COLOUR ( '', #2835 ) ;
#6918 = ORIENTED_EDGE ( 'NONE', *, *, #3455, .T. ) ;
#6919 = SURFACE_STYLE_FILL_AREA ( #1770 ) ;
#6920 = PLANE ( 'NONE',  #6289 ) ;
#6921 = CARTESIAN_POINT ( 'NONE',  ( -1.439556570772598798, 0.2750000000000000222, -0.009128442572523463167 ) ) ;
#6922 = VERTEX_POINT ( 'NONE', #5340 ) ;
#6923 = CARTESIAN_POINT ( 'NONE',  ( -0.3468317615332924264, -0.05645377701572915075, -0.5989999999999996438 ) ) ;
#6925 = PRESENTATION_LAYER_ASSIGNMENT (  '', '', ( #6528 ) ) ;
#6924 = CARTESIAN_POINT ( 'NONE',  ( 0.2557796608237884461, -0.1382769979811308003, 0.5999999999999999778 ) ) ;
#6926 = ORIENTED_EDGE ( 'NONE', *, *, #3250, .T. ) ;
#6927 = SURFACE_STYLE_FILL_AREA ( #3271 ) ;
#6928 = CARTESIAN_POINT ( 'NONE',  ( 0.3740808755936816388, -0.005841803054505615746, 0.5989999999999998659 ) ) ;
#6929 = SURFACE_STYLE_FILL_AREA ( #1524 ) ;
#6930 = DIRECTION ( 'NONE',  ( -5.330734548809088951E-16, 0.0000000000000000000, -1.000000000000000000 ) ) ;
#6931 = B_SPLINE_SURFACE_WITH_KNOTS ( 'NONE', 3, 1, ( 
 ( #894, #4444 ),
 ( #1388, #6115 ),
 ( #3750, #4347 ),
 ( #4942, #2014 ),
 ( #2594, #6730 ),
 ( #3188, #297 ),
 ( #4393, #870 ),
 ( #5004, #2184 ),
 ( #5088, #925 ),
 ( #4474, #5750 ),
 ( #3393, #5719 ),
 ( #476, #5117 ),
 ( #5058, #2733 ),
 ( #1503, #368 ),
 ( #2766, #1615 ),
 ( #6946, #5670 ),
 ( #1568, #2128 ),
 ( #948, #998 ),
 ( #2160, #6864 ) ),
 .UNSPECIFIED., .F., .F., .F.,
 ( 4, 1, 1, 1, 1, 1, 1, 1, 1, 1, 1, 1, 1, 1, 1, 1, 4 ),
 ( 2, 2 ),
 ( 0.0000000000000000000, 0.07064371857535416133, 0.1382567155089047262, 0.2033641242175800445, 0.2663240938030567717, 0.3279047615429894758, 0.3887377151730921909, 0.4494235281093024725, 0.5108610114593156171, 0.5720793960475146767, 0.6317344287314453632, 0.6911172105788376818, 0.7503600294901704437, 0.8100329005312620900, 0.8713624508287363124, 0.9344271412311533354, 1.000000000000000000 ),
 ( 0.0000000000000000000, 1.000000000000000000 ),
 .UNSPECIFIED. ) ;
#6932 = PLANE ( 'NONE',  #3556 ) ;
#6933 = CARTESIAN_POINT ( 'NONE',  ( 0.1738992878848321655, -0.08442281508491124298, -0.5999999999999999778 ) ) ;
#6934 = PRESENTATION_STYLE_ASSIGNMENT (( #192 ) ) ;
#6935 = FILL_AREA_STYLE ('',( #2883 ) ) ;
#6936 = CARTESIAN_POINT ( 'NONE',  ( 0.2661052448567717277, -0.1411447796363337615, 0.5989999999999998659 ) ) ;
#6937 = B_SPLINE_CURVE_WITH_KNOTS ( 'NONE', 3,
 ( #6164, #2126, #3907, #295, #5003, #1477, #6222, #3256, #4533, #5143, #6887 ),
 .UNSPECIFIED., .F., .F.,
 ( 4, 1, 1, 1, 1, 1, 1, 1, 4 ),
 ( 0.0000000000000000000, 0.1124483899088007527, 0.2265276752126775817, 0.3444019493260279674, 0.4658649724874581732, 0.5916594493521163400, 0.7221684870248873400, 0.8586063875549263535, 1.000000000000000000 ),
 .UNSPECIFIED. ) ;
#6938 = PLANE ( 'NONE',  #32 ) ;
#6939 = ORIENTED_EDGE ( 'NONE', *, *, #5679, .T. ) ;
#6940 = VERTEX_POINT ( 'NONE', #2435 ) ;
#6941 = MECHANICAL_DESIGN_GEOMETRIC_PRESENTATION_REPRESENTATION (  '', ( #993 ), #1245 ) ;
#6942 = LINE ( 'NONE', #384, #1957 ) ;
#6943 = UNCERTAINTY_MEASURE_WITH_UNIT (LENGTH_MEASURE( 1.000000000000000082E-05 ), #3029, 'distance_accuracy_value', 'NONE');
#6944 = ADVANCED_FACE ( 'NONE', ( #2111 ), #2390, .T. ) ;
#6945 = ORIENTED_EDGE ( 'NONE', *, *, #2884, .F. ) ;
#6946 = CARTESIAN_POINT ( 'NONE',  ( 0.2499438813803231962, 0.1801266539902430797, -0.5989999999999998659 ) ) ;
#6947 = CARTESIAN_POINT ( 'NONE',  ( 0.4008448952040371549, -0.06703446416870305347, 0.5989999999999999769 ) ) ;
#6948 = CARTESIAN_POINT ( 'NONE',  ( -0.3272529815310418755, -0.07924420172545508512, -0.5989999999999998659 ) ) ;
#6949 = AXIS2_PLACEMENT_3D ( 'NONE', #431, #7474, #974 ) ;
#6950 = CARTESIAN_POINT ( 'NONE',  ( 0.3973673324704473098, -0.03838878860943743115, 0.5989999999999998659 ) ) ;
#6951 = EDGE_CURVE ( 'NONE', #1878, #862, #7160, .T. ) ;
#6952 = PRESENTATION_STYLE_ASSIGNMENT (( #1340 ) ) ;
#6953 = DIRECTION ( 'NONE',  ( 0.9991543195835282942, 0.04111746171125638810, 0.0000000000000000000 ) ) ;
#6954 =( GEOMETRIC_REPRESENTATION_CONTEXT ( 3 ) GLOBAL_UNCERTAINTY_ASSIGNED_CONTEXT ( ( #1077 ) ) GLOBAL_UNIT_ASSIGNED_CONTEXT ( ( #2736, #1505, #6226 ) ) REPRESENTATION_CONTEXT ( 'NONE', 'WORKASPACE' ) );
#6955 = CARTESIAN_POINT ( 'NONE',  ( -1.049872501134293756, -0.7200168666639227277, 0.5699999999999999512 ) ) ;
#6956 = CARTESIAN_POINT ( 'NONE',  ( 0.1932145913342179777, -0.08922363035649405472, -0.6000000000000001998 ) ) ;
#6957 = LINE ( 'NONE', #7352, #5473 ) ;
#6958 = CARTESIAN_POINT ( 'NONE',  ( -0.3658016338234909015, -0.01561326585227370591, -0.5989999999999999769 ) ) ;
#6959 = FACE_OUTER_BOUND ( 'NONE', #7052, .T. ) ;
#6960 = FILL_AREA_STYLE_COLOUR ( '', #2239 ) ;
#6961 = CARTESIAN_POINT ( 'NONE',  ( 0.3804940214392182884, -0.01121388485143929963, 0.5989999999999999769 ) ) ;
#6962 = EDGE_CURVE ( 'NONE', #5813, #7342, #5437, .T. ) ;
#6963 = EDGE_LOOP ( 'NONE', ( #1751, #49, #937, #3364 ) ) ;
#6964 = DIRECTION ( 'NONE',  ( 0.0000000000000000000, 1.000000000000000000, 0.0000000000000000000 ) ) ;
#6965 = DIRECTION ( 'NONE',  ( 0.3635424856527063597, 0.9315776194850602376, 0.0000000000000000000 ) ) ;
#6966 = CYLINDRICAL_SURFACE ( 'NONE', #4152, 0.03000000000000002665 ) ;
#6967 = ORIENTED_EDGE ( 'NONE', *, *, #6717, .F. ) ;
#6968 = FILL_AREA_STYLE ('',( #6221 ) ) ;
#6969 = DIRECTION ( 'NONE',  ( -1.000000000000000000, 0.0000000000000000000, 0.0000000000000000000 ) ) ;
#6970 = CARTESIAN_POINT ( 'NONE',  ( 0.2285707267423864042, -0.09167650155209325358, -0.5999999999999999778 ) ) ;
#6971 = CARTESIAN_POINT ( 'NONE',  ( 1.636651040861870854, 0.2750000000000000222, -0.5408715574274765014 ) ) ;
#6972 = VERTEX_POINT ( 'NONE', #4180 ) ;
#6973 = VERTEX_POINT ( 'NONE', #5969 ) ;
#6974 = SURFACE_STYLE_USAGE ( .BOTH. , #3993 ) ;
#6975 =( NAMED_UNIT ( * ) SI_UNIT ( $, .STERADIAN. ) SOLID_ANGLE_UNIT ( ) );
#6976 = DIRECTION ( 'NONE',  ( -0.9961946980917454342, 0.0000000000000000000, 0.08715574274765894303 ) ) ;
#6977 = SURFACE_SIDE_STYLE ('',( #2013 ) ) ;
#6978 = CARTESIAN_POINT ( 'NONE',  ( 0.2139512245210665742, -0.09163448863566066305, -0.5999999999999998668 ) ) ;
#6979 =( GEOMETRIC_REPRESENTATION_CONTEXT ( 3 ) GLOBAL_UNCERTAINTY_ASSIGNED_CONTEXT ( ( #5722 ) ) GLOBAL_UNIT_ASSIGNED_CONTEXT ( ( #972, #2770, #6892 ) ) REPRESENTATION_CONTEXT ( 'NONE', 'WORKASPACE' ) );
#6981 = EDGE_CURVE ( 'NONE', #23, #509, #5325, .T. ) ;
#6980 = COLOUR_RGB ( '',0.5019607843137254832, 0.5019607843137254832, 0.5019607843137254832 ) ;
#6982 = MECHANICAL_DESIGN_GEOMETRIC_PRESENTATION_REPRESENTATION (  '', ( #4193 ), #5157 ) ;
#6983 = CARTESIAN_POINT ( 'NONE',  ( -0.3156732360605929988, -0.08900187097003554870, -0.6000000000000001998 ) ) ;
#6984 = EDGE_CURVE ( 'NONE', #2558, #296, #165, .T. ) ;
#6985 = DIRECTION ( 'NONE',  ( -0.0000000000000000000, -0.0000000000000000000, -1.000000000000000000 ) ) ;
#6986 = SURFACE_SIDE_STYLE ('',( #344 ) ) ;
#6987 = PRESENTATION_LAYER_ASSIGNMENT (  '', '', ( #362 ) ) ;
#6988 = CARTESIAN_POINT ( 'NONE',  ( 0.5501549864341431784, -0.1210441236601850767, -0.5999999999999999778 ) ) ;
#6989 = DIRECTION ( 'NONE',  ( -0.0000000000000000000, -1.000000000000000000, -0.0000000000000000000 ) ) ;
#6990 = CARTESIAN_POINT ( 'NONE',  ( -0.5273570589519405161, 0.1400642982948582527, -0.5989999999999999769 ) ) ;
#6991 = LINE ( 'NONE', #3600, #5423 ) ;
#6992 = ORIENTED_EDGE ( 'NONE', *, *, #4486, .T. ) ;
#6993 = VECTOR ( 'NONE', #545, 1000.000000000000000 ) ;
#6994 = AXIS2_PLACEMENT_3D ( 'NONE', #2809, #5103, #352 ) ;
#6995 = CARTESIAN_POINT ( 'NONE',  ( 0.5099110839951188634, 0.1789558763398149122, -0.5989999999999999769 ) ) ;
#6996 = CARTESIAN_POINT ( 'NONE',  ( 0.3153423268037800486, -0.1900563140117826066, 0.5989999999999999769 ) ) ;
#6997 = EDGE_CURVE ( 'NONE', #5362, #2665, #3096, .T. ) ;
#6998 = SURFACE_STYLE_FILL_AREA ( #2328 ) ;
#6999 = CARTESIAN_POINT ( 'NONE',  ( 0.3906082371876148929, -0.02378635000347199824, 0.6000000000000000888 ) ) ;
#7000 = LINE ( 'NONE', #4870, #1186 ) ;
#7001 = ORIENTED_EDGE ( 'NONE', *, *, #6462, .F. ) ;
#7002 = MECHANICAL_DESIGN_GEOMETRIC_PRESENTATION_REPRESENTATION (  '', ( #3429 ), #6600 ) ;
#7003 =( NAMED_UNIT ( * ) SI_UNIT ( $, .STERADIAN. ) SOLID_ANGLE_UNIT ( ) );
#7004 = CARTESIAN_POINT ( 'NONE',  ( 0.1504736610825502807, -0.07412178015749880389, -0.5989999999999999769 ) ) ;
#7005 = CARTESIAN_POINT ( 'NONE',  ( -0.1303328184439055681, 0.1789558763398149122, -0.5999999999999999778 ) ) ;
#7006 = CARTESIAN_POINT ( 'NONE',  ( 0.1765168519495669830, 0.1708259431283862262, 0.5989999999999999769 ) ) ;
#7007 = LINE ( 'NONE', #7339, #3292 ) ;
#7008 = CARTESIAN_POINT ( 'NONE',  ( 0.3993688028638024967, -0.04649693596290322556, 0.5989999999999998659 ) ) ;
#7009 = CARTESIAN_POINT ( 'NONE',  ( -0.3239711646951853874, -0.01857970837052773730, -0.5989999999999998659 ) ) ;
#7010 =( GEOMETRIC_REPRESENTATION_CONTEXT ( 3 ) GLOBAL_UNCERTAINTY_ASSIGNED_CONTEXT ( ( #1874 ) ) GLOBAL_UNIT_ASSIGNED_CONTEXT ( ( #7619, #2813, #5796 ) ) REPRESENTATION_CONTEXT ( 'NONE', 'WORKASPACE' ) );
#7011 = AXIS2_PLACEMENT_3D ( 'NONE', #3070, #2526, #4269 ) ;
#7012 = ORIENTED_EDGE ( 'NONE', *, *, #3868, .T. ) ;
#7013 = CARTESIAN_POINT ( 'NONE',  ( -0.2119067513707348360, -0.1210441236601850767, -0.5999999999999999778 ) ) ;
#7014 = ADVANCED_FACE ( 'NONE', ( #5426 ), #3696, .T. ) ;
#7015 = PLANE ( 'NONE',  #3983 ) ;
#7016 = ORIENTED_EDGE ( 'NONE', *, *, #1581, .T. ) ;
#7017 = FILL_AREA_STYLE ('',( #4 ) ) ;
#7018 = LINE ( 'NONE', #6879, #3850 ) ;
#7019 = FILL_AREA_STYLE ('',( #4640 ) ) ;
#7020 = EDGE_LOOP ( 'NONE', ( #317, #4184, #3618, #373 ) ) ;
#7021 = VECTOR ( 'NONE', #5031, 1000.000000000000000 ) ;
#7022 = EDGE_LOOP ( 'NONE', ( #6464, #4965, #3255, #2593 ) ) ;
#7023 = DIRECTION ( 'NONE',  ( -0.0000000000000000000, -0.0000000000000000000, -1.000000000000000000 ) ) ;
#7024 = VECTOR ( 'NONE', #6612, 999.9999999999998863 ) ;
#7025 = DIRECTION ( 'NONE',  ( -0.0000000000000000000, -0.0000000000000000000, -1.000000000000000000 ) ) ;
#7027 = AXIS2_PLACEMENT_3D ( 'NONE', #6570, #95, #3631 ) ;
#7026 = CARTESIAN_POINT ( 'NONE',  ( 0.4008532078482699434, -0.06097715776141362370, 0.6000000000000000888 ) ) ;
#7028 = ORIENTED_EDGE ( 'NONE', *, *, #6396, .F. ) ;
#7029 = PLANE ( 'NONE',  #5352 ) ;
#7030 = EDGE_CURVE ( 'NONE', #2407, #907, #3645, .T. ) ;
#7031 = CARTESIAN_POINT ( 'NONE',  ( -0.1064099773187257153, 0.2147283821527764813, 0.5999999999999999778 ) ) ;
#7032 =( NAMED_UNIT ( * ) PLANE_ANGLE_UNIT ( ) SI_UNIT ( $, .RADIAN. ) );
#7033 = ORIENTED_EDGE ( 'NONE', *, *, #2610, .F. ) ;
#7034 = CARTESIAN_POINT ( 'NONE',  ( -0.2759120994598078247, -0.1107813686305701706, -0.5999999999999999778 ) ) ;
#7035 = DIRECTION ( 'NONE',  ( 0.08715574274765836016, -0.0000000000000000000, -0.9961946980917455452 ) ) ;
#7036 = CARTESIAN_POINT ( 'NONE',  ( -0.5474059891756128948, 0.1789558763398149122, -0.5999999999999999778 ) ) ;
#7037 = SURFACE_STYLE_USAGE ( .BOTH. , #5817 ) ;
#7038 = B_SPLINE_CURVE_WITH_KNOTS ( 'NONE', 3,
 ( #879, #6127, #4375, #6074, #6714, #4954, #1429, #855, #1348, #5487, #6768, #6101, #5569, #4925, #1952, #3121, #7244, #200, #1448 ),
 .UNSPECIFIED., .F., .F.,
 ( 4, 1, 1, 1, 1, 1, 1, 1, 1, 1, 1, 1, 1, 1, 1, 1, 4 ),
 ( 0.0000000000000000000, 0.06863117867660141480, 0.1345664660386773348, 0.1983281540108811636, 0.2607897666408452997, 0.3219991514841584190, 0.3827217465030194332, 0.4435374740357287404, 0.5051334294849250117, 0.5662138747646718873, 0.6261058646175455822, 0.6853493221605165830, 0.7449958703477972399, 0.8054158418145626053, 0.8676362663459531444, 0.9323077823023293575, 1.000000000000000000 ),
 .UNSPECIFIED. ) ;
#7039 = UNCERTAINTY_MEASURE_WITH_UNIT (LENGTH_MEASURE( 1.000000000000000082E-05 ), #4491, 'distance_accuracy_value', 'NONE');
#7040 = DIRECTION ( 'NONE',  ( -1.000000000000000000, -0.0000000000000000000, -0.0000000000000000000 ) ) ;
#7041 = CARTESIAN_POINT ( 'NONE',  ( -0.3297760406689966284, 0.05835370419489584876, -0.5989999999999997549 ) ) ;
#7042 = VERTEX_POINT ( 'NONE', #215 ) ;
#7043 = ORIENTED_EDGE ( 'NONE', *, *, #7586, .T. ) ;
#7044 = PLANE ( 'NONE',  #2723 ) ;
#7045 = ORIENTED_EDGE ( 'NONE', *, *, #860, .F. ) ;
#7046 = FILL_AREA_STYLE ('',( #5695 ) ) ;
#7047 = CARTESIAN_POINT ( 'NONE',  ( 0.3368319616733806976, -0.1432890251351265076, 0.5989999999999998659 ) ) ;
#7048 =( NAMED_UNIT ( * ) SI_UNIT ( $, .STERADIAN. ) SOLID_ANGLE_UNIT ( ) );
#7049 = DIRECTION ( 'NONE',  ( 1.000000000000000000, 0.0000000000000000000, -0.0000000000000000000 ) ) ;
#7050 = EDGE_CURVE ( 'NONE', #6972, #4621, #3831, .T. ) ;
#7051 = CARTESIAN_POINT ( 'NONE',  ( -0.2995078487507968346, 0.1175397680402132661, -0.5989999999999999769 ) ) ;
#7052 = EDGE_LOOP ( 'NONE', ( #1982, #1847, #5450, #4508 ) ) ;
#7053 = DIRECTION ( 'NONE',  ( -2.710505431213761085E-16, 1.000000000000000000, -0.0000000000000000000 ) ) ;
#7054 = DIRECTION ( 'NONE',  ( 0.3393303772748775815, 0.9406672605435404400, 0.0000000000000000000 ) ) ;
#7055 = EDGE_CURVE ( 'NONE', #2181, #4078, #6257, .T. ) ;
#7056 = VECTOR ( 'NONE', #3758, 1000.000000000000000 ) ;
#7057 = VERTEX_POINT ( 'NONE', #6090 ) ;
#7058 = CARTESIAN_POINT ( 'NONE',  ( -0.3546398794323914472, -0.04374320390874106984, -0.6000000000000000888 ) ) ;
#7059 =( LENGTH_UNIT ( ) NAMED_UNIT ( * ) SI_UNIT ( .MILLI., .METRE. ) );
#7060 = DIRECTION ( 'NONE',  ( -0.9961946980917455452, 0.0000000000000000000, -0.08715574274765805485 ) ) ;
#7061 = COLOUR_RGB ( '',0.5019607843137254832, 0.5019607843137254832, 0.5019607843137254832 ) ;
#7062 = CARTESIAN_POINT ( 'NONE',  ( 0.4007230935216682388, -0.07296408862893064007, 0.5989999999999999769 ) ) ;
#7063 = PRESENTATION_LAYER_ASSIGNMENT (  '', '', ( #5983 ) ) ;
#7064 = CARTESIAN_POINT ( 'NONE',  ( -1.270016866663922661, -0.7499027076066749897, 0.5726146722824297930 ) ) ;
#7065 = CARTESIAN_POINT ( 'NONE',  ( 1.270016866663922439, -0.7200168666639226167, 0.5699999999999999512 ) ) ;
#7066 = DIRECTION ( 'NONE',  ( -0.0000000000000000000, 0.0000000000000000000, 1.000000000000000000 ) ) ;
#7067 = DIRECTION ( 'NONE',  ( 0.0000000000000000000, 0.0000000000000000000, -1.000000000000000000 ) ) ;
#7068 = FACE_OUTER_BOUND ( 'NONE', #6287, .T. ) ;
#7069 = FILL_AREA_STYLE ('',( #7585 ) ) ;
#7070 = DIRECTION ( 'NONE',  ( -0.08682659386424836090, -0.08682659386424836090, -0.9924325091389670783 ) ) ;
#7071 = CARTESIAN_POINT ( 'NONE',  ( -0.2190939305741301246, 0.1459411488207938978, -0.5989999999999999769 ) ) ;
#7072 = UNCERTAINTY_MEASURE_WITH_UNIT (LENGTH_MEASURE( 1.000000000000000082E-05 ), #3363, 'distance_accuracy_value', 'NONE');
#7073 = STYLED_ITEM ( 'NONE', ( #1456 ), #3887 ) ;
#7074 = SURFACE_STYLE_FILL_AREA ( #3474 ) ;
#7075 = FACE_OUTER_BOUND ( 'NONE', #4212, .T. ) ;
#7076 = MECHANICAL_DESIGN_GEOMETRIC_PRESENTATION_REPRESENTATION (  '', ( #5949 ), #5113 ) ;
#7077 = B_SPLINE_CURVE_WITH_KNOTS ( 'NONE', 3,
 ( #4556, #5171, #1081, #2312, #2864, #6990, #2892 ),
 .UNSPECIFIED., .F., .F.,
 ( 4, 1, 1, 1, 4 ),
 ( 0.0000000000000000000, 0.1744817153170511170, 0.3982857591281124821, 0.6738978473986669826, 1.000000000000000000 ),
 .UNSPECIFIED. ) ;
#7078 = CARTESIAN_POINT ( 'NONE',  ( -0.2289032005073166343, -0.1207366136688922814, -0.5999999999999999778 ) ) ;
#7079 = CARTESIAN_POINT ( 'NONE',  ( 0.2179712974097529898, 0.1496875836568880846, -0.5989999999999999769 ) ) ;
#7080 = CARTESIAN_POINT ( 'NONE',  ( -0.3272842451551620790, 0.07043979673564244870, -0.5989999999999999769 ) ) ;
#7081 = VERTEX_POINT ( 'NONE', #3063 ) ;
#7082 = FACE_OUTER_BOUND ( 'NONE', #5317, .T. ) ;
#7083 = EDGE_LOOP ( 'NONE', ( #4426, #5947, #5209, #5948 ) ) ;
#7084 = STYLED_ITEM ( 'NONE', ( #4044 ), #6656 ) ;
#7085 = CARTESIAN_POINT ( 'NONE',  ( 0.4493524628299465640, -0.1011820040714032365, 0.5989999999999999769 ) ) ;
#7086 = VERTEX_POINT ( 'NONE', #4822 ) ;
#7087 = LINE ( 'NONE', #3630, #2944 ) ;
#7088 = DIRECTION ( 'NONE',  ( -0.0000000000000000000, -1.000000000000000000, -0.0000000000000000000 ) ) ;
#7089 = CARTESIAN_POINT ( 'NONE',  ( 0.08917937667804562429, 0.1789558763398149122, -0.5989999999999999769 ) ) ;
#7090 = EDGE_CURVE ( 'NONE', #6345, #6972, #5160, .T. ) ;
#7091 = STYLED_ITEM ( 'NONE', ( #3764 ), #849 ) ;
#7092 = CARTESIAN_POINT ( 'NONE',  ( 0.5501549864341431784, -0.1210441236601850767, -0.5989999999999999769 ) ) ;
#7093 = ORIENTED_EDGE ( 'NONE', *, *, #3596, .T. ) ;
#7094 = SURFACE_STYLE_FILL_AREA ( #5272 ) ;
#7095 = STYLED_ITEM ( 'NONE', ( #6746 ), #450 ) ;
#7096 = CARTESIAN_POINT ( 'NONE',  ( -0.2821195429627213480, 0.1300895291227066597, -0.6000000000000001998 ) ) ;
#7097 = VERTEX_POINT ( 'NONE', #4886 ) ;
#7098 = ORIENTED_EDGE ( 'NONE', *, *, #3952, .T. ) ;
#7099 = CARTESIAN_POINT ( 'NONE',  ( -0.2759120994598078247, -0.1107813686305701706, -0.5989999999999999769 ) ) ;
#7100 = FILL_AREA_STYLE_COLOUR ( '', #19 ) ;
#7101 = AXIS2_PLACEMENT_3D ( 'NONE', #1558, #388, #3928 ) ;
#7102 = SURFACE_STYLE_FILL_AREA ( #6365 ) ;
#7103 = SURFACE_STYLE_USAGE ( .BOTH. , #2983 ) ;
#7104 = CARTESIAN_POINT ( 'NONE',  ( -1.646612987842787978, -0.2750000000000000222, -0.5400000000000000355 ) ) ;
#7105 = EDGE_LOOP ( 'NONE', ( #2446, #844, #4312, #5938, #2152, #1879 ) ) ;
#7106 = ORIENTED_EDGE ( 'NONE', *, *, #4802, .T. ) ;
#7107 = ORIENTED_EDGE ( 'NONE', *, *, #3663, .T. ) ;
#7108 = CARTESIAN_POINT ( 'NONE',  ( 0.4545656324373718582, -0.06072893492039429381, 0.5989999999999999769 ) ) ;
#7109 = UNCERTAINTY_MEASURE_WITH_UNIT (LENGTH_MEASURE( 1.000000000000000082E-05 ), #6334, 'distance_accuracy_value', 'NONE');
#7110 = PRESENTATION_LAYER_ASSIGNMENT (  '', '', ( #6716 ) ) ;
#7111 = EDGE_CURVE ( 'NONE', #2301, #23, #2982, .T. ) ;
#7112 = MECHANICAL_DESIGN_GEOMETRIC_PRESENTATION_REPRESENTATION (  '', ( #6825 ), #7206 ) ;
#7113 = VERTEX_POINT ( 'NONE', #797 ) ;
#7114 = EDGE_CURVE ( 'NONE', #2415, #7342, #2520, .T. ) ;
#7115 = CARTESIAN_POINT ( 'NONE',  ( -0.2190939305741301246, 0.1459411488207938978, -0.5999999999999999778 ) ) ;
#7116 = COLOUR_RGB ( '',1.000000000000000000, 1.000000000000000000, 1.000000000000000000 ) ;
#7117 = UNCERTAINTY_MEASURE_WITH_UNIT (LENGTH_MEASURE( 1.000000000000000082E-05 ), #6482, 'distance_accuracy_value', 'NONE');
#7118 = CARTESIAN_POINT ( 'NONE',  ( -0.2899992319985615352, -0.1048902123466513431, -0.5989999999999999769 ) ) ;
#7119 = DIRECTION ( 'NONE',  ( 0.0000000000000000000, 1.000000000000000000, 0.0000000000000000000 ) ) ;
#7120 = CARTESIAN_POINT ( 'NONE',  ( 0.4525330818594071602, -0.03418543496120347858, 0.5999999999999999778 ) ) ;
#7121 = CARTESIAN_POINT ( 'NONE',  ( 0.2328375384087312261, -0.1784426974702681967, 0.5989999999999999769 ) ) ;
#7122 = CARTESIAN_POINT ( 'NONE',  ( 0.2471833213149078889, -0.08996723509223093773, -0.5989999999999999769 ) ) ;
#7123 = CARTESIAN_POINT ( 'NONE',  ( -1.270016866663923105, 0.7200168666639229498, -0.5699999999999999512 ) ) ;
#7124 = DIRECTION ( 'NONE',  ( 1.000000000000000000, 0.0000000000000000000, 0.0000000000000000000 ) ) ;
#7125 = PRESENTATION_STYLE_ASSIGNMENT (( #392 ) ) ;
#7126 = CARTESIAN_POINT ( 'NONE',  ( -0.06447915990732011604, 0.1789558763398149122, -0.5999999999999999778 ) ) ;
#7127 = VECTOR ( 'NONE', #1419, 1000.000000000000000 ) ;
#7128 = EDGE_LOOP ( 'NONE', ( #61, #3502, #5669 ) ) ;
#7129 = PRESENTATION_LAYER_ASSIGNMENT (  '', '', ( #6364 ) ) ;
#7130 = CARTESIAN_POINT ( 'NONE',  ( 1.487221836148109100, 0.2750000000000000222, -0.5539449188396247115 ) ) ;
#7131 = CARTESIAN_POINT ( 'NONE',  ( 0.2789558763398109487, 0.05710643093326424335, 0.5989999999999999769 ) ) ;
#7132 = ORIENTED_EDGE ( 'NONE', *, *, #5378, .F. ) ;
#7133 = LINE ( 'NONE', #4974, #5587 ) ;
#7134 = STYLED_ITEM ( 'NONE', ( #83 ), #1017 ) ;
#7135 = CARTESIAN_POINT ( 'NONE',  ( 0.4350534373154206769, 0.2147283821527764813, 0.5999999999999999778 ) ) ;
#7136 = VECTOR ( 'NONE', #3682, 1000.000000000000000 ) ;
#7137 = ORIENTED_EDGE ( 'NONE', *, *, #791, .F. ) ;
#7138 = DIRECTION ( 'NONE',  ( 1.000000000000000000, 0.0000000000000000000, 1.224646799147352961E-16 ) ) ;
#7139 = ORIENTED_EDGE ( 'NONE', *, *, #2990, .T. ) ;
#7140 = SURFACE_STYLE_USAGE ( .BOTH. , #3589 ) ;
#7141 = CARTESIAN_POINT ( 'NONE',  ( 0.3303365797281164751, 0.03941210477191798428, -0.5999999999999999778 ) ) ;
#7142 =( NAMED_UNIT ( * ) SI_UNIT ( $, .STERADIAN. ) SOLID_ANGLE_UNIT ( ) );
#7143 = CARTESIAN_POINT ( 'NONE',  ( -0.3937474525902470157, -0.1210441236601850767, -0.5989999999999999769 ) ) ;
#7144 = CARTESIAN_POINT ( 'NONE',  ( 0.2183142852146310320, 0.1826144129251807413, -0.5999999999999999778 ) ) ;
#7145 = AXIS2_PLACEMENT_3D ( 'NONE', #3675, #1782, #4243 ) ;
#7146 = SURFACE_SIDE_STYLE ('',( #6308 ) ) ;
#7147 = EDGE_CURVE ( 'NONE', #2135, #7605, #6616, .T. ) ;
#7148 = UNCERTAINTY_MEASURE_WITH_UNIT (LENGTH_MEASURE( 1.000000000000000082E-05 ), #6711, 'distance_accuracy_value', 'NONE');
#7149 = SURFACE_STYLE_FILL_AREA ( #5631 ) ;
#7150 = CIRCLE ( 'NONE', #4994, 0.02999999999999997113 ) ;
#7151 = PRESENTATION_STYLE_ASSIGNMENT (( #2941 ) ) ;
#7152 = DIRECTION ( 'NONE',  ( -0.0000000000000000000, 1.000000000000000000, 0.0000000000000000000 ) ) ;
#7153 = CARTESIAN_POINT ( 'NONE',  ( 0.2301753885349328843, 0.01137472361619106150, 0.5989999999999999769 ) ) ;
#7154 = LINE ( 'NONE', #576, #3743 ) ;
#7155 = SURFACE_SIDE_STYLE ('',( #647 ) ) ;
#7156 = PRODUCT_DEFINITION_FORMATION_WITH_SPECIFIED_SOURCE ( '�κ�', '', #1007, .NOT_KNOWN. ) ;
#7157 = LINE ( 'NONE', #4190, #6064 ) ;
#7158 = CARTESIAN_POINT ( 'NONE',  ( 0.2857487383680733517, -0.07408449617660170516, -0.5999999999999998668 ) ) ;
#7159 = ORIENTED_EDGE ( 'NONE', *, *, #864, .F. ) ;
#7160 = LINE ( 'NONE', #43, #6262 ) ;
#7161 = CARTESIAN_POINT ( 'NONE',  ( 0.2277391509579775597, -0.1757934782394190987, 0.6000000000000000888 ) ) ;
#7162 = PRESENTATION_LAYER_ASSIGNMENT (  '', '', ( #5608 ) ) ;
#7163 = CARTESIAN_POINT ( 'NONE',  ( -1.850000000000000089, 0.2750000000000000222, -0.6999999999999999556 ) ) ;
#7164 = ORIENTED_EDGE ( 'NONE', *, *, #461, .T. ) ;
#7165 = CARTESIAN_POINT ( 'NONE',  ( -0.5315713855170761670, 0.1213339251203026936, -0.5989999999999999769 ) ) ;
#7166 = ORIENTED_EDGE ( 'NONE', *, *, #5127, .F. ) ;
#7167 = VECTOR ( 'NONE', #1248, 1000.000000000000000 ) ;
#7168 = LINE ( 'NONE', #1502, #5635 ) ;
#7169 =( LENGTH_UNIT ( ) NAMED_UNIT ( * ) SI_UNIT ( .MILLI., .METRE. ) );
#7170 = EDGE_LOOP ( 'NONE', ( #3436, #3418, #4071, #7043 ) ) ;
#7171 = VECTOR ( 'NONE', #7497, 1000.000000000000000 ) ;
#7172 = COLOUR_RGB ( '',1.000000000000000000, 1.000000000000000000, 1.000000000000000000 ) ;
#7173 = EDGE_CURVE ( 'NONE', #1005, #4224, #7150, .T. ) ;
#7174 = SURFACE_STYLE_FILL_AREA ( #5217 ) ;
#7175 = AXIS2_PLACEMENT_3D ( 'NONE', #4456, #7481, #3326 ) ;
#7176 = PRESENTATION_STYLE_ASSIGNMENT (( #1366 ) ) ;
#7177 = ORIENTED_EDGE ( 'NONE', *, *, #2580, .T. ) ;
#7178 = EDGE_CURVE ( 'NONE', #5491, #4704, #5617, .T. ) ;
#7179 = CARTESIAN_POINT ( 'NONE',  ( -1.049872501134293756, 1.015288465802815843, 0.5999999999999999778 ) ) ;
#7180 = PRESENTATION_STYLE_ASSIGNMENT (( #3348 ) ) ;
#7181 =( NAMED_UNIT ( * ) SI_UNIT ( $, .STERADIAN. ) SOLID_ANGLE_UNIT ( ) );
#7182 = FILL_AREA_STYLE ('',( #5502 ) ) ;
#7183 = VERTEX_POINT ( 'NONE', #338 ) ;
#7184 = CARTESIAN_POINT ( 'NONE',  ( 0.3159985592666401666, 0.05863082117716669067, 0.5999999999999999778 ) ) ;
#7185 = ORIENTED_EDGE ( 'NONE', *, *, #2221, .T. ) ;
#7186 = CARTESIAN_POINT ( 'NONE',  ( 0.3143829055214955037, -0.04283609918241855496, -0.5989999999999998659 ) ) ;
#7187 = CARTESIAN_POINT ( 'NONE',  ( 0.3562270431625996214, -0.05001495972617470143, -0.5989999999999999769 ) ) ;
#7188 = DIRECTION ( 'NONE',  ( 0.0000000000000000000, -1.000000000000000000, 0.0000000000000000000 ) ) ;
#7189 = COLOUR_RGB ( '',0.5019607843137254832, 0.5019607843137254832, 0.5019607843137254832 ) ;
#7190 = DIRECTION ( 'NONE',  ( 0.0000000000000000000, 1.000000000000000000, 0.0000000000000000000 ) ) ;
#7191 =( NAMED_UNIT ( * ) SI_UNIT ( $, .STERADIAN. ) SOLID_ANGLE_UNIT ( ) );
#7192 = LINE ( 'NONE', #1227, #4882 ) ;
#7193 = FILL_AREA_STYLE ('',( #6545 ) ) ;
#7194 = SURFACE_STYLE_FILL_AREA ( #3587 ) ;
#7195 = CARTESIAN_POINT ( 'NONE',  ( 1.349999999999999867, 0.7701141590572478934, 0.0000000000000000000 ) ) ;
#7196 = DIRECTION ( 'NONE',  ( 0.3536223923290754967, -0.9353882635801357148, 0.0000000000000000000 ) ) ;
#7197 = PRESENTATION_LAYER_ASSIGNMENT (  '', '', ( #4926 ) ) ;
#7198 = ORIENTED_EDGE ( 'NONE', *, *, #1586, .T. ) ;
#7199 = CARTESIAN_POINT ( 'NONE',  ( 0.1549725523089810209, 0.1736697789983465967, -0.5989999999999999769 ) ) ;
#7200 = UNCERTAINTY_MEASURE_WITH_UNIT (LENGTH_MEASURE( 1.000000000000000082E-05 ), #1059, 'distance_accuracy_value', 'NONE');
#7201 = ORIENTED_EDGE ( 'NONE', *, *, #4907, .T. ) ;
#7202 = EDGE_LOOP ( 'NONE', ( #7033, #5555, #3285, #726, #4661, #3062, #4642, #155, #469, #5652, #6290, #4402 ) ) ;
#7203 = SURFACE_STYLE_FILL_AREA ( #2725 ) ;
#7204 = MECHANICAL_DESIGN_GEOMETRIC_PRESENTATION_REPRESENTATION (  '', ( #4550 ), #354 ) ;
#7205 = EDGE_CURVE ( 'NONE', #7113, #868, #2099, .T. ) ;
#7206 =( GEOMETRIC_REPRESENTATION_CONTEXT ( 3 ) GLOBAL_UNCERTAINTY_ASSIGNED_CONTEXT ( ( #6558 ) ) GLOBAL_UNIT_ASSIGNED_CONTEXT ( ( #6280, #6336, #3344 ) ) REPRESENTATION_CONTEXT ( 'NONE', 'WORKASPACE' ) );
#7207 = LINE ( 'NONE', #3252, #594 ) ;
#7208 = CARTESIAN_POINT ( 'NONE',  ( 0.4455941543487577650, -0.01044185949824654250, 0.5989999999999999769 ) ) ;
#7209 = EDGE_CURVE ( 'NONE', #7183, #1457, #5982, .T. ) ;
#7210 = ORIENTED_EDGE ( 'NONE', *, *, #2826, .T. ) ;
#7211 = CARTESIAN_POINT ( 'NONE',  ( 0.3153423268037800486, -0.1900563140117826066, 0.6000000000000000888 ) ) ;
#7212 = CARTESIAN_POINT ( 'NONE',  ( 0.3258459697961020307, -0.1898735511732244086, 0.5989999999999999769 ) ) ;
#7213 = CARTESIAN_POINT ( 'NONE',  ( -0.07179623307805192700, -0.08811729439189239232, -0.5989999999999999769 ) ) ;
#7214 = CARTESIAN_POINT ( 'NONE',  ( 0.2247167242390212538, -0.09177583097725826311, -0.5989999999999999769 ) ) ;
#7215 = CARTESIAN_POINT ( 'NONE',  ( 0.2746063122098372777, -0.1192590542237073198, -0.5990000000000001990 ) ) ;
#7216 =( LENGTH_UNIT ( ) NAMED_UNIT ( * ) SI_UNIT ( .MILLI., .METRE. ) );
#7217 = FILL_AREA_STYLE ('',( #7594 ) ) ;
#7218 = CARTESIAN_POINT ( 'NONE',  ( -0.2131643733219542591, -0.08811729439189239232, -0.5999999999999999778 ) ) ;
#7219 = DIRECTION ( 'NONE',  ( 0.0000000000000000000, -1.000000000000000000, 0.0000000000000000000 ) ) ;
#7220 = CARTESIAN_POINT ( 'NONE',  ( 0.2632881888577293661, 0.1415428249743520828, -0.5999999999999999778 ) ) ;
#7221 = FILL_AREA_STYLE_COLOUR ( '', #1911 ) ;
#7222 = DIRECTION ( 'NONE',  ( -0.08682659386424781967, 0.08682659386424779191, -0.9924325091389671893 ) ) ;
#7223 = EDGE_CURVE ( 'NONE', #2474, #7445, #3567, .T. ) ;
#7224 = ORIENTED_EDGE ( 'NONE', *, *, #1196, .F. ) ;
#7225 = STYLED_ITEM ( 'NONE', ( #6548 ), #997 ) ;
#7226 = DIRECTION ( 'NONE',  ( -0.0000000000000000000, 0.0000000000000000000, -1.000000000000000000 ) ) ;
#7227 = AXIS2_PLACEMENT_3D ( 'NONE', #2503, #2480, #112 ) ;
#7228 = DIRECTION ( 'NONE',  ( 1.000000000000000000, 0.0000000000000000000, 0.0000000000000000000 ) ) ;
#7229 = FILL_AREA_STYLE ('',( #2222 ) ) ;
#7230 = CARTESIAN_POINT ( 'NONE',  ( 0.2302616937512164119, -0.1247026602455509336, -0.5989999999999999769 ) ) ;
#7231 = PRESENTATION_LAYER_ASSIGNMENT (  '', '', ( #1855 ) ) ;
#7232 = CARTESIAN_POINT ( 'NONE',  ( 0.4545656324373718582, -0.06072893492039429381, 0.5999999999999999778 ) ) ;
#7233 = CARTESIAN_POINT ( 'NONE',  ( -0.5071620867365884688, 0.1789558763398149122, -0.5989999999999999769 ) ) ;
#7234 = STYLED_ITEM ( 'NONE', ( #5819 ), #4256 ) ;
#7235 = COLOUR_RGB ( '',1.000000000000000000, 1.000000000000000000, 1.000000000000000000 ) ;
#7236 = VECTOR ( 'NONE', #34, 1000.000000000000000 ) ;
#7237 = PLANE ( 'NONE',  #6463 ) ;
#7238 = CARTESIAN_POINT ( 'NONE',  ( 0.3417872544925598666, -0.07370638645964558422, -0.6000000000000001998 ) ) ;
#7239 = CARTESIAN_POINT ( 'NONE',  ( -0.5902223001512224565, -0.03689778219677045806, -0.5989999999999999769 ) ) ;
#7240 = DIRECTION ( 'NONE',  ( 0.0000000000000000000, 1.000000000000000000, 0.0000000000000000000 ) ) ;
#7241 = CARTESIAN_POINT ( 'NONE',  ( 0.2825463151973858222, 0.1309414736771606635, -0.5999999999999999778 ) ) ;
#7242 = CIRCLE ( 'NONE', #1433, 0.03000000000000003011 ) ;
#7243 = LINE ( 'NONE', #1450, #624 ) ;
#7244 = CARTESIAN_POINT ( 'NONE',  ( -0.3714423257215458407, 0.04880034244156434414, -0.5999999999999999778 ) ) ;
#7245 = PRESENTATION_STYLE_ASSIGNMENT (( #1720 ) ) ;
#7246 = CARTESIAN_POINT ( 'NONE',  ( 0.1980268546824844045, 0.1819284767953565085, -0.5989999999999999769 ) ) ;
#7247 = UNCERTAINTY_MEASURE_WITH_UNIT (LENGTH_MEASURE( 1.000000000000000082E-05 ), #4995, 'distance_accuracy_value', 'NONE');
#7248 =( GEOMETRIC_REPRESENTATION_CONTEXT ( 3 ) GLOBAL_UNCERTAINTY_ASSIGNED_CONTEXT ( ( #7394 ) ) GLOBAL_UNIT_ASSIGNED_CONTEXT ( ( #1185, #4685, #2937 ) ) REPRESENTATION_CONTEXT ( 'NONE', 'WORKASPACE' ) );
#7249 = SURFACE_STYLE_USAGE ( .BOTH. , #6132 ) ;
#7250 = FACE_OUTER_BOUND ( 'NONE', #1134, .T. ) ;
#7251 = ORIENTED_EDGE ( 'NONE', *, *, #1009, .F. ) ;
#7252 = CARTESIAN_POINT ( 'NONE',  ( 0.3941029938356465645, -0.1703200000235737810, 0.5990000000000003100 ) ) ;
#7253 = PLANE ( 'NONE',  #3365 ) ;
#7254 = EDGE_CURVE ( 'NONE', #137, #2558, #1903, .T. ) ;
#7255 = CARTESIAN_POINT ( 'NONE',  ( 0.3099772178032255687, -0.1901496666277113778, 0.5989999999999999769 ) ) ;
#7256 = VERTEX_POINT ( 'NONE', #2092 ) ;
#7257 = PLANE ( 'NONE',  #4363 ) ;
#7258 = LINE ( 'NONE', #3311, #5353 ) ;
#7259 = VERTEX_POINT ( 'NONE', #3257 ) ;
#7260 = CARTESIAN_POINT ( 'NONE',  ( 0.2505212098789602049, -0.1842181549615752867, 0.5999999999999999778 ) ) ;
#7261 = CARTESIAN_POINT ( 'NONE',  ( -1.032390010713868378, -0.2750000000000000222, 0.0000000000000000000 ) ) ;
#7262 =( NAMED_UNIT ( * ) SI_UNIT ( $, .STERADIAN. ) SOLID_ANGLE_UNIT ( ) );
#7263 = ORIENTED_EDGE ( 'NONE', *, *, #2784, .T. ) ;
#7264 = CARTESIAN_POINT ( 'NONE',  ( 0.2456536906161726208, -0.1243593743704132504, -0.6000000000000000888 ) ) ;
#7265 =( NAMED_UNIT ( * ) PLANE_ANGLE_UNIT ( ) SI_UNIT ( $, .RADIAN. ) );
#7266 = FACE_OUTER_BOUND ( 'NONE', #5576, .T. ) ;
#7267 = PRESENTATION_LAYER_ASSIGNMENT (  '', '', ( #3660 ) ) ;
#7268 = ORIENTED_EDGE ( 'NONE', *, *, #902, .F. ) ;
#7269 = SURFACE_STYLE_FILL_AREA ( #601 ) ;
#7270 = SURFACE_STYLE_FILL_AREA ( #7388 ) ;
#7271 = SURFACE_SIDE_STYLE ('',( #961 ) ) ;
#7272 = DIRECTION ( 'NONE',  ( -0.08715574274765516827, 0.0000000000000000000, 0.9961946980917458783 ) ) ;
#7273 = CARTESIAN_POINT ( 'NONE',  ( 0.3264516857145297046, 0.06504262219748120633, -0.5999999999999997558 ) ) ;
#7274 =( GEOMETRIC_REPRESENTATION_CONTEXT ( 3 ) GLOBAL_UNCERTAINTY_ASSIGNED_CONTEXT ( ( #3008 ) ) GLOBAL_UNIT_ASSIGNED_CONTEXT ( ( #6590, #4829, #3050 ) ) REPRESENTATION_CONTEXT ( 'NONE', 'WORKASPACE' ) );
#7275 = ORIENTED_EDGE ( 'NONE', *, *, #2430, .T. ) ;
#7276 = CARTESIAN_POINT ( 'NONE',  ( 0.1932145913342179777, -0.08922363035649405472, -0.5990000000000000879 ) ) ;
#7277 = LINE ( 'NONE', #6562, #6086 ) ;
#7278 = VERTEX_POINT ( 'NONE', #824 ) ;
#7279 = DIRECTION ( 'NONE',  ( 2.710505431213761085E-16, -1.000000000000000000, 0.0000000000000000000 ) ) ;
#7280 = PRESENTATION_STYLE_ASSIGNMENT (( #4450 ) ) ;
#7281 = CARTESIAN_POINT ( 'NONE',  ( 0.4080313628011490446, 0.03484191967347366470, 0.5989999999999998659 ) ) ;
#7282 = CARTESIAN_POINT ( 'NONE',  ( -0.5216208492813841913, 0.1227012885223313365, -0.5999999999999998668 ) ) ;
#7283 = AXIS2_PLACEMENT_3D ( 'NONE', #7318, #3810, #7272 ) ;
#7284 = CARTESIAN_POINT ( 'NONE',  ( 0.4326055619945353148, -0.1354931865931091883, 0.5990000000000000879 ) ) ;
#7285 = DIRECTION ( 'NONE',  ( -1.000000000000000000, 0.0000000000000000000, 0.0000000000000000000 ) ) ;
#7286 = DIRECTION ( 'NONE',  ( 0.0000000000000000000, 1.000000000000000000, 0.0000000000000000000 ) ) ;
#7287 = CARTESIAN_POINT ( 'NONE',  ( 0.3562270431625996214, -0.05001495972617470143, -0.5989999999999999769 ) ) ;
#7288 = VERTEX_POINT ( 'NONE', #3220 ) ;
#7289 = SURFACE_STYLE_FILL_AREA ( #2890 ) ;
#7290 = DIRECTION ( 'NONE',  ( -1.000000000000000000, 0.0000000000000000000, 1.224646799147352961E-16 ) ) ;
#7291 = SURFACE_SIDE_STYLE ('',( #2560 ) ) ;
#7292 = CARTESIAN_POINT ( 'NONE',  ( 0.1725292813234560463, 0.1423055209760613338, -0.5999999999999997558 ) ) ;
#7293 = DIRECTION ( 'NONE',  ( 0.0000000000000000000, 1.000000000000000000, 0.0000000000000000000 ) ) ;
#7294 = FILL_AREA_STYLE_COLOUR ( '', #3739 ) ;
#7295 = SURFACE_STYLE_USAGE ( .BOTH. , #6045 ) ;
#7296 = VERTEX_POINT ( 'NONE', #6167 ) ;
#7297 = ORIENTED_EDGE ( 'NONE', *, *, #5013, .T. ) ;
#7298 = SURFACE_STYLE_FILL_AREA ( #6575 ) ;
#7299 = CARTESIAN_POINT ( 'NONE',  ( -0.5226009899721393293, 0.1256570189496610812, -0.5989999999999999769 ) ) ;
#7300 = ADVANCED_FACE ( 'NONE', ( #2465 ), #6931, .T. ) ;
#7301 = UNCERTAINTY_MEASURE_WITH_UNIT (LENGTH_MEASURE( 1.000000000000000082E-05 ), #4860, 'distance_accuracy_value', 'NONE');
#7302 = SURFACE_STYLE_USAGE ( .BOTH. , #3841 ) ;
#7303 = ADVANCED_FACE ( 'NONE', ( #6360 ), #3965, .T. ) ;
#7304 = DIRECTION ( 'NONE',  ( -0.0000000000000000000, 1.000000000000000000, -0.0000000000000000000 ) ) ;
#7305 = VERTEX_POINT ( 'NONE', #6837 ) ;
#7306 = APPLICATION_CONTEXT ( 'automotive_design' ) ;
#7307 = DIRECTION ( 'NONE',  ( -0.0000000000000000000, -0.0000000000000000000, -1.000000000000000000 ) ) ;
#7308 = CARTESIAN_POINT ( 'NONE',  ( 0.4264385577181972198, 0.01923657392120006401, 0.5989999999999999769 ) ) ;
#7309 = PRESENTATION_LAYER_ASSIGNMENT (  '', '', ( #6138 ) ) ;
#7310 = CARTESIAN_POINT ( 'NONE',  ( -1.320114159057247383, -0.7999999999999998224, 0.0000000000000000000 ) ) ;
#7311 = ORIENTED_EDGE ( 'NONE', *, *, #104, .T. ) ;
#7312 = CARTESIAN_POINT ( 'NONE',  ( -0.05716208673658842998, 0.04724855926664416061, -0.5999999999999999778 ) ) ;
#7313 = ORIENTED_EDGE ( 'NONE', *, *, #6581, .T. ) ;
#7314 = DIRECTION ( 'NONE',  ( 1.000000000000000000, -0.0000000000000000000, -0.0000000000000000000 ) ) ;
#7315 = CARTESIAN_POINT ( 'NONE',  ( 0.2179712974097529898, 0.1496875836568880846, -0.5989999999999999769 ) ) ;
#7316 = CARTESIAN_POINT ( 'NONE',  ( -0.5211674221024420461, 0.1213339251203026936, -0.5999999999999999778 ) ) ;
#7317 = LINE ( 'NONE', #116, #5795 ) ;
#7318 = CARTESIAN_POINT ( 'NONE',  ( 1.588985775486360774, 0.2750000000000000222, 0.003944918839624810165 ) ) ;
#7319 = VERTEX_POINT ( 'NONE', #4558 ) ;
#7320 = PRESENTATION_LAYER_ASSIGNMENT (  '', '', ( #3913 ) ) ;
#7321 =( LENGTH_UNIT ( ) NAMED_UNIT ( * ) SI_UNIT ( .MILLI., .METRE. ) );
#7322 = EDGE_CURVE ( 'NONE', #7042, #5691, #3821, .T. ) ;
#7323 = CARTESIAN_POINT ( 'NONE',  ( 0.3736456001241422742, 0.05102894193554238789, 0.5999999999999998668 ) ) ;
#7324 =( GEOMETRIC_REPRESENTATION_CONTEXT ( 3 ) GLOBAL_UNCERTAINTY_ASSIGNED_CONTEXT ( ( #2235 ) ) GLOBAL_UNIT_ASSIGNED_CONTEXT ( ( #3191, #194, #3753 ) ) REPRESENTATION_CONTEXT ( 'NONE', 'WORKASPACE' ) );
#7325 = SPHERICAL_SURFACE ( 'NONE', #3424, 0.02999999999999999889 ) ;
#7326 = PLANE ( 'NONE',  #2759 ) ;
#7327 = CARTESIAN_POINT ( 'NONE',  ( -0.3003893316558140514, -0.05670066604441548197, -0.5999999999999998668 ) ) ;
#7328 = EDGE_CURVE ( 'NONE', #6868, #6621, #4377, .T. ) ;
#7329 =( LENGTH_UNIT ( ) NAMED_UNIT ( * ) SI_UNIT ( .MILLI., .METRE. ) );
#7330 = LINE ( 'NONE', #4038, #5805 ) ;
#7331 =( NAMED_UNIT ( * ) PLANE_ANGLE_UNIT ( ) SI_UNIT ( $, .RADIAN. ) );
#7332 = DIRECTION ( 'NONE',  ( -0.08715574274765836016, 0.0000000000000000000, 0.9961946980917455452 ) ) ;
#7333 =( LENGTH_UNIT ( ) NAMED_UNIT ( * ) SI_UNIT ( .MILLI., .METRE. ) );
#7334 = CARTESIAN_POINT ( 'NONE',  ( -0.1303328184439055681, -0.1210441236601850767, -0.5999999999999999778 ) ) ;
#7335 = CARTESIAN_POINT ( 'NONE',  ( 0.2626839085759011816, 0.01398331781048912231, 0.5989999999999999769 ) ) ;
#7336 = PRESENTATION_STYLE_ASSIGNMENT (( #2212 ) ) ;
#7337 = VECTOR ( 'NONE', #2913, 1000.000000000000114 ) ;
#7338 = COLOUR_RGB ( '',0.5019607843137254832, 0.5019607843137254832, 0.5019607843137254832 ) ;
#7339 = CARTESIAN_POINT ( 'NONE',  ( 0.3964964498487773548, -0.08811729439189239232, -0.5989999999999999769 ) ) ;
#7340 = UNCERTAINTY_MEASURE_WITH_UNIT (LENGTH_MEASURE( 1.000000000000000082E-05 ), #7449, 'distance_accuracy_value', 'NONE');
#7341 = LINE ( 'NONE', #6148, #7547 ) ;
#7342 = VERTEX_POINT ( 'NONE', #1535 ) ;
#7343 = COLOUR_RGB ( '',1.000000000000000000, 1.000000000000000000, 1.000000000000000000 ) ;
#7344 = SURFACE_SIDE_STYLE ('',( #4130 ) ) ;
#7345 = PRESENTATION_LAYER_ASSIGNMENT (  '', '', ( #5495 ) ) ;
#7346 = EDGE_CURVE ( 'NONE', #1457, #72, #794, .T. ) ;
#7347 = AXIS2_PLACEMENT_3D ( 'NONE', #6955, #463, #4572 ) ;
#7348 = VECTOR ( 'NONE', #1988, 1000.000000000000000 ) ;
#7349 = EDGE_CURVE ( 'NONE', #6726, #5764, #2201, .T. ) ;
#7350 = ORIENTED_EDGE ( 'NONE', *, *, #763, .T. ) ;
#7351 = SURFACE_STYLE_FILL_AREA ( #7193 ) ;
#7352 = CARTESIAN_POINT ( 'NONE',  ( -1.297506801884445782, 0.7499027076066754338, -0.5726146722824297930 ) ) ;
#7353 = STYLED_ITEM ( 'NONE', ( #5247 ), #4936 ) ;
#7354 = ORIENTED_EDGE ( 'NONE', *, *, #3235, .F. ) ;
#7355 = ORIENTED_EDGE ( 'NONE', *, *, #1259, .F. ) ;
#7356 = CARTESIAN_POINT ( 'NONE',  ( -1.646612987842787978, -0.2750000000000000222, -0.5499999999999999334 ) ) ;
#7357 = CARTESIAN_POINT ( 'NONE',  ( 0.1652707406935066403, -0.1140414300855948776, -0.5990000000000001990 ) ) ;
#7358 = VECTOR ( 'NONE', #4487, 1000.000000000000000 ) ;
#7359 = SURFACE_STYLE_USAGE ( .BOTH. , #1436 ) ;
#7360 = PRESENTATION_STYLE_ASSIGNMENT (( #3261 ) ) ;
#7361 = COLOUR_RGB ( '',0.2509803921568627416, 0.2509803921568627416, 0.2509803921568627416 ) ;
#7362 = DIRECTION ( 'NONE',  ( -0.0000000000000000000, -0.0000000000000000000, -1.000000000000000000 ) ) ;
#7363 = CARTESIAN_POINT ( 'NONE',  ( 0.3049667527171500137, 0.1581789030946081365, -0.5989999999999998659 ) ) ;
#7364 = PLANE ( 'NONE',  #1169 ) ;
#7365 = CARTESIAN_POINT ( 'NONE',  ( 0.1901411312881873261, 0.1471277711513402364, -0.5989999999999999769 ) ) ;
#7366 = LINE ( 'NONE', #1374, #6296 ) ;
#7367 = ORIENTED_EDGE ( 'NONE', *, *, #3619, .T. ) ;
#7368 = MECHANICAL_DESIGN_GEOMETRIC_PRESENTATION_REPRESENTATION (  '', ( #5010 ), #271 ) ;
#7369 = ADVANCED_FACE ( 'NONE', ( #880 ), #7470, .T. ) ;
#7370 = EDGE_CURVE ( 'NONE', #3999, #7086, #1619, .T. ) ;
#7371 = VECTOR ( 'NONE', #6253, 1000.000000000000000 ) ;
#7372 = CARTESIAN_POINT ( 'NONE',  ( 1.270016866663922439, 0.7475068018844457374, 0.5999999999999999778 ) ) ;
#7373 = FACE_OUTER_BOUND ( 'NONE', #5785, .T. ) ;
#7374 = STYLED_ITEM ( 'NONE', ( #1054 ), #2497 ) ;
#7375 = DIRECTION ( 'NONE',  ( -0.0000000000000000000, -1.000000000000000000, -0.0000000000000000000 ) ) ;
#7376 = DIRECTION ( 'NONE',  ( 0.08682659386424780579, 0.08682659386424779191, 0.9924325091389671893 ) ) ;
#7377 = VERTEX_POINT ( 'NONE', #1752 ) ;
#7378 = ORIENTED_EDGE ( 'NONE', *, *, #7147, .T. ) ;
#7379 = CARTESIAN_POINT ( 'NONE',  ( 0.3651327357979159971, 0.07309742251254086609, -0.5999999999999998668 ) ) ;
#7380 = CARTESIAN_POINT ( 'NONE',  ( 0.1652707406935066403, -0.1140414300855948776, -0.6000000000000003109 ) ) ;
#7381 =( GEOMETRIC_REPRESENTATION_CONTEXT ( 3 ) GLOBAL_UNCERTAINTY_ASSIGNED_CONTEXT ( ( #7442 ) ) GLOBAL_UNIT_ASSIGNED_CONTEXT ( ( #3514, #5295, #1765 ) ) REPRESENTATION_CONTEXT ( 'NONE', 'WORKASPACE' ) );
#7382 = CARTESIAN_POINT ( 'NONE',  ( 0.4404137500883977263, 0.0002692949293695035560, 0.5989999999999999769 ) ) ;
#7383 = FILL_AREA_STYLE_COLOUR ( '', #1717 ) ;
#7384 = CARTESIAN_POINT ( 'NONE',  ( -0.2627896036517640144, -0.08047929577744659946, -0.5989999999999998659 ) ) ;
#7385 = EDGE_LOOP ( 'NONE', ( #4498, #7495, #4858, #5994 ) ) ;
#7386 = MECHANICAL_DESIGN_GEOMETRIC_PRESENTATION_REPRESENTATION (  '', ( #4522 ), #5297 ) ;
#7387 = DIRECTION ( 'NONE',  ( 1.000000000000000000, 0.0000000000000000000, 0.0000000000000000000 ) ) ;
#7388 = FILL_AREA_STYLE ('',( #2649 ) ) ;
#7389 = DIRECTION ( 'NONE',  ( 1.000000000000000000, 1.451124864864728373E-14, -0.0000000000000000000 ) ) ;
#7390 = PRESENTATION_STYLE_ASSIGNMENT (( #4737 ) ) ;
#7391 = ORIENTED_EDGE ( 'NONE', *, *, #5944, .F. ) ;
#7392 = CARTESIAN_POINT ( 'NONE',  ( 0.2455543381212468013, -0.1346297059516680938, 0.5999999999999999778 ) ) ;
#7393 =( NAMED_UNIT ( * ) SI_UNIT ( $, .STERADIAN. ) SOLID_ANGLE_UNIT ( ) );
#7394 = UNCERTAINTY_MEASURE_WITH_UNIT (LENGTH_MEASURE( 1.000000000000000082E-05 ), #1185, 'distance_accuracy_value', 'NONE');
#7395 = DIRECTION ( 'NONE',  ( 0.0000000000000000000, 1.000000000000000000, 0.0000000000000000000 ) ) ;
#7396 = ORIENTED_EDGE ( 'NONE', *, *, #3083, .T. ) ;
#7397 = CARTESIAN_POINT ( 'NONE',  ( -1.350000000000000533, 0.7876483080687596283, 3.684593320556206475E-17 ) ) ;
#7398 = CARTESIAN_POINT ( 'NONE',  ( -0.5211674221024420461, 0.1213339251203026936, -0.5989999999999999769 ) ) ;
#7399 = CARTESIAN_POINT ( 'NONE',  ( -1.270016866663922661, -3.442387614825645024E-16, 0.5699999999999999512 ) ) ;
#7400 = AXIS2_PLACEMENT_3D ( 'NONE', #1840, #1234, #7124 ) ;
#7401 = CARTESIAN_POINT ( 'NONE',  ( 0.005785144632493820216, -0.1852716178472235964, 0.5989999999999999769 ) ) ;
#7402 = EDGE_CURVE ( 'NONE', #2959, #397, #2634, .T. ) ;
#7403 = VECTOR ( 'NONE', #5314, 1000.000000000000000 ) ;
#7404 = CARTESIAN_POINT ( 'NONE',  ( 0.2252973397544450751, -0.1255155202862479891, 0.5989999999999999769 ) ) ;
#7405 = CARTESIAN_POINT ( 'NONE',  ( 0.4545656324373718582, -0.06072893492039429381, 0.5999999999999998668 ) ) ;
#7406 = SURFACE_STYLE_USAGE ( .BOTH. , #4529 ) ;
#7407 = VECTOR ( 'NONE', #1067, 1000.000000000000000 ) ;
#7408 = ADVANCED_FACE ( 'NONE', ( #4579 ), #7044, .T. ) ;
#7409 = DIRECTION ( 'NONE',  ( 1.000000000000000000, 0.0000000000000000000, 0.0000000000000000000 ) ) ;
#7410 = VERTEX_POINT ( 'NONE', #2293 ) ;
#7411 = ORIENTED_EDGE ( 'NONE', *, *, #4416, .T. ) ;
#7412 =( NAMED_UNIT ( * ) PLANE_ANGLE_UNIT ( ) SI_UNIT ( $, .RADIAN. ) );
#7413 = STYLED_ITEM ( 'NONE', ( #7151 ), #5323 ) ;
#7414 = DIRECTION ( 'NONE',  ( -0.0000000000000000000, -0.0000000000000000000, 1.000000000000000000 ) ) ;
#7415 = CARTESIAN_POINT ( 'NONE',  ( 0.04893547423902126770, 0.1460290470715222277, -0.5989999999999999769 ) ) ;
#7416 =( NAMED_UNIT ( * ) PLANE_ANGLE_UNIT ( ) SI_UNIT ( $, .RADIAN. ) );
#7417 = CARTESIAN_POINT ( 'NONE',  ( 1.636651040861870854, 0.2750000000000000222, -0.5408715574274765014 ) ) ;
#7418 = DIRECTION ( 'NONE',  ( 0.0000000000000000000, -1.000000000000000000, 0.0000000000000000000 ) ) ;
#7419 = FILL_AREA_STYLE_COLOUR ( '', #3756 ) ;
#7420 = SURFACE_STYLE_USAGE ( .BOTH. , #5732 ) ;
#7421 = CARTESIAN_POINT ( 'NONE',  ( 0.1560127744530264149, -0.07724167023672535992, -0.5999999999999999778 ) ) ;
#7422 = FILL_AREA_STYLE ('',( #5704 ) ) ;
#7423 = VECTOR ( 'NONE', #4584, 1000.000000000000000 ) ;
#7424 = CARTESIAN_POINT ( 'NONE',  ( 0.3708866937512163564, 0.02329657755932710780, -0.5999999999999999778 ) ) ;
#7425 = PLANE ( 'NONE',  #4612 ) ;
#7426 = EDGE_CURVE ( 'NONE', #3580, #2413, #6898, .T. ) ;
#7427 =( GEOMETRIC_REPRESENTATION_CONTEXT ( 3 ) GLOBAL_UNCERTAINTY_ASSIGNED_CONTEXT ( ( #5780 ) ) GLOBAL_UNIT_ASSIGNED_CONTEXT ( ( #4625, #2876, #7587 ) ) REPRESENTATION_CONTEXT ( 'NONE', 'WORKASPACE' ) );
#7428 = SURFACE_SIDE_STYLE ('',( #878 ) ) ;
#7429 = CARTESIAN_POINT ( 'NONE',  ( -0.3312476239674832512, 0.01828986021545579710, -0.5989999999999998659 ) ) ;
#7430 = SURFACE_SIDE_STYLE ('',( #1473 ) ) ;
#7431 = EDGE_CURVE ( 'NONE', #363, #6715, #6529, .T. ) ;
#7432 = DIRECTION ( 'NONE',  ( 1.000000000000000000, 0.0000000000000000000, 0.0000000000000000000 ) ) ;
#7433 = CARTESIAN_POINT ( 'NONE',  ( 0.2262200956611387648, -0.1246552591024330248, -0.5999999999999998668 ) ) ;
#7434 = LINE ( 'NONE', #120, #1532 ) ;
#7435 = COLOUR_RGB ( '',1.000000000000000000, 1.000000000000000000, 1.000000000000000000 ) ;
#7436 = ORIENTED_EDGE ( 'NONE', *, *, #7349, .T. ) ;
#7437 = CARTESIAN_POINT ( 'NONE',  ( -0.4764075135658568105, -0.003970952928477775382, -0.5989999999999999769 ) ) ;
#7438 = CARTESIAN_POINT ( 'NONE',  ( -1.429594623791681229, 0.2750000000000000222, 4.864353580123063085E-17 ) ) ;
#7439 = SURFACE_STYLE_FILL_AREA ( #959 ) ;
#7440 =( LENGTH_UNIT ( ) NAMED_UNIT ( * ) SI_UNIT ( .MILLI., .METRE. ) );
#7441 =( NAMED_UNIT ( * ) PLANE_ANGLE_UNIT ( ) SI_UNIT ( $, .RADIAN. ) );
#7442 = UNCERTAINTY_MEASURE_WITH_UNIT (LENGTH_MEASURE( 1.000000000000000082E-05 ), #3514, 'distance_accuracy_value', 'NONE');
#7443 = STYLED_ITEM ( 'NONE', ( #941 ), #3104 ) ;
#7444 = PRESENTATION_STYLE_ASSIGNMENT (( #395 ) ) ;
#7445 = VERTEX_POINT ( 'NONE', #555 ) ;
#7446 = LINE ( 'NONE', #1446, #5168 ) ;
#7447 = COLOUR_RGB ( '',0.2509803921568627416, 0.2509803921568627416, 0.2509803921568627416 ) ;
#7448 = CARTESIAN_POINT ( 'NONE',  ( 0.3906082371876148929, -0.02378635000347199824, 0.5989999999999999769 ) ) ;
#7449 =( LENGTH_UNIT ( ) NAMED_UNIT ( * ) SI_UNIT ( .MILLI., .METRE. ) );
#7450 = CARTESIAN_POINT ( 'NONE',  ( -0.2904712950034497032, 0.1637223146426217413, -0.5989999999999999769 ) ) ;
#7451 = FILL_AREA_STYLE ('',( #5539 ) ) ;
#7452 = ORIENTED_EDGE ( 'NONE', *, *, #6496, .T. ) ;
#7453 = SURFACE_SIDE_STYLE ('',( #4431 ) ) ;
#7454 = ADVANCED_FACE ( 'NONE', ( #5341 ), #1895, .T. ) ;
#7455 = CARTESIAN_POINT ( 'NONE',  ( 0.2557796608237884461, -0.1382769979811308003, 0.5989999999999999769 ) ) ;
#7456 = CARTESIAN_POINT ( 'NONE',  ( -0.2627896036517640144, -0.08047929577744659946, -0.5989999999999998659 ) ) ;
#7457 = MECHANICAL_DESIGN_GEOMETRIC_PRESENTATION_REPRESENTATION (  '', ( #4192 ), #5260 ) ;
#7458 = VERTEX_POINT ( 'NONE', #3503 ) ;
#7459 = PLANE ( 'NONE',  #7101 ) ;
#7460 = CARTESIAN_POINT ( 'NONE',  ( 1.588985775486360774, 0.2750000000000000222, 0.003944918839624813635 ) ) ;
#7461 = ORIENTED_EDGE ( 'NONE', *, *, #3265, .F. ) ;
#7462 = FILL_AREA_STYLE ('',( #4493 ) ) ;
#7463 = CARTESIAN_POINT ( 'NONE',  ( -0.5071620867365884688, 0.1789558763398149122, -0.5999999999999999778 ) ) ;
#7464 = STYLED_ITEM ( 'NONE', ( #5156 ), #4914 ) ;
#7465 = FACE_OUTER_BOUND ( 'NONE', #7170, .T. ) ;
#7466 = FACE_OUTER_BOUND ( 'NONE', #5098, .T. ) ;
#7467 = CARTESIAN_POINT ( 'NONE',  ( 1.270016866663922661, 0.7200168666639229498, -0.5699999999999999512 ) ) ;
#7468 = EDGE_LOOP ( 'NONE', ( #6495, #4290, #7350, #6833 ) ) ;
#7469 = CYLINDRICAL_SURFACE ( 'NONE', #1089, 0.03000000000000002665 ) ;
#7470 = PLANE ( 'NONE',  #6187 ) ;
#7471 = CARTESIAN_POINT ( 'NONE',  ( 0.3143829055214955037, -0.04283609918241855496, -0.5999999999999998668 ) ) ;
#7472 =( LENGTH_UNIT ( ) NAMED_UNIT ( * ) SI_UNIT ( .MILLI., .METRE. ) );
#7473 = PLANE ( 'NONE',  #3765 ) ;
#7474 = DIRECTION ( 'NONE',  ( 1.000000000000000000, 0.0000000000000000000, -0.0000000000000000000 ) ) ;
#7475 = FILL_AREA_STYLE ('',( #2773 ) ) ;
#7476 = ORIENTED_EDGE ( 'NONE', *, *, #2327, .T. ) ;
#7477 =( GEOMETRIC_REPRESENTATION_CONTEXT ( 3 ) GLOBAL_UNCERTAINTY_ASSIGNED_CONTEXT ( ( #7109 ) ) GLOBAL_UNIT_ASSIGNED_CONTEXT ( ( #6334, #5749, #6305 ) ) REPRESENTATION_CONTEXT ( 'NONE', 'WORKASPACE' ) );
#7478 =( NAMED_UNIT ( * ) SI_UNIT ( $, .STERADIAN. ) SOLID_ANGLE_UNIT ( ) );
#7479 = EDGE_CURVE ( 'NONE', #3566, #1206, #4669, .T. ) ;
#7480 = DIRECTION ( 'NONE',  ( 1.000000000000000000, 0.0000000000000000000, 0.0000000000000000000 ) ) ;
#7481 = DIRECTION ( 'NONE',  ( 0.0000000000000000000, 0.9961946980917455452, 0.08715574274765837404 ) ) ;
#7482 = CARTESIAN_POINT ( 'NONE',  ( -0.2767096547888477365, 0.1692558220061700924, -0.5990000000000003100 ) ) ;
#7483 = LINE ( 'NONE', #2056, #394 ) ;
#7484 = VERTEX_POINT ( 'NONE', #7064 ) ;
#7485 = PLANE ( 'NONE',  #7486 ) ;
#7486 = AXIS2_PLACEMENT_3D ( 'NONE', #3923, #7512, #3409 ) ;
#7487 = CARTESIAN_POINT ( 'NONE',  ( 0.1794302961419011744, 0.1797143776591307585, -0.5999999999999999778 ) ) ;
#7488 =( NAMED_UNIT ( * ) SI_UNIT ( $, .STERADIAN. ) SOLID_ANGLE_UNIT ( ) );
#7489 = PRESENTATION_LAYER_ASSIGNMENT (  '', '', ( #4218 ) ) ;
#7490 = EDGE_LOOP ( 'NONE', ( #382, #5439, #3419, #3628 ) ) ;
#7491 = COLOUR_RGB ( '',1.000000000000000000, 1.000000000000000000, 1.000000000000000000 ) ;
#7492 = UNCERTAINTY_MEASURE_WITH_UNIT (LENGTH_MEASURE( 1.000000000000000082E-05 ), #6897, 'distance_accuracy_value', 'NONE');
#7493 =( LENGTH_UNIT ( ) NAMED_UNIT ( * ) SI_UNIT ( .MILLI., .METRE. ) );
#7494 = LINE ( 'NONE', #2015, #2168 ) ;
#7495 = ORIENTED_EDGE ( 'NONE', *, *, #3032, .F. ) ;
#7496 = CARTESIAN_POINT ( 'NONE',  ( -0.1705767208829299386, 0.1460290470715222277, -0.5989999999999999769 ) ) ;
#7497 = DIRECTION ( 'NONE',  ( 0.0000000000000000000, -1.000000000000000000, 0.0000000000000000000 ) ) ;
#7498 = ORIENTED_EDGE ( 'NONE', *, *, #1259, .T. ) ;
#7499 = CARTESIAN_POINT ( 'NONE',  ( -0.2610540259877699443, -0.1154585945495556210, -0.5989999999999999769 ) ) ;
#7500 = CARTESIAN_POINT ( 'NONE',  ( 0.2764526419561812998, -0.1434662312280615415, 0.6000000000000000888 ) ) ;
#7501 = CARTESIAN_POINT ( 'NONE',  ( 0.3670271152196751818, -0.0009629522673732866973, 0.6000000000000000888 ) ) ;
#7502 = COLOUR_RGB ( '',0.5019607843137254832, 0.5019607843137254832, 0.5019607843137254832 ) ;
#7503 = FILL_AREA_STYLE ('',( #2321 ) ) ;
#7504 = ORIENTED_EDGE ( 'NONE', *, *, #6951, .T. ) ;
#7505 = VECTOR ( 'NONE', #1084, 1000.000000000000227 ) ;
#7506 = ORIENTED_EDGE ( 'NONE', *, *, #6694, .T. ) ;
#7507 = CARTESIAN_POINT ( 'NONE',  ( -0.5226009899721393293, 0.1256570189496610812, -0.5989999999999999769 ) ) ;
#7508 = SURFACE_SIDE_STYLE ('',( #256 ) ) ;
#7509 = MECHANICAL_DESIGN_GEOMETRIC_PRESENTATION_REPRESENTATION (  '', ( #5705 ), #1194 ) ;
#7510 = EDGE_CURVE ( 'NONE', #6307, #6801, #6054, .T. ) ;
#7511 =( GEOMETRIC_REPRESENTATION_CONTEXT ( 3 ) GLOBAL_UNCERTAINTY_ASSIGNED_CONTEXT ( ( #7200 ) ) GLOBAL_UNIT_ASSIGNED_CONTEXT ( ( #1059, #1165, #5222 ) ) REPRESENTATION_CONTEXT ( 'NONE', 'WORKASPACE' ) );
#7512 = DIRECTION ( 'NONE',  ( -0.9972439947106711555, 0.07419174491480179379, 0.0000000000000000000 ) ) ;
#7513 = EDGE_CURVE ( 'NONE', #862, #4877, #5892, .T. ) ;
#7514 = DIRECTION ( 'NONE',  ( -0.0000000000000000000, -1.000000000000000000, -0.0000000000000000000 ) ) ;
#7515 = PLANE ( 'NONE',  #4855 ) ;
#7516 =( GEOMETRIC_REPRESENTATION_CONTEXT ( 3 ) GLOBAL_UNCERTAINTY_ASSIGNED_CONTEXT ( ( #6841 ) ) GLOBAL_UNIT_ASSIGNED_CONTEXT ( ( #6788, #2716, #408 ) ) REPRESENTATION_CONTEXT ( 'NONE', 'WORKASPACE' ) );
#7517 = LINE ( 'NONE', #3657, #1987 ) ;
#7518 = B_SPLINE_CURVE_WITH_KNOTS ( 'NONE', 3,
 ( #6813, #933, #407, #1510, #3945, #3297, #905, #954, #7421, #3891, #379 ),
 .UNSPECIFIED., .F., .F.,
 ( 4, 1, 1, 1, 1, 1, 1, 1, 4 ),
 ( 0.0000000000000000000, 0.1352946047634291660, 0.2667656579247484339, 0.3948160188358724176, 0.5200516544342456138, 0.6421757029708218267, 0.7626518205584231769, 0.8818340043805016348, 1.000000000000000000 ),
 .UNSPECIFIED. ) ;
#7519 = CARTESIAN_POINT ( 'NONE',  ( 0.0000000000000000000, 0.0000000000000000000, 0.5999999999999999778 ) ) ;
#7520 = VERTEX_POINT ( 'NONE', #7582 ) ;
#7521 = FILL_AREA_STYLE ('',( #6911 ) ) ;
#7522 =( LENGTH_UNIT ( ) NAMED_UNIT ( * ) SI_UNIT ( .MILLI., .METRE. ) );
#7523 = VERTEX_POINT ( 'NONE', #9 ) ;
#7524 = CARTESIAN_POINT ( 'NONE',  ( 0.3686664405238391784, -0.1291497270025513677, 0.5999999999999999778 ) ) ;
#7525 = STYLED_ITEM ( 'NONE', ( #651 ), #5916 ) ;
#7526 = VERTEX_POINT ( 'NONE', #529 ) ;
#7527 = CARTESIAN_POINT ( 'NONE',  ( 0.2301753885349328566, 0.01137472361619105976, 0.5999999999999999778 ) ) ;
#7528 = CARTESIAN_POINT ( 'NONE',  ( 0.3235491209038997562, -0.02265379510335819094, -0.5999999999999999778 ) ) ;
#7529 = CARTESIAN_POINT ( 'NONE',  ( 0.3112496600616577735, -0.1461635494698473314, 0.5989999999999997549 ) ) ;
#7530 = MECHANICAL_DESIGN_GEOMETRIC_PRESENTATION_REPRESENTATION (  '', ( #6364 ), #275 ) ;
#7531 = SURFACE_STYLE_FILL_AREA ( #7475 ) ;
#7532 = CARTESIAN_POINT ( 'NONE',  ( -0.2453606186679326562, -0.1186430880863783704, -0.5989999999999999769 ) ) ;
#7533 = LINE ( 'NONE', #962, #1894 ) ;
#7534 = SURFACE_STYLE_FILL_AREA ( #2308 ) ;
#7535 = CARTESIAN_POINT ( 'NONE',  ( 0.2983156324373719137, 0.01472838215277644941, 0.5989999999999999769 ) ) ;
#7536 = SURFACE_SIDE_STYLE ('',( #3588 ) ) ;
#7537 = COLOUR_RGB ( '',1.000000000000000000, 1.000000000000000000, 1.000000000000000000 ) ;
#7538 = ORIENTED_EDGE ( 'NONE', *, *, #1445, .T. ) ;
#7539 = PRESENTATION_STYLE_ASSIGNMENT (( #7359 ) ) ;
#7540 = COLOUR_RGB ( '',0.2509803921568627416, 0.2509803921568627416, 0.2509803921568627416 ) ;
#7541 = CARTESIAN_POINT ( 'NONE',  ( -0.3546398794323914472, -0.04374320390874106984, -0.5989999999999999769 ) ) ;
#7542 =( NAMED_UNIT ( * ) SI_UNIT ( $, .STERADIAN. ) SOLID_ANGLE_UNIT ( ) );
#7543 = CARTESIAN_POINT ( 'NONE',  ( 0.3973673324704473098, -0.03838878860943743115, 0.5989999999999998659 ) ) ;
#7544 = CARTESIAN_POINT ( 'NONE',  ( -0.3315523306390275038, 0.03187127268127831065, -0.5989999999999999769 ) ) ;
#7545 =( GEOMETRIC_REPRESENTATION_CONTEXT ( 3 ) GLOBAL_UNCERTAINTY_ASSIGNED_CONTEXT ( ( #6696 ) ) GLOBAL_UNIT_ASSIGNED_CONTEXT ( ( #4893, #5069, #3656 ) ) REPRESENTATION_CONTEXT ( 'NONE', 'WORKASPACE' ) );
#7546 = CARTESIAN_POINT ( 'NONE',  ( -0.5474059891756128948, 0.1789558763398149122, -0.5989999999999999769 ) ) ;
#7547 = VECTOR ( 'NONE', #4547, 1000.000000000000000 ) ;
#7548 = ORIENTED_EDGE ( 'NONE', *, *, #60, .T. ) ;
#7549 = VECTOR ( 'NONE', #5151, 1000.000000000000000 ) ;
#7550 = PRESENTATION_STYLE_ASSIGNMENT (( #593 ) ) ;
#7551 = SURFACE_STYLE_FILL_AREA ( #5002 ) ;
#7552 =( NAMED_UNIT ( * ) PLANE_ANGLE_UNIT ( ) SI_UNIT ( $, .RADIAN. ) );
#7553 = LINE ( 'NONE', #2871, #6283 ) ;
#7554 = CARTESIAN_POINT ( 'NONE',  ( -1.850000000000000089, -0.2750000000000000222, -0.6999999999999999556 ) ) ;
#7555 = EDGE_LOOP ( 'NONE', ( #2076, #5788, #4134, #2552, #4970, #1307, #1755, #2707 ) ) ;
#7556 = MECHANICAL_DESIGN_GEOMETRIC_PRESENTATION_REPRESENTATION (  '', ( #456 ), #1507 ) ;
#7557 = ORIENTED_EDGE ( 'NONE', *, *, #4074, .F. ) ;
#7558 = CARTESIAN_POINT ( 'NONE',  ( -0.05716208673658842998, 0.01432172999835149528, -0.5989999999999999769 ) ) ;
#7559 = ORIENTED_EDGE ( 'NONE', *, *, #1256, .T. ) ;
#7560 = EDGE_CURVE ( 'NONE', #4187, #3990, #3466, .T. ) ;
#7561 = FACE_OUTER_BOUND ( 'NONE', #3122, .T. ) ;
#7562 = PLANE ( 'NONE',  #1311 ) ;
#7563 = CARTESIAN_POINT ( 'NONE',  ( -0.3315523306390275038, 0.03187127268127831065, -0.5999999999999999778 ) ) ;
#7564 = ORIENTED_EDGE ( 'NONE', *, *, #839, .F. ) ;
#7565 = CARTESIAN_POINT ( 'NONE',  ( 0.2237326383055451839, 0.1824883454211447542, -0.5999999999999998668 ) ) ;
#7566 = FILL_AREA_STYLE ('',( #5909 ) ) ;
#7567 = CARTESIAN_POINT ( 'NONE',  ( 0.3317762079611288328, 0.01200789825754761120, 0.5999999999999999778 ) ) ;
#7568 = CARTESIAN_POINT ( 'NONE',  ( -0.3195289176306165824, -0.02930029517402816391, -0.5989999999999997549 ) ) ;
#7569 = SURFACE_STYLE_FILL_AREA ( #371 ) ;
#7570 = SURFACE_STYLE_FILL_AREA ( #161 ) ;
#7571 = B_SPLINE_CURVE_WITH_KNOTS ( 'NONE', 3,
 ( #4112, #3025, #5367, #5915, #3608, #6544, #1739, #24, #2420, #5891, #4683, #5327, #1810, #94, #5346, #7122, #5957, #2352, #3547 ),
 .UNSPECIFIED., .F., .F.,
 ( 4, 1, 1, 1, 1, 1, 1, 1, 1, 1, 1, 1, 1, 1, 1, 1, 4 ),
 ( 0.0000000000000000000, 0.07377411937406347375, 0.1440791147260412630, 0.2113485183089114094, 0.2760768857398837040, 0.3385209158196765267, 0.3998851166931335355, 0.4602540674652130792, 0.5205889643912476883, 0.5802076845630441682, 0.6386329085525458416, 0.6963645494905238431, 0.7540017746600127246, 0.8128056813744978237, 0.8727544255255602623, 0.9351819969782669828, 1.000000000000000000 ),
 .UNSPECIFIED. ) ;
#7572 =( NAMED_UNIT ( * ) PLANE_ANGLE_UNIT ( ) SI_UNIT ( $, .RADIAN. ) );
#7573 = AXIS2_PLACEMENT_3D ( 'NONE', #3669, #1331, #7228 ) ;
#7574 = PLANE ( 'NONE',  #378 ) ;
#7575 = FILL_AREA_STYLE_COLOUR ( '', #6008 ) ;
#7576 = VERTEX_POINT ( 'NONE', #4042 ) ;
#7577 = ORIENTED_EDGE ( 'NONE', *, *, #4454, .T. ) ;
#7578 = PRESENTATION_STYLE_ASSIGNMENT (( #1715 ) ) ;
#7579 = PRESENTATION_LAYER_ASSIGNMENT (  '', '', ( #5057 ) ) ;
#7580 = CARTESIAN_POINT ( 'NONE',  ( 0.4009070958520060679, -0.06400637394478454756, 0.5999999999999999778 ) ) ;
#7581 = CIRCLE ( 'NONE', #3534, 0.03000000000000007869 ) ;
#7582 = CARTESIAN_POINT ( 'NONE',  ( -1.850000000000000089, 0.2750000000000000222, -0.5500000000000000444 ) ) ;
#7583 =( NAMED_UNIT ( * ) PLANE_ANGLE_UNIT ( ) SI_UNIT ( $, .RADIAN. ) );
#7584 = CARTESIAN_POINT ( 'NONE',  ( 0.4007480660274107542, -0.05506680140724379280, 0.5999999999999999778 ) ) ;
#7585 = FILL_AREA_STYLE_COLOUR ( '', #5017 ) ;
#7586 = EDGE_CURVE ( 'NONE', #4787, #5772, #2730, .T. ) ;
#7587 =( NAMED_UNIT ( * ) SI_UNIT ( $, .STERADIAN. ) SOLID_ANGLE_UNIT ( ) );
#7588 = STYLED_ITEM ( 'NONE', ( #4957 ), #1365 ) ;
#7589 = SURFACE_STYLE_USAGE ( .BOTH. , #1039 ) ;
#7590 = LINE ( 'NONE', #1474, #2699 ) ;
#7591 = CARTESIAN_POINT ( 'NONE',  ( -0.2610540259877699443, -0.1154585945495556210, -0.5999999999999999778 ) ) ;
#7592 = CARTESIAN_POINT ( 'NONE',  ( -0.6644791599073202049, -0.1210441236601850767, -0.5989999999999999769 ) ) ;
#7593 = EDGE_CURVE ( 'NONE', #2641, #4834, #4490, .T. ) ;
#7595 = ORIENTED_EDGE ( 'NONE', *, *, #2881, .F. ) ;
#7594 = FILL_AREA_STYLE_COLOUR ( '', #5430 ) ;
#7596 =( NAMED_UNIT ( * ) SI_UNIT ( $, .STERADIAN. ) SOLID_ANGLE_UNIT ( ) );
#7597 = UNCERTAINTY_MEASURE_WITH_UNIT (LENGTH_MEASURE( 1.000000000000000082E-05 ), #7609, 'distance_accuracy_value', 'NONE');
#7598 = SURFACE_SIDE_STYLE ('',( #7269 ) ) ;
#7599 =( NAMED_UNIT ( * ) SI_UNIT ( $, .STERADIAN. ) SOLID_ANGLE_UNIT ( ) );
#7600 = ORIENTED_EDGE ( 'NONE', *, *, #2471, .T. ) ;
#7601 = VERTEX_POINT ( 'NONE', #766 ) ;
#7602 = SURFACE_SIDE_STYLE ('',( #7074 ) ) ;
#7603 = CARTESIAN_POINT ( 'NONE',  ( -1.646612987842787978, 0.2750000000000000222, -0.5499999999999999334 ) ) ;
#7604 = CARTESIAN_POINT ( 'NONE',  ( 0.3909754078441628478, -0.1048528277862409847, 0.5999999999999997558 ) ) ;
#7605 = VERTEX_POINT ( 'NONE', #2494 ) ;
#7606 = ORIENTED_EDGE ( 'NONE', *, *, #2881, .T. ) ;
#7607 = CARTESIAN_POINT ( 'NONE',  ( 0.3943638665233359930, -0.03086052188129574658, 0.5999999999999998668 ) ) ;
#7608 = CARTESIAN_POINT ( 'NONE',  ( -0.6644791599073202049, -0.1210441236601850767, -0.5989999999999999769 ) ) ;
#7609 =( LENGTH_UNIT ( ) NAMED_UNIT ( * ) SI_UNIT ( .MILLI., .METRE. ) );
#7610 = DIRECTION ( 'NONE',  ( 0.08682659386424776415, 0.08682659386424777803, -0.9924325091389669673 ) ) ;
#7611 =( LENGTH_UNIT ( ) NAMED_UNIT ( * ) SI_UNIT ( .MILLI., .METRE. ) );
#7612 =( GEOMETRIC_REPRESENTATION_CONTEXT ( 3 ) GLOBAL_UNCERTAINTY_ASSIGNED_CONTEXT ( ( #1588 ) ) GLOBAL_UNIT_ASSIGNED_CONTEXT ( ( #2359, #2946, #3713 ) ) REPRESENTATION_CONTEXT ( 'NONE', 'WORKASPACE' ) );
#7613 = EDGE_CURVE ( 'NONE', #1944, #5491, #334, .T. ) ;
#7614 =( GEOMETRIC_REPRESENTATION_CONTEXT ( 3 ) GLOBAL_UNCERTAINTY_ASSIGNED_CONTEXT ( ( #1723 ) ) GLOBAL_UNIT_ASSIGNED_CONTEXT ( ( #2797, #3368, #425 ) ) REPRESENTATION_CONTEXT ( 'NONE', 'WORKASPACE' ) );
#7615 = CARTESIAN_POINT ( 'NONE',  ( -0.2119067513707348360, -0.1210441236601850767, -0.5999999999999999778 ) ) ;
#7616 = EDGE_CURVE ( 'NONE', #1878, #3539, #621, .T. ) ;
#7617 = CARTESIAN_POINT ( 'NONE',  ( 0.3022815452250991464, 0.01468114545719977765, 0.5989999999999999769 ) ) ;
#7618 = STYLED_ITEM ( 'NONE', ( #3480 ), #4874 ) ;
#7619 =( LENGTH_UNIT ( ) NAMED_UNIT ( * ) SI_UNIT ( .MILLI., .METRE. ) );
#7620 = VECTOR ( 'NONE', #1358, 1000.000000000000000 ) ;
#7621 = CARTESIAN_POINT ( 'NONE',  ( 0.2416545215076107422, 0.1477458219277014151, -0.5989999999999999769 ) ) ;
#7622 = CARTESIAN_POINT ( 'NONE',  ( -1.049872501134293756, -0.7200168666639227277, 0.5999999999999999778 ) ) ;
#7623 = CARTESIAN_POINT ( 'NONE',  ( 0.3994458690126219125, -0.08161333935587954114, 0.5999999999999998668 ) ) ;
#7624 = EDGE_CURVE ( 'NONE', #2501, #2641, #4355, .T. ) ;
#7625 = AXIS2_PLACEMENT_3D ( 'NONE', #3827, #4449, #401 ) ;
#7626 = CARTESIAN_POINT ( 'NONE',  ( 0.4080313628011490446, 0.03484191967347366470, 0.5999999999999998668 ) ) ;
#7627 = FACE_OUTER_BOUND ( 'NONE', #6573, .T. ) ;
#7628 = PRESENTATION_STYLE_ASSIGNMENT (( #1172 ) ) ;
#7629 = ORIENTED_EDGE ( 'NONE', *, *, #306, .F. ) ;
#7630 = PRESENTATION_STYLE_ASSIGNMENT (( #7420 ) ) ;
#7631 = CARTESIAN_POINT ( 'NONE',  ( -1.487221836148109100, 0.2750000000000000222, -0.5539449188396247115 ) ) ;
#7632 = PRESENTATION_LAYER_ASSIGNMENT (  '', '', ( #4308 ) ) ;
#7633 = CARTESIAN_POINT ( 'NONE',  ( 0.2983156324373719137, 0.01472838215277644941, 0.5989999999999999769 ) ) ;
#7634 = UNCERTAINTY_MEASURE_WITH_UNIT (LENGTH_MEASURE( 1.000000000000000082E-05 ), #4301, 'distance_accuracy_value', 'NONE');
#7635 = PRESENTATION_STYLE_ASSIGNMENT (( #6916 ) ) ;
#7636 = CARTESIAN_POINT ( 'NONE',  ( -0.05716208673658842998, 0.01432172999835149528, -0.5999999999999999778 ) ) ;
#7637 = ORIENTED_EDGE ( 'NONE', *, *, #6579, .T. ) ;
#7638 = COLOUR_RGB ( '',1.000000000000000000, 1.000000000000000000, 1.000000000000000000 ) ;
#7639 = CARTESIAN_POINT ( 'NONE',  ( -0.3312476239674832512, 0.01828986021545579710, -0.5989999999999998659 ) ) ;
#7640 = AXIS2_PLACEMENT_3D ( 'NONE', #1224, #7070, #4761 ) ;
#7641 = STYLED_ITEM ( 'NONE', ( #3115 ), #4385 ) ;
#7642 = CARTESIAN_POINT ( 'NONE',  ( -0.3714375762381471602, 0.01595550255402538448, -0.5999999999999998668 ) ) ;
ENDSEC;
END-ISO-10303-21;
